a	আ
aaa	ট্রিপলে
aaliyah	আলিয়া
aaron	এরন
ab	অ্যাব
aba	এবিএ
abandon	আব্যান্ডন
abandoned	আব্যান্ডন্ড
abatement	অবেটমন্ট
abba	অ্যাবা
abbey	অ্যাবি
abbott	অ্যাবট
abbreviation	অব্রিভিয়েশন
abbreviations	অব্রিভিয়েশনজ
abby	অ্যাবি
abc	এবিসি
abdominal	অ্যাবডমিনাল
abdul	অ্যাবডিউল
abe	এব
aberdeen	অ্যাবারডিন
abide	আবাইড
abigail	অ্যাবিগেল
abilities	আবিলিটিজ
ability	আবিলিটি
able	এবল
abnormal	অ্যাবনর্মাল
abnormalities	অ্যাবনর্ম্যালিটিজ
aboard	আবর্ড
aboriginal	অ্যাবারিজনাল
abortion	আবর্শন
above	আবাভ
abraham	এব্রাহ্যাম
abroad	আব্রড
abs	এবিএস
absence	অ্যাবসেনস
absent	অ্যাবসেন্ট
absolute	অ্যাবসলুট
absolutely	অ্যাবসলুটলি
absorb	আবজর্ব
absorbed	আবজর্বড
absorbing	আবজর্বিং
absorption	আবজর্পশন
abstract	অ্যাবস্ট্রাক্ট
abstraction	অ্যাবস্ট্রাকশন
abstracts	অ্যাবস্ট্রাক্টস
absurd	আবসার্ড
abt	অ্যাবট
abu	অ্যাবু
abundance	আবান্ডানস
abundant	আবান্ডান্ট
abuse	আবিউস
abused	আবিউজড
abuses	অবিউসিজ
abusive	আবিউসিভ
ac	এসি
aca	অ্যাকা
academia	অ্যাকডিমিয়া
academic	অ্যাকাডেমিক
academics	অ্যাকাডেমিক্স
academies	আক্যাডেমিজ
academy	আক্যাডেমি
acapulco	অ্যাকাপুলকো
acc	আইসিসি
accelerate	অ্যাক্সেলারেট
accelerated	অ্যাক্সেলারেটিড
acceleration	অ্যাক্সেলারেশন
accelerator	অ্যাক্সেলারেটার
accent	আক্সেন্ট
accents	অ্যাক্সেন্টস
accept	অ্যাক্সেপ্ট
acceptable	অ্যাক্সেপ্টবল
acceptance	অ্যাক্সেপ্টানস
accepted	অ্যাক্সেপ্টিড
accepting	অ্যাক্সেপ্টিং
accepts	অ্যাক্সেপ্টস
access	অ্যাক্সেস
accessed	অ্যাক্সেস্ট
accessibility	অ্যাক্সেসিবিলিটি
accessible	অ্যাক্সেসবল
accessing	অ্যাক্সেসিং
accession	আক্সেশন
accessories	অ্যাক্সেসারিজ
accessory	অ্যাক্সেসারি
accident	অ্যাক্সিডেন্ট
accidental	অ্যাক্সিডেন্টাল
accidentally	অ্যাক্সিডেন্টালি
accidents	অ্যাক্সিডেন্টস
acclaim	আকলেম
acclaimed	আকলেমড
accolades	অ্যাকলেডজ
accommodate	আকমডেট
accommodation	আকমডেশন
accommodations	আকমডেশনজ
accompanied	আকাম্পানিড
accompany	আকাম্পানি
accompanying	আকাম্পানিইং
accomplish	আকম্প্লিশ
accomplished	আকম্প্লিশট
accomplishment	আকম্প্লিশমেন্ট
accomplishments	আকম্প্লিশমেন্টস
accord	আকর্ড
accordance	আকর্ডানস
according	আকর্ডিং
accordingly	আকর্ডিংলি
accountability	আকাউন্টাবিলিটি
accountable	অকাউন্টবল
accountancy	আকাউন্টানসি
accountant	আকাউন্টান্ট
accountants	আকাউন্টান্টস
accounted	অকাউন্টিড
accounting	আকাউন্টিং
accounts	আকাউন্টস
accreditation	আক্রেডিটেশন
accredited	অক্রেডিটিড
accrued	আক্রুড
accumulate	আকিউমিয়লেট
accumulated	অকিউমিয়লেটিড
accumulation	আকিউমিয়লেশন
accuracy	অ্যাকিয়ারাসি
accurate	অ্যাকিয়ারাট
accurately	অ্যাকিয়ারটলি
accused	আকিউজড
accustomed	আকাস্টমড
ace	এস
acer	এসার
aces	এসিজ
acetate	অ্যাসেটেট
achieve	আচিভ
achieved	আচিভড
achievement	অচিভমন্ট
achievements	অচিভমন্টস
achieves	আচিভজ
achieving	আচিভিং
acid	অ্যাসিড
acids	অ্যাসিডজ
ack	অ্যাক
acknowledge	অ্যাকনলেজ
acknowledged	অ্যাকনলেজড
acknowledgement	অ্যাকনোলিজমন্ট
acknowledgements	অ্যাকনোলিজমন্টস
acknowledges	অ্যাকনোলিজিজ
acknowledgments	অ্যাকনলেজমেন্টস
acm	এসিএম
acme	অ্যাকমি
acne	অ্যাকনি
acorn	একর্ন
acoustic	আকুস্টিক
acoustics	আকুস্টিক্স
acquire	অকোয়াইআর
acquired	অকোয়াইআর্ড
acquires	অকোয়াইআর্জ
acquiring	আকোয়াইরিং
acquisition	অ্যাকোয়জিশন
acquisitions	অ্যাকোয়জিশনজ
acre	একার
acreage	একারিজ
acres	একার্জ
acrobat	অ্যাক্রব্যাট
acronym	অ্যাক্রনিম
acronyms	অ্যাক্রনিমজ
across	আক্রস
acrylic	আক্রিলিক
act	অ্যাক্ট
acta	অ্যাক্টা
acted	অ্যাক্টিড
acting	অ্যাক্টিং
action	অ্যাকশন
actions	অ্যাকশনজ
activate	অ্যাক্টিভেট
activated	অ্যাক্টভেটিড
activation	অ্যাক্টিভেশন
active	অ্যাক্টিভ
actively	অ্যাক্টিভলি
activism	অ্যাক্টিভিজম
activist	অ্যাক্টিভিস্ট
activists	অ্যাক্টিভিস্টস
activities	অ্যাক্টিভিটিজ
activity	অ্যাক্টিভিটি
actor	অ্যাক্টার
actors	অ্যাক্টার্জ
actress	অ্যাক্ট্রেস
actresses	অ্যাক্ট্রসিজ
acts	অ্যাক্টস
actual	অ্যাকচওয়ল
actuarial	অ্যাকচুএরিয়াল
acupuncture	অ্যাকিউপংকচার
acura	অ্যাকিয়ারা
acute	আকিউট
ad	অ্যাড
ada	এডা
adam	অ্যাডাম
adams	অ্যাডামজ
adapt	আড্যাপ্ট
adaptation	অ্যাডাপ্টেশন
adaptec	আড্যাপ্টেক
adapted	অড্যাপ্টিড
adapter	আড্যাপ্টার
adapters	আড্যাপ্টার্জ
adaptive	আড্যাপ্টিভ
adaptor	আড্যাপ্টার
adaptors	আড্যাপ্টার্জ
add	অ্যাড
added	অ্যাডড
addendum	আডেন্ডাম
addict	আডিক্ট
addicted	অডিক্টিড
addiction	আডিকশন
addictive	আডিক্টিভ
adding	অ্যাডিং
addison	অ্যাডিসন
addition	আডিশন
additional	আডিশনাল
additionally	আডিশনলি
additions	আডিশনজ
additive	অ্যাডিটিভ
additives	অ্যাডিটিভজ
address	অ্যাড্রেস
addressed	আড্রেস্ট
addresses	অ্যাড্রেসিজ
addressing	আড্রেসিং
adds	অ্যাডজ
adequacy	অ্যাডেকোয়সি
adequate	অ্যাডেকোয়ট
adequately	অ্যাডকোয়টলি
adhd	এডিএচডি
adhere	আডহির
adherence	আডহিরেনস
adhesion	অ্যাডহিজন
adhesive	অ্যাডহিসিভ
adhesives	অ্যাডহিসিভজ
adidas	আডিডাস
adjacent	আজেসেন্ট
adjoining	আজয়নিং
adjourned	আজার্ন্ড
adjunct	অ্যাজংক্ট
adjust	আজাস্ট
adjustable	অজাস্টবল
adjusted	অজাস্টিড
adjusting	আজাস্টিং
adjustment	আজাস্টমেন্ট
adjustments	আজাস্টমেন্টস
adler	অ্যাডলার
admin	অ্যাডমিন
administer	আডমিনিস্টার
administered	আডমিনিস্টার্ড
administering	অ্যাডমিনিস্টারিং
administration	অ্যাডমিনিস্ট্রেশন
administrative	আডমিনিস্ট্রেটিভ
administrator	আডমিনিস্ট্রেটার
administrators	অ্যাডমিনিস্ট্রেটার্জ
admins	আডমিনজ
admiral	অ্যাডমারাল
admire	অ্যাডমাইর
admission	অ্যাডমিশন
admissions	অ্যাডমিশনজ
admit	আডমিট
admits	আডমিটস
admitted	অডমিটিড
adobe	অডোবি
adolescent	অ্যাডলেসেন্ট
adolescents	অ্যাডলেসেন্টস
adopt	আডপ্ট
adopted	অডোপ্টিড
adopting	আডপ্টিং
adoption	আডপশন
adorable	অডরবল
adrenaline	আড্রেনালিন
adrian	এড্রিয়ান
ads	অ্যাডজ
adsl	এডিএসেল
adult	আডাল্ট
adults	আডাল্টস
advance	আডভ্যানস
advanced	আডভ্যানস্ট
advancement	অডভ্যানস্মন্ট
advances	অডভ্যানসজ
advancing	আডভ্যানসিং
advantage	অ্যাডভ্যান্টাজ
advantages	অ্যাডভ্যান্টিজিজ
advent	অ্যাডভেন্ট
adventure	অ্যাডভেন্চার
adventures	অ্যাডভেন্চার্জ
adverse	অ্যাডভার্স
adversely	অ্যাডভার্স্লি
advert	অ্যাডভার্ট
advertise	অ্যাডভারটাইজ
advertised	অ্যাডভারটাইজড
advertisement	অ্যাডভার্টজমন্ট
advertisements	অ্যাডভারটাইজমন্টস
advertiser	অ্যাডভারটাইজার
advertisers	অ্যাডভারটাইজার্জ
advertising	অ্যাডভারটাইজিং
advice	অ্যাডভাইস
advise	অ্যাডভাইজ
advised	অ্যাডভাইজড
adviser	অ্যাডভাইজার
advisers	অ্যাডভাইজার্জ
advises	অ্যাডভাইজিজ
advising	অ্যাডভাইজিং
advisor	অ্যাডভাইজার
advisories	আডভাইজারিজ
advisors	অ্যাডভাইজার্জ
advisory	অ্যাডভাইজারি
advocacy	অ্যাডভকাসি
advocate	অ্যাডভকাট
advocates	অ্যাডভকাটস
ae	এ
aerial	এরিয়াল
aero	এরো
aerobic	আরোবিক
aerosmith	এরোসমিথ
aerosol	এরসল
aerospace	এরোসপেস
aesthetic	আসথেটিক
aesthetics	আসথেটিক্স
affair	আফেয়ার
affairs	আফের্জ
affect	আফেক্ট
affected	অফেক্টিড
affecting	আফেক্টিং
affection	আফেকশন
affects	আফেক্টস
affidavit	অ্যাফিডেভিট
affiliate	অফিলিয়েট
affiliated	অফিলিয়েটিড
affiliates	অফিলিয়াটস
affiliation	অফিলিয়েশন
affiliations	অফিলিয়েশনজ
affinity	আফিনিটি
affirm	আফার্ম
affirmative	আফার্মাটিভ
affirmed	আফার্মড
afford	আফর্ড
affordable	অফর্ডবল
afforded	অফর্ডড
afghan	অ্যাফগ্যান
afghanistan	অ্যাফগ্যানিস্ট্যান
afl	এএফেল
aforementioned	অফর্মেনশন্ড
afraid	আফ্রেড
africa	অ্যাফ্রিকা
african	অ্যাফ্রিকান
afro	অ্যাফ্রো
aft	অ্যাফট
after	অ্যাফটার
aftermarket	অ্যাফটারমার্কেট
aftermath	অ্যাফটারম্যাথ
afternoon	অ্যাফটারনুন
afterwards	অ্যাফটারোয়ার্ডজ
ag	অ্যাগ
again	আগেন
against	আগেনস্ট
aged	এজড
agencies	এজনসিজ
agency	এজনসি
agenda	আজেন্ডা
agendas	আজেন্ডাজ
agent	এজন্ট
agents	এজন্টস
ages	এজজ
aggregate	অ্যাগ্রেগাট
aggregation	অ্যাগ্রেগেশন
aggression	আগ্রেশন
aggressive	আগ্রেসিভ
agile	অ্যাজিল
agility	আজিলিটি
aging	এজিং
agnes	অ্যাগনিস
ago	আগো
agree	আগ্রি
agreed	আগ্রিড
agreeing	অগ্রিইং
agreement	আগ্রিমেন্ট
agreements	আগ্রিমেন্টস
agrees	আগ্রিজ
agri	অ্যাগ্রি
agricultural	অ্যাগ্রিকালচারাল
agriculture	অ্যাগ্রিকলচার
aguilera	আগুইলেরা
ah	আ
ahead	আহেড
ahmad	আমাড
ahmed	আমড
ai	আই
aid	এড
aide	এড
aided	এডড
aides	এডজ
aids	এডজ
aim	এম
aimed	এমড
aiming	এমিং
aims	এমজ
air	এয়ার
airborne	এর্বর্ন
aircraft	এর্ক্রাফট
aired	এর্ড
aires	এরিজ
airfare	এর্ফেয়ার
airfares	এর্ফের্জ
airline	এর্লাইন
airlines	এর্লাইনজ
airmail	এর্মেল
airplane	এর্প্লেন
airplanes	এর্প্লেনজ
airports	এর্পর্টস
airways	এরোয়েজ
aisle	আইল
aix	এক্স
ajax	এজ্যাক্স
aka	আকা
akin	আকিন
akron	অ্যাক্রন
al	অ্যাল
ala	অ্যালা
alabama	অ্যালাব্যামা
aladdin	অ্যাল্যাডিন
alain	আলেন
alameda	অ্যালামিডা
alamo	অ্যালামো
alan	অ্যালান
alarm	আলার্ম
alarms	আলার্মজ
alas	আল্যাস
alaska	আল্যাস্কা
alaskan	আল্যাস্কান
alba	অ্যালবা
albania	অ্যালবেনিয়া
albanian	অ্যালবেনিয়ান
albany	অলবানি
albeit	অলবিইট
albert	অ্যালবার্ট
alberta	অ্যালবার্টা
alberto	অ্যালবার্টো
albion	অ্যালবিয়ান
album	অ্যালবাম
albums	অ্যালবামজ
albuquerque	অ্যালবাকারকি
alcatel	অ্যালকাটেল
alchemy	অ্যালকেমি
alcohol	অ্যালকহল
alcoholic	অ্যালকহলিক
alcoholism	অ্যালকহলিজম
ale	এল
alec	অ্যালেক
alert	আলার্ট
alerts	আলার্টস
alex	অ্যালেক্স
alexa	আলেক্সা
alexander	অ্যালেগজ্যান্ডার
alexandra	অ্যালেগজ্যান্ড্রা
alexandre	অ্যালিক্সান্ডার
alexandria	অ্যালগজ্যান্ড্রিয়া
alexis	আলেক্সিস
alfa	অ্যালফা
alfred	অ্যালফ্রড
algae	অ্যালজি
algebra	অ্যালজেব্রা
algebraic	অ্যালজব্রেইক
algeria	অ্যালজিরিয়া
algorithm	অ্যালগারিদম
algorithms	অ্যালগারিদমজ
ali	আলি
alias	এলিয়াস
aliases	এলিয়াসিজ
alice	অ্যালিস
alicia	আলিশা
alien	এলিয়ান
aliens	এলিয়ানজ
align	আলাইন
aligned	আলাইন্ড
alignment	আলাইনমেন্ট
alike	আলাইক
alison	অ্যালিসন
alito	আলিটো
alive	আলাইভ
alkaline	অ্যালকালাইন
all	অল
alla	আলা
allah	আলা
allan	অ্যালান
allegations	অ্যালেগেশনজ
alleged	আলেজড
allegedly	আলেজেডলি
allegiance	আলিজনস
allegra	আলেগ্রা
allegro	আলেগ্রো
allen	অ্যালেন
allergic	আলার্জিক
allergies	অ্যালারজিজ
allergy	অ্যালারজি
alleviate	অলিভিয়েট
alley	অ্যালি
alliance	অলাইঅনস
alliances	অলাইঅনসজ
allied	আলাইড
allies	অ্যালাইজ
allison	অ্যালিসন
allocate	অ্যালকেট
allocated	অ্যালকেটিড
allocation	অ্যালকেশন
allocations	অ্যালকেশনজ
allow	আলাউ
allowable	অলাউঅবল
allowance	আলাউআনস
allowances	অলাউঅনসিজ
allowed	আলাউড
allowing	আলাউইং
allows	আলাউজ
alloy	অ্যালয়
alloys	অ্যালয়জ
ally	অ্যালাই
alma	আলমা
almanac	আলমান্যাক
almighty	আলমাইটি
almond	অমন্ড
almost	অলমোস্ট
aloe	অ্যালো
aloha	আলোহা
alone	আলোন
along	আলং
alongside	আলংসাইড
alot	আলট
aloud	আলাউড
alpha	অ্যালফা
alphabet	অ্যালফাবেট
alphabetical	অ্যালফাবেটিকাল
alphabetically	অ্যালফবেটিকলি
alpine	অ্যালপাইন
alps	অ্যালপস
alright	অলরাইট
als	অ্যালজ
also	অলসো
alt	আল্ট
alta	আল্টা
altar	অল্টার
altavista	অল্টাভিস্টা
alter	অল্টার
alteration	অল্টারেশন
alterations	অল্টারেশনজ
altered	অল্টার্ড
altering	অল্টারিং
alternate	অল্টারনাট
alternating	অল্টারনেটিং
alternative	আল্টার্নাটিভ
alternatively	অল্টার্নটিভলি
alternatives	আল্টার্নাটিভজ
although	অলদো
altitude	অ্যাল্টিটিউড
alto	অ্যাল্টো
altogether	অল্টগেদার
alton	অল্টন
aluminium	আলুমিনিম
aluminum	আলুমিনাম
alumni	আলামনাই
alvin	অ্যালভিন
alzheimer	অ্যালজহাইমার
am	অ্যাম
ama	এএমে
amanda	আম্যান্ডা
amarillo	অ্যামারিলো
amateur	অ্যামাটার
amateurs	অ্যামাটার্জ
amazed	আমেজড
amazing	আমেজিং
amazingly	আমেজিংলি
amazon	অ্যামাজন
ambassador	অ্যামব্যাসাডার
amber	অ্যামবার
ambien	অ্যামবিয়েন
ambient	অ্যামবিয়ান্ট
ambiguous	অ্যামবিগিউঅস
ambition	অ্যামবিশন
ambitious	অ্যামবিশিস
ambulance	অ্যামবিয়লানস
amc	এএমসি
amd	এএমডি
amelia	আমিলিয়া
amen	এমেন
amend	আমেন্ড
amended	অমেন্ডিড
amending	আমেন্ডিং
amendment	আমেন্ডমেন্ট
amendments	আমেন্ডমেন্টস
amenities	আমেনিটিজ
amer	এমার
american	আমেরিকান
americana	আমেরিক্যানা
americans	আমেরিকানজ
americas	আমেরিকাজ
ames	এমজ
amethyst	অ্যামেথিস্ট
amex	অ্যামেক্স
amherst	অ্যামার্স্ট
amid	আমিড
amiga	আমিগা
amino	আমিনো
ammo	অ্যামো
ammonia	আমোনিয়া
ammunition	অ্যামিয়নিশন
amnesty	অ্যামনেস্টি
among	আমাং
amongst	আমাংস্ট
amor	অ্যামার
amortization	অ্যামারটিজেশন
amos	এমস
amount	আমাউন্ট
amounts	আমাউন্টস
amp	অ্যাম্প
ample	অ্যাম্পল
amplification	অ্যাম্প্লিফিকেশন
amplified	অ্যাম্প্লিফাইড
amplifier	অ্যাম্প্লফাইআর
amplifiers	অ্যাম্প্লফাইআর্জ
amplitude	অ্যাম্প্লিটিউড
ams	অ্যামজ
amsterdam	অ্যামস্টারড্যাম
amusement	অমিউজমন্ট
amusing	আমিউজিং
amy	এমি
an	অ্যান
ana	আনা
anabolic	অ্যানাবলিক
anaheim	অ্যানাহাইম
anal	এনাল
analog	অ্যানালগ
analogous	আন্যালগস
analogue	অ্যানলগ
analogy	আন্যালজি
analyses	অন্যালসিজ
analysis	আন্যালিসিস
analyst	অ্যানালিস্ট
analysts	অ্যানালিস্টস
analytic	অ্যানালিটিক
analytical	অ্যানালিটিকাল
analytics	অ্যানালিটিক্স
analyze	অ্যানালাইজ
analyzed	অ্যানালাইজড
analyzer	অ্যানালাইজার
analyzes	অ্যানলাইজিজ
analyzing	অ্যানালাইজিং
anarchy	অ্যানারকি
anatomy	আন্যাটমি
ancestor	অ্যানসেস্টার
ancestors	অ্যানসেস্টার্জ
ancestry	অ্যানসেস্ট্রি
anchor	অ্যাংকার
anchorage	অ্যাংকারাজ
anchors	অ্যাংকার্জ
ancient	এন্চন্ট
ancillary	অ্যানসিলেরি
anders	অ্যান্ডার্জ
andersen	অ্যান্ডারসেন
anderson	অ্যান্ডারসন
andorra	অ্যান্ডরা
andover	অ্যান্ডোভার
andre	আন্ড্রে
andrea	অ্যান্ড্রিয়া
andreas	আন্ড্রেঅস
andrew	অ্যান্ড্রু
andrews	অ্যান্ড্রুজ
andy	অ্যান্ডি
anemia	অনিমিয়া
anesthesia	অ্যানেসথিজা
ang	অ্যাং
angel	এন্জেল
angela	অ্যান্জেলা
angeles	অ্যান্জলিস
angelina	অ্যান্জেলিনা
angelo	অ্যান্জেলো
angels	এন্জেলজ
anger	অ্যাংগার
angie	অ্যান্জি
angle	অ্যাংগল
angles	অ্যাংগলজ
anglican	অ্যাংগলিকান
anglo	অ্যাংগলো
angola	অ্যাংগোলা
anguilla	অ্যাংউইলা
angular	অ্যাংগিয়লার
angus	অ্যাংগাস
animal	অ্যানিমাল
animals	অ্যানিমালজ
animated	অ্যানমেটিড
animation	অ্যানিমেশন
animations	অ্যানিমেশনজ
anime	অ্যানিমে
aniston	অ্যানিস্টন
anita	আনিটা
ankle	অ্যাংকল
ann	অ্যান
anna	অ্যানা
annals	অ্যানালজ
annapolis	আন্যাপলিস
anne	অ্যান
annette	আনেট
annex	অ্যানেক্স
annie	অ্যানি
anniversary	অ্যানিভার্সারি
annotate	অ্যানটেট
annotated	অ্যানটেটিড
annotation	অ্যানটেশন
annotations	অ্যানটেশনজ
announce	আনাউনস
announced	আনাউনস্ট
announcement	অনাউনস্মন্ট
announcements	অনাউনস্মন্টস
announces	অনাউনসিজ
announcing	আনাউনসিং
annoyed	আনয়ড
annoying	আনয়ইং
annual	অ্যানিউঅল
annually	অ্যানিউঅলি
annuity	অনুঅটি
annum	অ্যানাম
ano	অ্যানো
anomalies	আনমালিজ
anomaly	আনমালি
anon	অ্যানন
anonymous	আননিমস
another	আনাদার
ansi	অ্যানসি
answer	অ্যানসার
answered	অ্যানসার্ড
answering	অ্যানসারিং
answers	অ্যানসার্জ
ant	অ্যান্ট
antarctic	অ্যান্টার্ক্টিক
antarctica	অ্যান্টার্ক্টিকা
ante	অ্যান্টি
antenna	অ্যান্টেনা
antennas	অ্যান্টেনাজ
anterior	অ্যান্টিরিআর
anthem	অ্যানথেম
anthology	অ্যানথলজি
anthony	অ্যানথনি
anthrax	অ্যানথ্রাক্স
anthropology	অ্যানথ্রপলজি
anti	অ্যান্টি
antibiotic	অ্যান্টিবাইঅটিক
antibiotics	অ্যান্টিবাইঅটিক্স
antibodies	অ্যান্টিবডিজ
antibody	অ্যান্টিবডি
anticipate	অ্যান্টিসিপেট
anticipated	অ্যান্টিসপেটিড
anticipation	অ্যান্টিসিপেশন
antigen	অ্যান্টিজন
antigens	অ্যান্টিজনজ
antigua	অ্যান্টিগোয়া
antilles	অ্যান্টিলিজ
antique	অ্যান্টিক
antiques	অ্যান্টিক্স
antitrust	অ্যান্টাইট্রাস্ট
antivirus	অ্যান্টিভাইরাস
anton	অ্যান্টন
antonio	অ্যান্টোনিও
antony	অ্যান্টনি
ants	অ্যান্টস
anxiety	অ্যাংজাইঅটি
anxious	অ্যাংকশিস
any	এনি
anybody	এনিবডি
anymore	এনিমর
anyone	এনিওয়ন
anything	এনিথিং
anytime	এনিটাইম
anyways	এনিওয়েজ
anywhere	এনিওয়ের
aol	এওএল
ap	এপি
apache	অপ্যাচি
apart	আপার্ট
apartment	আপার্টমেন্ট
apartments	আপার্টমেন্টস
apc	এপিসি
ape	এপ
aperture	অ্যাপারচার
apex	এপেক্স
aphrodite	অ্যাফ্রডাইটি
api	এপিআই
apo	এপিও
apocalypse	আপকালিপস
apollo	আপলো
apologies	আপলজিজ
apologize	আপলজাইজ
apology	আপলজি
apoptosis	অ্যাপপ্টোসিজ
apostle	অপোসল
apostles	অপোসলজ
appalachian	অ্যাপালেচন
apparatus	অ্যাপারাটাস
apparel	আপ্যারেল
apparent	আপেরেন্ট
apparently	আপেরেন্টলি
appeal	আপিল
appealed	আপিল্ড
appealing	আপিলিং
appeals	আপিলজ
appear	আপির
appearance	আপিরানস
appearances	অপিরনসজ
appeared	আপির্ড
appearing	আপিরিং
appears	আপির্জ
appellant	আপেলান্ট
appellate	আপেলাট
append	আপেন্ড
appendices	অপেন্ডিসিজ
appendix	আপেন্ডিক্স
appetite	অ্যাপেটাইট
appetizers	অ্যাপেটাইজার্জ
applause	আপলজ
apple	অ্যাপল
applegate	অ্যাপেলগেট
apples	অ্যাপলজ
applet	অ্যাপলেট
appleton	অ্যাপেল্টন
appliance	অপলাইঅনস
appliances	অপলাইঅনসজ
applicability	অ্যাপলিকাবিলিটি
applicable	অ্যাপলকবল
applicant	অ্যাপলিকান্ট
applicants	অ্যাপলিকান্টস
application	অ্যাপলিকেশন
applications	অ্যাপলিকেশনজ
applied	আপলাইড
applies	আপলাইজ
apply	আপলাই
applying	আপলাইইং
appoint	আপয়ন্ট
appointed	অপয়ন্টিড
appointments	আপয়ন্টমেন্টস
appraisal	আপ্রেজাল
appraisals	আপ্রেজালজ
appraiser	আপ্রেজার
appreciate	অপ্রিশিয়েট
appreciated	অপ্রিশিয়েটিড
appreciation	অপ্রিশিয়েশন
apprentice	আপ্রেন্টিস
apprenticeship	অপ্রেন্টসশিপ
approach	আপ্রোচ
approached	আপ্রোচট
approaches	অপ্রোচজ
approaching	আপ্রোচিং
appropriate	অপ্রোপ্রিয়াট
appropriated	অপ্রোপ্রিয়েটিড
appropriately	আপ্রোপ্রিএটলি
appropriation	অপ্রোপ্রিয়েশন
appropriations	অপ্রোপ্রিয়েশনজ
approval	আপ্রুভাল
approvals	আপ্রুভালজ
approve	আপ্রুভ
approved	আপ্রুভড
approves	আপ্রুভজ
approving	আপ্রুভিং
approximate	আপ্রক্সিমাট
approximately	অপ্রোক্সমটলি
approximation	আপ্রক্সিমেশন
apron	এপ্রন
apt	অ্যাপ্ট
aqua	অ্যাকোয়া
aquaculture	অ্যাকোয়কলচার
aquarium	অকোয়েরিয়াম
aquatic	আকোয়াটিক
aqueous	একুইয়াস
arab	অ্যারাব
arabia	অরেবিয়া
arabian	অরেবিয়ান
arabic	অ্যারাবিক
arabs	অ্যারাবজ
arafat	এরাফ্যাট
arbitrary	আর্বিট্রেরি
arbitration	অর্বিট্রেশন
arbor	অর্বার
arc	আর্ক
arcade	আর্কেড
arcadia	আর্কেডিয়া
arch	আর্চ
archaeological	অর্কিয়ালোজিকল
archaeology	অর্কিয়লজি
archbishop	অর্চবিশপ
archer	আর্চার
archery	আর্চারি
architect	আর্কিটেক্ট
architects	আর্কিটেক্টস
architectural	আর্কিটেকচারাল
architecture	আর্কিটেকচার
architectures	আর্কিটেকচার্জ
archival	আর্কাইভাল
archive	আর্কাইভ
archived	আর্কাইভড
archives	আর্কাইভজ
arctic	আর্ক্টিক
arden	আর্ডেন
are	আর
area	এরিয়া
areas	এরিয়াজ
arena	আরিনা
ares	আর্জ
argentina	আর্জন্টিনা
argentine	আর্জন্টিন
arguably	আর্গিউঅবলি
argue	আর্গিউ
argued	আর্গিউড
argues	আর্গিউজ
arguing	আর্গিউইং
argument	আর্গিয়মেন্ট
arguments	আর্গিয়মেন্টস
argus	আর্গাস
ari	আরি
aria	আরিয়া
arial	এরিয়াল
arid	অ্যারিড
ariel	এরিয়াল
aries	এরিজ
arise	আরাইজ
arises	আরাইজজ
arising	আরাইজিং
aristotle	এরস্টোটল
arithmetic	এরিথমেটিক
arizona	এরিজোনা
ark	আর্ক
arkansas	আর্কানসা
arlington	অর্লিংটন
arm	আর্ম
armada	আর্মাডা
armani	আর্মানি
armed	আর্মড
armenia	আর্মিনিয়া
armenian	আর্মিনিয়ান
armies	আর্মিজ
armor	অর্মার
armored	অর্মার্ড
armour	অর্মার
arms	আর্মজ
armstrong	অর্মস্ট্রং
army	আর্মি
arnold	অর্নল্ড
aroma	আরোমা
aromatherapy	আরোমাথারাপি
aromatic	এরম্যাটিক
arose	আরোজ
around	আরাউন্ড
arp	আর্প
arrange	আরেন্জ
arranged	আরেন্জড
arrangement	আরেন্জমন্ট
arrangements	আরেন্জমন্টস
arranging	আরেন্জিং
array	আরে
arrays	আরেজ
arrest	আরেস্ট
arrested	আরেস্টিড
arrests	আরেস্টস
arrival	আরাইভাল
arrivals	আরাইভালজ
arrive	আরাইভ
arrived	আরাইভড
arrives	আরাইভজ
arriving	আরাইভিং
arrow	অ্যারো
arrows	অ্যারোজ
arsenal	আর্সেনাল
arsenic	আর্সেনিক
art	আর্ট
arterial	আর্টিরিয়াল
arteries	আর্টারিজ
artery	আর্টারি
arthritis	আর্থ্রাইটিস
arthur	আর্থার
article	আর্টকল
articles	আর্টকলজ
articulate	আর্টিকিয়লেট
articulated	আর্টিকিয়লেটিড
artifacts	আর্টিফ্যাক্টস
artificial	আর্টিফিশিল
artillery	আর্টিলারি
artisan	আর্টিজান
artist	আর্টিস্ট
artistic	আর্টিস্টিক
artists	আর্টিস্টস
arts	আর্টস
artwork	অর্টোয়ার্ক
aruba	আরুবা
as	অ্যাজ
asa	আসা
asap	এএসেপি
asbestos	অ্যাসবেস্টস
ascending	আসেন্ডিং
ascension	আসেনশন
ascertain	অ্যাসারটেন
ascii	অ্যাস্কি
asean	অজিয়ান
ash	অ্যাশ
ashamed	আশেমড
ashcroft	অ্যাশক্রফট
ashes	অ্যাশজ
asheville	অ্যাশভিল
ashford	অ্যাশফার্ড
ashland	অ্যাশলান্ড
ashton	অ্যাশটন
asia	এজা
asian	এজন
asians	এজনজ
aside	আসাইড
ask	অ্যাসক
asked	অ্যাসক্ট
asking	অ্যাস্কিং
asks	অ্যাসক্স
asleep	আসলিপ
asp	অ্যাসপ
aspect	অ্যাসপেক্ট
aspects	অ্যাসপেক্টস
aspen	অ্যাসপেন
asphalt	অ্যাসফল্ট
aspirations	অ্যাসপারেশনজ
aspire	আসপাইর
aspirin	অ্যাসপ্রিন
ass	অ্যাস
assassination	আস্যাসিনেশন
assault	আসল্ট
assay	অ্যাসি
assays	অ্যাসেজ
assemble	অসেমবল
assembled	অসেমবল্ড
assembler	আসেমব্লার
assemblies	আসেমব্লিজ
assembly	আসেমব্লি
assert	আসার্ট
asserted	অসার্টিড
assertion	আসার্শন
asserts	আসার্টস
asses	অ্যাসজ
assess	আসেস
assessed	আসেস্ট
assessing	আসেসিং
assessment	আসেসমেন্ট
assessments	আসেসমেন্টস
assessor	আসেসার
asset	অ্যাসেট
assets	অ্যাসেটস
asshole	অ্যাসহোল
assign	আসাইন
assigned	আসাইন্ড
assigning	আসাইনিং
assignment	আসাইনমেন্ট
assignments	আসাইনমেন্টস
assigns	আসাইনজ
assist	আসিস্ট
assistance	আসিস্টানস
assistant	আসিস্টান্ট
assistants	আসিস্টান্টস
assisted	অসিস্টিড
assisting	আসিস্টিং
assists	আসিস্টস
associate	অসোসিয়াট
associated	অসোসিয়েটিড
associates	অসোসিয়াটস
association	অসোসিয়েশন
associations	অসোসিয়েশনজ
assorted	অসর্টিড
assortment	আসর্টমেন্ট
assume	আসুম
assumed	আসুমড
assumes	আসুমজ
assuming	আসুমিং
assumption	আসাম্পশন
assumptions	আসাম্পশনজ
assurance	আশুরানস
assure	আশুর
assured	আশুর্ড
ast	অ্যাস্ট
asterisk	অ্যাস্টারিসক
asthma	অ্যাজমা
aston	অ্যাস্টন
astoria	অ্যাস্টরিয়া
astra	অ্যাস্ট্রা
astro	অ্যাস্ট্রো
astrology	আস্ট্রলজি
astronomical	অ্যাস্ট্রনমিকাল
astronomy	আস্ট্রনমি
astrophysics	অ্যাস্ট্রোফিজিক্স
astros	অ্যাস্ট্রোস
asus	এসাস
asylum	আসাইলাম
asynchronous	এসিংক্রনস
ata	আটা
atari	আটারি
ate	এট
atheist	এথিয়াস্ট
athena	আথিনা
athens	অ্যাথেনজ
athlete	অ্যাথলিট
athletes	অ্যাথলিটস
athletic	অ্যাথলেটিক
athletics	অ্যাথলেটিক্স
ati	এটিআই
atkins	অ্যাটকিনজ
atkinson	অ্যাটকিনসন
atlanta	অ্যাটল্যান্টা
atlantic	আটল্যান্টিক
atlantis	অ্যাটল্যান্টিস
atlas	অ্যাটলাস
atm	এটিএম
atmosphere	অ্যাটমসফির
atmospheric	অ্যাটমসফেরিক
atom	অ্যাটম
atomic	আটমিক
atoms	অ্যাটমজ
atp	এটিপি
attach	আট্যাচ
attached	আট্যাচট
attachment	আট্যাচমেন্ট
attachments	আট্যাচমেন্টস
attack	আট্যাক
attacked	আট্যাক্ট
attacker	আট্যাকার
attacking	আট্যাকিং
attacks	আট্যাক্স
attain	আটেন
attained	আটেন্ড
attainment	আটেনমেন্ট
attempt	আটেম্প্ট
attempted	অটেম্প্টিড
attempting	আটেম্প্টিং
attempts	আটেম্প্টস
attend	আটেন্ড
attendance	আটেন্ডানস
attendant	আটেন্ডান্ট
attended	অটেন্ডিড
attendees	আটেন্ডিজ
attending	আটেন্ডিং
attention	আটেনশন
attic	অ্যাটিক
attitude	অ্যাটিটিউড
attitudes	অ্যাটিটিউডজ
attorney	আটার্নি
attorneys	আটার্নিজ
attract	আট্রাক্ট
attracted	অট্রাক্টিড
attracting	আট্রাক্টিং
attraction	আট্রাকশন
attractions	আট্রাকশনজ
attractive	আট্রাক্টিভ
attracts	আট্রাক্টস
attributable	অট্রিবিয়টবল
attribute	অ্যাট্রিবিউট
attributed	অট্রিবিয়টিড
attributes	অ্যাট্রিবিউটস
attribution	অ্যাট্রিবিউশন
atv	এটিভি
atx	এটিএক্স
au	ও
auburn	আবার্ন
auch	অচ
auckland	আকলান্ড
auction	অকশন
auctions	অকশনজ
aud	অড
audi	অডি
audible	আডবল
audience	আডিয়ানস
audiences	আডিয়ানসজ
audio	অডিও
audiovox	অডিওভোক্স
audit	অডিট
audited	অডিটিড
auditing	আডিটিং
audition	আডিশন
auditions	অডিশনজ
auditor	অডিটার
auditorium	অডটরিয়াম
auditors	অডিটার্জ
auditory	অডিটরি
audits	আডিটস
audrey	অড্রি
audubon	অডাবন
aug	অগস্ট
augmentation	অগমেন্টেশন
augusta	আগাস্টা
augustine	আগাস্টিন
augustus	আগাস্টাস
aunt	অ্যান্ট
aura	অরা
aurora	আররা
aus	আউজ
aussie	অসি
aust	অস্ট
austin	অস্টিন
australasia	অস্ট্রালেজা
australian	আস্ট্রেলিয়ন
australians	আস্ট্রেলিয়নজ
austria	অস্ট্রিয়া
austrian	অস্ট্রিয়ান
auth	অথ
authentic	আথেন্টিক
authenticated	অথেন্টকেটিড
authentication	আথেন্টিকেশন
authenticity	অথেন্টিসিটি
author	অথার
authored	অথার্ড
authoring	অথারিং
authoritative	আথরিটেটিভ
authorities	আথরিটিজ
authority	আথরিটি
authorization	অথারিজেশন
authorize	অথারাইজ
authorized	অথারাইজড
authorizes	অথারাইজিজ
authorizing	অথারাইজিং
authors	অথার্জ
autism	অটিজম
auto	অটো
autobiography	অটবাইঅগ্রফি
autodesk	অটোডেসক
autograph	অটগ্রাফ
autographed	অটগ্রাফট
autographs	অটগ্রাফস
automate	অটমেট
automated	অটমেটিড
automatic	অটম্যাটিক
automatically	অটম্যাটিকলি
automation	আটমেশন
automobile	অটমোবিল
automobiles	অটমোবিলজ
automotive	অটমোটিভ
autonomous	আটনমস
autonomy	আটনমি
autos	অটোজ
autumn	অটাম
aux	ও
auxiliary	আগজিলিয়ারি
av	এভি
avail	আভেল
availability	আভেলাবিলিটি
available	অভেলবল
avalanche	অ্যাভাল্যান্চ
avalon	অ্যাভালন
avant	আভান্ট
avatar	অ্যাভাটার
avatars	অ্যাভাটার্জ
ave	আভে
avenue	অ্যাভেনিউ
avenues	অ্যাভেনিউজ
average	অ্যাভারাজ
averaged	অ্যাভরজড
averages	অ্যাভরেজাজ
averaging	অ্যাভরিজিং
avery	এভারি
avi	আভি
avian	এভিয়ান
aviation	এভিয়েশন
avid	অ্যাভিড
avis	এভিস
aviv	আভিভ
avoid	আভয়ড
avoidance	আভয়ডানস
avoided	অভয়ডিড
avoiding	আভয়ডিং
avoids	আভয়ডজ
avon	এভন
avril	অ্যাভরিল
aw	অ
await	আওয়েট
awaited	অওয়েটিড
awaiting	আওয়েটিং
awake	আওয়েক
awakening	আওয়েকেনিং
award	আওয়ার্ড
awarded	অওর্ডিড
awards	আওয়ার্ডজ
aware	আওয়ের
awareness	অওয়ের্নস
away	আওয়ে
awe	আ
awesome	অসম
awful	আফাল
awhile	আওয়াইল
awkward	আকোয়ার্ড
ax	অ্যাক্স
axe	অ্যাক্স
axel	অ্যাক্সেল
axes	অ্যাক্সিজ
axial	অ্যাক্সিয়াল
axis	অ্যাক্সিস
axle	অ্যাক্সল
ay	এ
aye	আই
azerbaijan	আজারবাইজান
b	বি
babe	বেব
babes	বেবজ
babies	বেবিজ
baby	বেবি
babylon	ব্যাবিলন
baccarat	বাকারা
bach	বাক
bachelor	ব্যাচেলার
back	ব্যাক
backbone	ব্যাকবোন
backdrop	ব্যাকড্রপ
backed	ব্যাক্ট
backend	ব্যাকেন্ড
backgammon	ব্যাকগ্যামন
background	ব্যাকগ্রাউন্ড
backgrounds	ব্যাকগ্রাউন্ডজ
backing	ব্যাকিং
backpack	ব্যাকপ্যাক
backpacking	ব্যাকপ্যাকিং
backpacks	ব্যাকপ্যাক্স
backs	ব্যাক্স
backstage	ব্যাক্স্টেজ
backstreet	ব্যাক্স্টিট
backup	ব্যাকপ
backups	ব্যাকপস
backward	ব্যাকোয়ার্ড
backwards	ব্যাকোয়ার্ডজ
backyard	ব্যাকিয়ার্ড
bacon	বেকন
bacteria	ব্যাক্টিরিয়া
bacterial	ব্যাক্টিরিয়াল
bad	ব্যাড
badge	ব্যাজ
badger	ব্যাজার
badges	ব্যাজিজ
badly	ব্যাডলি
badminton	ব্যাডমিন্টন
bag	ব্যাগ
baggage	ব্যাগাজ
baghdad	ব্যাগড্যাড
bags	ব্যাগজ
bahamas	বাহামাজ
bahrain	বারেন
baht	বাট
bail	বেল
bailey	বেলি
bait	বেট
baja	বাহা
bake	বেক
baked	বেক্ট
baker	বেকার
bakersfield	বেকারজফিল্ড
bakery	বেকারি
baking	বেকিং
bal	ব্যাল
balance	ব্যালানস
balanced	ব্যালানস্ট
balances	ব্যালনসজ
balancing	ব্যালানসিং
balcony	ব্যালকনি
bald	বল্ড
baldwin	বল্ডোয়ন
bali	বালি
ball	বল
ballad	ব্যালাড
ballard	ব্যালার্ড
ballet	ব্যালে
ballistic	বালিস্টিক
balloon	বালুন
balloons	বালুনজ
ballot	ব্যালট
ballots	ব্যালটস
ballroom	বলরুম
balls	বলজ
balm	বাম
baltic	বল্টিক
baltimore	বল্টিমর
bam	ব্যাম
bamboo	ব্যামবু
ban	ব্যান
banana	বান্যানা
bananas	বান্যানাজ
band	ব্যান্ড
bands	ব্যান্ডজ
bandwidth	ব্যান্ডুইডথ
banff	ব্যানফ
bang	ব্যাং
bangalore	ব্যাংগালর
bangkok	ব্যাংকক
bangladesh	ব্যাংলাডেশ
bangor	ব্যাংগার
banjo	ব্যান্জো
bank	ব্যাংক
banker	ব্যাংকার
bankers	ব্যাংকার্জ
banking	ব্যাংকিং
bankruptcies	ব্যাংক্রাপ্টসিজ
bankruptcy	ব্যাংক্রাপসি
banks	ব্যাংক্স
banned	ব্যান্ড
banner	ব্যানার
banners	ব্যানার্জ
banning	ব্যানিং
banquet	ব্যাংকোয়ট
bans	ব্যানজ
baptism	ব্যাপ্টিজম
baptist	ব্যাপ্টিস্ট
bar	বার
barb	বার্ব
barbados	বার্বেডোস
barbara	বার্বারা
barbecue	বার্বেকিউ
barber	বার্বার
barbie	বার্বি
barbuda	বার্বুডা
barcelona	বোর্সেলোনা
bard	বার্ড
bare	বেয়ার
barefoot	বের্ফুট
barely	বের্লি
bargain	বার্গান
bargaining	বার্গানিং
bargains	বার্গানজ
bark	বার্ক
barker	বার্কার
barking	বার্কিং
barley	বার্লি
barn	বার্ন
barnes	বার্নজ
barnett	বার্নেট
barney	বার্নি
baron	ব্যারন
baroque	বারোক
barr	বার
barre	বেরি
barred	বার্ড
barrel	ব্যারেল
barrels	ব্যারেলজ
barrett	ব্যারেট
barrie	ব্যারি
barrier	ব্যারিআর
barriers	ব্যারিআর্জ
barron	ব্যারন
barrow	ব্যারো
barry	ব্যারি
bars	বার্জ
bart	বার্ট
bartlett	বার্টলেট
barton	বোর্টন
basal	বেসাল
base	বেস
baseball	বেসবল
based	বেস্ট
basel	বাজেল
baseline	বেসলাইন
basement	বেসমন্ট
bases	বেসজ
bash	ব্যাশ
basic	বেসিক
basically	বেসিকলি
basics	বেসিক্স
basil	ব্যাজিল
basin	বেসিন
basins	বেসিনজ
basis	বেসিস
basket	ব্যাস্কেট
basketball	ব্যাস্কেটবল
baskets	ব্যাস্কেটস
basque	ব্যাসক
bass	ব্যাস
bastard	ব্যাস্টার্ড
bat	ব্যাট
batch	ব্যাচ
bates	বেটস
bath	ব্যাথ
bathing	বেদিং
bathroom	ব্যাথ্রুম
bathrooms	ব্যাথ্রুমজ
baths	ব্যাথস
batman	ব্যাটম্যান
baton	বাটন
bats	ব্যাটস
battalion	বাট্যালিয়ন
batter	ব্যাটার
batteries	ব্যাটারিজ
batting	ব্যাটিং
battle	ব্যাটল
battlefield	ব্যাটেলফিল্ড
battles	ব্যাটলজ
bauer	বাউআর
baxter	ব্যাক্স্টার
bay	বে
bayer	বেআর
baylor	বেলার
bays	বেজ
bazaar	বাজার
bbc	বিবিসি
bbq	বিবিকিউ
bc	বিসি
be	বি
bea	বি
beach	বিচ
beaches	বিচজ
beacon	বিকন
bead	বিড
beaded	বিডিড
beads	বিডজ
beam	বিম
beams	বিমজ
bean	বিন
beans	বিনজ
bear	বেয়ার
beard	বির্ড
bearing	বেরিং
bearings	বেরিংজ
bears	বের্জ
beast	বিস্ট
beasts	বিস্টস
beat	বিট
beaten	বিটেন
beating	বিটিং
beatles	বিটলজ
beats	বিটস
beau	বো
beaumont	বোমন্ট
beautiful	বিউটিফাল
beautifully	বিউটফলি
beauty	বিউটি
beaver	বিভার
beavers	বিভার্জ
became	বেকেম
beck	বেক
becker	বেকার
becky	বেকি
become	বেকাম
becomes	বেকামজ
becoming	বেকামিং
bed	বেড
bedding	বেডিং
bedford	বেডফার্ড
bedroom	বেড্রুম
bedrooms	বেড্রুমজ
beds	বেডজ
bee	বি
beech	বিচ
beef	বিফ
been	বিন
beer	বির
beers	বির্জ
bees	বিজ
beethoven	বেটোভেন
beetle	বিটল
before	বেফর
beg	বেগ
began	বেগ্যান
begin	বেগিন
beginner	বেগিনার
beginners	বেগিনার্জ
beginning	বেগিনিং
beginnings	বেগিনিংজ
begins	বেগিনজ
begun	বেগান
behalf	বেহ্যাফ
behave	বেহেভ
behavior	বেহেভিয়ার
behavioral	বেহেভিয়ারাল
behaviors	বেহেভিয়ার্জ
behaviour	বেহেভিয়ার
behind	বেহাইন্ড
behold	বেহোল্ড
beige	বেজ
beijing	বেজিং
being	বিইং
beings	বিইংজ
beirut	বেরুট
bel	বেল
belarus	বেলারাস
belfast	বেলফ্যাস্ট
belgian	বেলজন
belgium	বেলজিম
belgrade	বেলগ্রেড
belief	বেলিফ
beliefs	বেলিফস
believe	বেলিভ
believed	বেলিভড
believer	বেলিভার
believers	বেলিভার্জ
believes	বেলিভজ
believing	বেলিভিং
belize	বেলিজ
belkin	বেলকিন
bell	বেল
bella	বেলা
belle	বেল
bellevue	বেলভিউ
bells	বেলজ
bellsouth	বেলসাউথ
belly	বেলি
belmont	বেলমন্ট
belong	বেলং
belonged	বেলংড
belonging	বেলংইং
belongs	বেলংজ
beloved	বেলাভড
below	বেলো
belt	বেল্ট
belts	বেল্টস
ben	বেন
bench	বেন্চ
benches	বেন্চিজ
benchmark	বেন্চমার্ক
benchmarks	বেন্চমার্ক্স
bend	বেন্ড
bender	বেন্ডার
bending	বেন্ডিং
beneath	বেনিথ
benedict	বেনেডিক্ট
beneficial	বেনেফিশিল
beneficiaries	বেনফিশিয়েরিজ
beneficiary	বেনফিশিয়েরি
benefit	বেনেফিট
benefited	বেনফিটিড
benefits	বেনেফিটস
bengal	বেংগাল
benign	বেনাইন
benin	বিনিন
benjamin	বেন্জামিন
bennett	বেনেট
benny	বেনি
benson	বেনসন
bent	বেন্ট
bentley	বেন্টলি
benton	বেন্টন
benz	বেনজ
berg	বার্গ
bergen	বার্গেন
berger	বার্গার
berkeley	বার্ক্লি
berkshire	বার্কশার
berlin	বারলিন
bermuda	বারমিউডা
bern	বার্ন
bernard	বারনার্ড
bernardino	বারনাডিনো
bernie	বার্নি
bernstein	বার্নস্টাইন
berries	বেরিজ
berry	বেরি
bert	বার্ট
beside	বেসাইড
besides	বেসাইডজ
best	বেস্ট
bestiality	বেস্চ্যালিটি
bestsellers	বেস্টসেলার্জ
bestselling	বেস্টসেলিং
bet	বেট
beta	বেটা
beth	বেথ
bethany	বেথানি
bethel	বেথেল
bethesda	বেথেজডা
bethlehem	বেথলেহেম
bets	বেটস
betsy	বেটসি
better	বেটার
betting	বেটিং
betty	বেটি
between	বেটুইন
beverage	বেভারাজ
beverages	বেভরেজাজ
beverly	বেভারলি
beware	বেওয়ের
beyonce	বিইয়নসে
beyond	বেয়ন্ড
bhutan	বুট্যান
bi	বাই
bias	বাইঅস
biased	বাইঅস্ট
bib	বিব
bible	বাইবল
bibles	বাইবলজ
biblical	বিবলিকাল
bibliographic	বিবলিয়গ্রোফিক
bibliography	বিবলিয়গ্রফি
bicycle	বাইসিকল
bicycles	বাইসিকলজ
bid	বিড
bidder	বিডার
bidders	বিডার্জ
bidding	বিডিং
bids	বিডজ
bien	বিন
big	বিগ
bigger	বিগার
biggest	বিগেস্ট
bike	বাইক
biker	বাইকার
bikes	বাইক্স
biking	বাইকিং
bikini	বিকিনি
bilateral	বাইল্যাটারাল
bild	বিল্ড
bilingual	বাইলিংগোয়ল
bill	বিল
billboard	বিলবর্ড
billed	বিল্ড
billiard	বিলিয়ার্ড
billiards	বিলিয়ার্ডজ
billie	বিলি
billing	বিলিং
billings	বিলিংজ
billion	বিলিয়ন
billions	বিলিয়নজ
bills	বিলজ
billy	বিলি
biloxi	বিলাক্সি
bin	বিন
binaries	বাইনারিজ
binary	বাইনারি
bind	বাইন্ড
binder	বাইন্ডার
binding	বাইন্ডিং
bindings	বাইন্ডিংজ
binds	বাইন্ডজ
bingo	বিংগো
binoculars	বিনকিয়লার্জ
bins	বিনজ
bio	বাইও
biochem	বাইঅচম
biochemical	বাইওকেমকল
biochemistry	বাইওকেমস্ট্রি
biodiversity	বাইওডাইভার্সটি
biographical	বাইঅগ্রাফিকল
biographies	বাইঅগ্রফিজ
biography	বাইঅগ্রফি
biological	বাইঅলোজিকল
biology	বাইঅলজি
biomass	বাইঅম্যাস
biomedical	বাইওমেডিকল
biopsy	বাইঅপসি
bios	বাইওস
biosynthesis	বাইওসিনথেসিস
biotech	বাইওটেক
biotechnology	বাইওটেকনোলজি
bipolar	বাইপোলার
birch	বার্চ
bird	বার্ড
birds	বার্ডজ
birmingham	বার্মিংহ্যাম
birth	বার্থ
birthdays	বার্থডেজ
birthplace	বার্থপ্লেস
births	বার্থস
bis	বিস
biscuit	বিস্কাট
biscuits	বিস্কাটস
bisexual	বাইসেকশুঅল
bishop	বিশপ
bishops	বিশপস
bison	বাইসন
bistro	বিস্ট্রো
bit	বিট
bitch	বিচ
bitches	বিচিজ
bite	বাইট
bites	বাইটস
biting	বাইটিং
bits	বিটস
bitter	বিটার
biz	বিজ
bizarre	বিজার
bizrate	বিজেট
black	ব্ল্যাক
blackberry	ব্ল্যাকবেরি
blackboard	ব্ল্যাকবর্ড
blackburn	ব্ল্যাকবার্ন
blackjack	ব্ল্যাকজ্যাক
blackpool	ব্ল্যাকপুল
blacks	ব্ল্যাক্স
blackwell	ব্ল্যাকোয়েল
bladder	ব্ল্যাডার
blade	ব্লেড
blades	ব্লেডজ
blah	ব্লা
blair	ব্লেয়ার
blake	ব্লেক
blame	ব্লেম
blamed	ব্লেমড
blanc	ব্ল্যাংক
blanca	ব্লাংকা
blanco	ব্ল্যাংকো
bland	ব্ল্যান্ড
blank	ব্ল্যাংক
blanket	ব্ল্যাংকেট
blankets	ব্ল্যাংকেটস
blanks	ব্ল্যাংক্স
blast	ব্ল্যাস্ট
blaster	ব্ল্যাস্টার
blaze	ব্লেজ
blazer	ব্লেজার
bleed	ব্লিড
bleeding	ব্লিডিং
blend	ব্লেন্ড
blended	ব্লেন্ডিড
blender	ব্লেন্ডার
blending	ব্লেন্ডিং
blends	ব্লেন্ডজ
bless	ব্লেস
blessed	ব্লেস্ট
blessing	ব্লেসিং
blessings	ব্লেসিংজ
blew	ব্লু
blind	ব্লাইন্ড
blindness	ব্লাইন্ডনেস
blinds	ব্লাইন্ডজ
blink	ব্লিংক
bliss	ব্লিস
blitz	ব্লিটস
blizzard	ব্লিজার্ড
bloc	ব্লক
block	ব্লক
blockbuster	ব্লকবস্টার
blocked	ব্লক্ট
blocker	ব্লকার
blocking	ব্লকিং
blocks	ব্লক্স
blog	ব্লগ
blogger	ব্লগার
bloggers	ব্লগার্জ
blogging	ব্লগিং
blogosphere	ব্লগসফির
blogs	ব্লগজ
blond	ব্লন্ড
blonde	ব্লন্ড
blondes	ব্লন্ডজ
blood	ব্লাড
bloodhound	ব্লাডহাউন্ড
bloody	ব্লাডি
bloom	ব্লুম
bloomberg	ব্লুমবার্গ
bloomfield	ব্লুমফিল্ড
bloomington	ব্লুমিংটন
blooms	ব্লুমজ
blossom	ব্লসম
blow	ব্লো
blower	ব্লোআর
blowing	ব্লোইং
blowjob	ব্লোজব
blowjobs	ব্লোজবজ
blown	ব্লোন
blowout	ব্লোআউট
blows	ব্লোজ
blue	ব্লু
bluegrass	ব্লুগ্রাস
blueprint	ব্লুপ্রিন্ট
blues	ব্লুজ
bluetooth	ব্লুটুথ
bluff	ব্লাফ
blunt	ব্লান্ট
blur	ব্লার
blush	ব্লাশ
blvd	বুলভোর্ড
bmw	বিএমডাবলিউ
bo	বো
boa	বোআ
board	বর্ড
boarding	বর্ডিং
boards	বর্ডজ
boasts	বোস্টস
boat	বোট
boating	বোটিং
boats	বোটস
bob	বব
bobby	ববি
boca	বোকা
bodies	বডিজ
bodily	বডিলি
body	বডি
boeing	বোইং
bogus	বোগাস
bohemian	বোহিমিয়ান
boil	বয়ল
boiled	বয়ল্ড
boiler	বয়লার
boiling	বয়লিং
boise	বয়জি
bold	বোল্ড
bolivia	বলিভিয়া
bollywood	বলিউড
bologna	বলোনি
bolt	বোল্ট
bolton	বোল্টন
bolts	বোল্টস
bomb	বম
bombay	বমবে
bomber	বমার
bombers	বমার্জ
bombing	বমিং
bombings	বমিংজ
bombs	বমজ
bond	বন্ড
bondage	বন্ডাজ
bonded	বোন্ডড
bonding	বন্ডিং
bonds	বন্ডজ
bone	বোন
bones	বোনজ
bonn	বন
bonnie	বনি
bono	বোনো
bonsai	বনসাই
bonus	বোনাস
bonuses	বোনসিজ
boo	বু
boob	বুব
boobs	বুবজ
boogie	বুগি
book	বুক
booked	বুক্ট
booking	বুকিং
bookings	বুকিংজ
booklet	বুকলেট
bookmark	বুকমার্ক
bookmarks	বুকমার্ক্স
books	বুক্স
booksellers	বুক্সেলার্জ
bookshelf	বুকশেলফ
bookshop	বুকশপ
bookstore	বুক্স্টর
bookstores	বুক্স্টর্জ
boolean	বুলিয়ান
boom	বুম
boone	বুন
boost	বুস্ট
booster	বুস্টার
boot	বুট
booth	বুথ
boots	বুটস
bootstrap	বুটস্ট্রাপ
booty	বুটি
bop	বপ
bordeaux	বর্ডো
border	বর্ডার
borders	বর্ডার্জ
bore	বর
bored	বর্ড
boredom	বর্ডম
boring	বরিং
boris	বরিস
borland	বর্লান্ড
born	বর্ন
borne	বর্ন
borough	বারো
borrow	বরো
borrowed	বরোড
borrower	বরোআর
borrowers	বরোআর্জ
borrowing	বরোইং
bos	বস
bosch	বশ
bose	বোজ
bosnia	বোজনিয়া
boss	বস
bosses	বসিজ
boston	বস্টন
bot	বট
botanical	বট্যানিকাল
botany	বটানি
both	বোথ
bother	বদার
bothered	বদার্ড
bots	বটস
botswana	বটসোয়ানা
bottle	বোটল
bottled	বোটল্ড
bottles	বোটলজ
bottom	বটম
bottoms	বটমজ
bought	বট
boulder	বোল্ডার
boulevard	বুলেভোর্ড
bounce	বাউনস
bouncing	বাউনসিং
bound	বাউন্ড
boundaries	বাউন্ডারিজ
boundary	বাউন্ডারি
bounded	বাউন্ডড
bounds	বাউন্ডজ
bounty	বাউন্টি
bouquet	বুকে
bouquets	বোকেজ
bout	বাউট
boutique	বুটিক
bovine	বোভাইন
bow	বাউ
bowel	বাউএল
bowen	বোএন
bowie	বোই
bowl	বোল
bowling	বোলিং
bowls	বোলজ
bowman	বোমান
bows	বাউজ
box	বক্স
boxed	বক্স্ট
boxer	বক্সার
boxes	বোক্সজ
boxing	বক্সিং
boy	বয়
boycott	বয়কট
boyd	বয়ড
boyfriend	বয়ফ্রেন্ড
boyle	বয়ল
boys	বয়জ
boyz	বয়জ
bp	বিপি
bra	ব্রা
brace	ব্রেস
bracelet	ব্রেসলট
bracelets	ব্রেসলিটস
braces	ব্রেসজ
bracket	ব্রাকেট
brackets	ব্রাকেটস
brad	ব্রাড
bradford	ব্রাডফার্ড
bradley	ব্রাডলি
brady	ব্রেডি
braille	ব্রেল
brain	ব্রেন
brains	ব্রেনজ
brake	ব্রেক
brakes	ব্রেক্স
branch	ব্রান্চ
branches	ব্রান্চজ
brand	ব্রান্ড
branded	ব্রান্ডিড
branding	ব্রান্ডিং
brandon	ব্রান্ডন
brands	ব্রান্ডজ
brandy	ব্রান্ডি
branson	ব্রানসন
bras	ব্রাস
brasil	ব্রাসিল
brass	ব্রাস
braun	ব্রন
brave	ব্রেভ
braves	ব্রেভজ
bravo	ব্রোভো
brazil	ব্রাজিল
brazilian	ব্রাজিলিয়ন
breach	ব্রিচ
bread	ব্রেড
breadth	ব্রেডথ
break	ব্রেক
breakdown	ব্রেকডাউন
breaker	ব্রেকার
breakers	ব্রেকার্জ
breakfast	ব্রেকফাস্ট
breakfasts	ব্রেকফাস্টস
breaking	ব্রেকিং
breakout	ব্রেকাউট
breaks	ব্রেক্স
breakthrough	ব্রেকথ্রু
breast	ব্রেস্ট
breastfeeding	ব্রেস্টফিডিং
breasts	ব্রেস্টস
breath	ব্রেথ
breathe	ব্রিদ
breathing	ব্রিদিং
breathtaking	ব্রেথটেকিং
bred	ব্রেড
breed	ব্রিড
breeder	ব্রিডার
breeders	ব্রিডার্জ
breeding	ব্রিডিং
breeds	ব্রিডজ
breeze	ব্রিজ
bremen	ব্রেমেন
brenda	ব্রেন্ডা
brendan	ব্রেন্ডান
brennan	ব্রেনান
brent	ব্রেন্ট
brentwood	ব্রেন্টুড
brethren	ব্রেদরেন
brett	ব্রেট
brew	ব্রু
brewer	ব্রুআর
brewers	ব্রুআর্জ
brewery	ব্রুআরি
brewing	ব্রুইং
brian	ব্রাইঅন
brick	ব্রিক
bricks	ব্রিক্স
bridal	ব্রাইডাল
bride	ব্রাইড
brides	ব্রাইডজ
bridge	ব্রিজ
bridgeport	ব্রিজপর্ট
bridges	ব্রিজজ
bridget	ব্রিজেট
bridgewater	ব্রিজোয়টার
bridging	ব্রিজিং
brief	ব্রিফ
briefcase	ব্রিফকেস
briefing	ব্রিফিং
briefings	ব্রিফিংজ
briefly	ব্রিফলি
briefs	ব্রিফস
brigade	ব্রিগেড
briggs	ব্রিগজ
bright	ব্রাইট
brighter	ব্রাইটার
brightness	ব্রাইটনেস
brighton	ব্রাইটন
brilliant	ব্রিলিয়ন্ট
bring	ব্রিং
bringing	ব্রিংইং
brings	ব্রিংজ
bristol	ব্রিস্টল
brit	ব্রিট
britain	ব্রিটান
britannica	ব্রিট্যানিকা
british	ব্রিটিশ
britney	ব্রিটনি
brittany	ব্রিটানি
bro	ব্রো
broad	ব্রড
broadband	ব্রডব্যান্ড
broadcast	ব্রডক্যাস্ট
broadcasters	ব্রডক্যাস্টার্জ
broadcasting	ব্রডক্যাস্টিং
broadcasts	ব্রডক্যাস্টস
broader	ব্রডার
broadly	ব্রডলি
broadway	ব্রডোয়ে
broccoli	ব্রকলি
brochure	ব্রোশুর
brochures	ব্রোশুর্জ
brock	ব্রক
broke	ব্রোক
broken	ব্রোকেন
broker	ব্রোকার
brokerage	ব্রোকারাজ
brokers	ব্রোকার্জ
broncos	ব্রংকোজ
bronx	ব্রংক্স
bronze	ব্রনজ
brook	ব্রুক
brooke	ব্রুক
brooklyn	ব্রুকলিন
brooks	ব্রুক্স
brother	ব্রাদার
brotherhood	ব্রাদারহুড
brothers	ব্রাদার্জ
brought	ব্রট
brown	ব্রাউন
browne	ব্রাউন
browning	ব্রাউনিং
browns	ব্রাউনজ
browse	ব্রাউজ
browser	ব্রাউজার
browsers	ব্রাউজার্জ
browsing	ব্রাউজিং
bruce	ব্রুস
bruins	ব্রুইনজ
brunch	ব্রান্চ
brunei	ব্রুনাই
brunette	ব্রুনেট
bruno	ব্রুনো
brunswick	ব্রানজুইক
brush	ব্রাশ
brushed	ব্রাশট
brushes	ব্রাশিজ
brussels	ব্রাসেলজ
brutal	ব্রুটাল
bryan	ব্রাইআন
bryant	ব্রাইআন্ট
bryce	ব্রাইস
bs	বিএস
bt	বিটি
bubble	বাবল
bubbles	বাবলজ
buchanan	বিউক্যানান
buck	বাক
bucket	বাকেট
buckingham	বাকিংহ্যাম
buckle	বাকল
buckley	বাকলি
bucks	বাক্স
bud	বাড
budapest	বুডাপেস্ট
buddha	বুডা
buddhism	বুডিজম
buddhist	বুডিস্ট
buddies	বাডিজ
buddy	বাডি
budget	বাজেট
budgetary	বাজেটেরি
budgeting	বাজেটিং
budgets	বাজেটস
buds	বাডজ
buena	বুনা
buenos	বোয়েনোস
buff	বাফ
buffalo	বাফালো
buffer	বাফার
buffers	বাফার্জ
buffet	বাফেট
buffy	বাফি
bug	বাগ
buggy	বাগি
bugs	বাগজ
buick	বিউইক
build	বিল্ড
builder	বিল্ডার
builders	বিল্ডার্জ
building	বিল্ডিং
buildings	বিল্ডিংজ
builds	বিল্ডজ
built	বিল্ট
bukkake	বুকাকে
bulb	বালব
bulbs	বালবজ
bulgaria	বলগেরিয়া
bulgarian	বলগেরিয়ান
bulk	বালক
bull	বুল
bulldog	বুল্ডগ
bulldogs	বুল্ডগজ
bullet	বুলেট
bulletin	বুলেটিন
bulletins	বুলেটিনজ
bullets	বুলেটস
bullock	বুলক
bulls	বুলজ
bullshit	বুলশিট
bullying	বুলিইং
bump	বাম্প
bumper	বাম্পার
bunch	বান্চ
bundle	বান্ডল
bundled	বান্ডল্ড
bundles	বান্ডলজ
bungalow	বাংগালো
bunk	বাংক
bunker	বাংকার
bunny	বানি
bur	বার
burbank	বার্ব্যাংক
burden	বার্ডেন
bureau	বিউরো
bureaucracy	বিউরাক্রাসি
burger	বার্গার
burgers	বার্গার্জ
burgess	বার্জেস
burgundy	বার্গান্ডি
burial	বেরিয়াল
buried	বেরিড
burke	বার্ক
burkina	বারকিনা
burlington	বার্লিংটন
burma	বার্মা
burn	বার্ন
burned	বার্ন্ড
burner	বার্নার
burners	বার্নার্জ
burnett	বারনেট
burning	বার্নিং
burns	বার্নজ
burnt	বার্ন্ট
burr	বার
burst	বার্স্ট
burt	বার্ট
burton	বার্টন
burundi	বারান্ডি
bury	বেরি
busch	বুশ
buses	বাসিজ
bush	বুশ
business	বিজনস
businesses	বিজনিসেজ
businessman	বিজনসম্যান
bust	বাস্ট
busted	বাস্টিড
buster	বাস্টার
busty	বাস্টি
but	বাট
butcher	বুচার
butler	বাটলার
butt	বাট
butte	বিউট
butter	বাটার
butterflies	বাটারফলাইজ
butterfly	বাটারফলাই
button	বাটন
buttons	বাটনজ
butts	বাটস
buy	বাই
buyer	বাইআর
buyers	বাইআর্জ
buying	বাইইং
buys	বাইজ
buzz	বাজ
by	বাই
bye	বাই
bylaws	বাইলজ
bypass	বাইপ্যাস
byrd	বার্ড
byrne	বার্ন
byron	বাইরন
byte	বাইট
bytes	বাইটস
c	সি
ca	কা
cab	ক্যাব
cabaret	ক্যাবারে
cabbage	ক্যাবাজ
cabernet	ক্যাবারনে
cabin	ক্যাবিন
cabinet	ক্যাবিনেট
cabinets	ক্যাবিনেটস
cabins	ক্যাবিনজ
cable	কেবল
cables	কেবলজ
cabo	ক্যাবো
cac	ক্যাক
cache	ক্যাশ
cached	ক্যাশট
caching	ক্যাশিং
cactus	ক্যাক্টাস
cad	ক্যাড
cadet	কাডেট
cadillac	ক্যাডিল্যাক
caesar	সিজার
cafe	কফে
cafes	ক্যাফেজ
cafeteria	ক্যাফটিরিয়া
caffeine	ক্যাফিন
cage	কেজ
cages	কেজিজ
cain	কেন
cairns	কের্নজ
cairo	কাইরো
cajun	কেজন
cake	কেক
cakes	কেক্স
cal	ক্যাল
calcium	ক্যালসিয়াম
calculate	ক্যালকিয়লেট
calculated	ক্যালকিয়লেটিড
calculating	ক্যালকিয়লেটিং
calculation	ক্যালকিয়লেশন
calculations	ক্যালকিয়লেশনজ
calculator	ক্যালকিয়লেটার
calculators	ক্যালকিয়লেটার্জ
calculus	ক্যালকিয়লাস
calcutta	ক্যালকাটা
caldwell	কল্ডোয়েল
caledonia	ক্যালডোনিয়া
calendar	ক্যালেন্ডার
calendars	ক্যালেন্ডার্জ
calf	ক্যাফ
calgary	ক্যালগারি
calhoun	ক্যালহুন
caliber	ক্যালিবার
calibration	ক্যালিব্রেশন
california	ক্যালিফর্নিয়া
callaway	ক্যালাওয়ে
callback	কলব্যাক
called	কল্ড
caller	কলার
calling	কলিং
calls	কলজ
calm	কাম
calorie	ক্যালারি
calories	ক্যালারিজ
calvin	ক্যালভিন
cam	ক্যাম
camaro	কামেরো
cambodia	ক্যামবোডিয়া
cambridge	কেমব্রিজ
camcorder	ক্যামকর্ডার
camcorders	ক্যামকর্ডার্জ
camden	ক্যামডেন
came	কেম
camel	ক্যামেল
cameras	ক্যামারাজ
cameron	ক্যামারন
cameroon	ক্যামারুন
camino	কামিনো
camp	ক্যাম্প
campaign	ক্যাম্পেন
campaigns	ক্যাম্পেনজ
campbell	ক্যামবেল
camper	ক্যাম্পার
campers	ক্যাম্পার্জ
campground	ক্যাম্পগ্রাউন্ড
campgrounds	ক্যাম্পগ্রাউন্ডজ
camping	ক্যাম্পিং
camps	ক্যাম্পস
campus	ক্যাম্পাস
campuses	ক্যাম্পসজ
cams	ক্যামজ
can	ক্যান
canadian	কনেডিয়ান
canadians	কনেডিয়ানজ
canal	কান্যাল
canary	কানেরি
canberra	ক্যানবেরা
cancel	ক্যানসেল
canceled	ক্যানসেল্ড
cancellation	ক্যানসেলেশন
cancellations	ক্যানসেলেশনজ
cancelled	ক্যানসেল্ড
cancer	ক্যানসার
cancers	ক্যানসার্জ
cancun	ক্যাংকান
candid	ক্যান্ডিড
candidate	ক্যান্ডিডেট
candidates	ক্যান্ডিডেটস
candle	ক্যান্ডল
candles	ক্যান্ডলজ
candy	ক্যান্ডি
cane	কেন
canine	কেনাইন
cannabis	ক্যানাবিস
canned	ক্যান্ড
cannes	ক্যানজ
cannon	ক্যানন
canoe	কানু
canoeing	কনুইং
canon	ক্যানন
canonical	কাননিকাল
canopy	ক্যানপি
cans	ক্যানজ
cant	ক্যান্ট
canterbury	ক্যান্টারবেরি
canton	ক্যান্টন
canvas	ক্যানভাস
canyon	ক্যানিয়ন
cao	কাউ
cap	ক্যাপ
capabilities	কেপাবিলিটিজ
capability	কেপাবিলিটি
capable	কেপবল
capacities	কাপ্যাসিটিজ
capacitor	কাপ্যাসিটার
capacity	কাপ্যাসিটি
cape	কেপ
capita	ক্যাপিটা
capital	ক্যাপিটাল
capitalism	ক্যাপিটলিজম
capitalist	ক্যাপিটালিস্ট
capitals	ক্যাপিটালজ
capitol	ক্যাপিটল
capped	ক্যাপ্ট
capri	ক্যাপ্রি
caps	ক্যাপস
capsule	ক্যাপসাল
capsules	ক্যাপসালজ
captain	ক্যাপ্টান
caption	ক্যাপশন
captive	ক্যাপ্টিভ
capture	ক্যাপচার
captured	ক্যাপচার্ড
captures	ক্যাপচার্জ
capturing	ক্যাপচারিং
carat	কেরাট
caravan	ক্যারাভ্যান
carb	কার্ব
carbohydrate	কোর্বোহাইড্রেট
carbohydrates	কোর্বোহাইড্রেটস
carbon	কোর্বন
carbonate	কোর্বনেট
carbs	কার্বজ
carcinoma	কোর্সিনোমা
card	কার্ড
cardboard	কোর্ডবর্ড
cardiac	কার্ডিঅ্যাক
cardiff	কার্ডিফ
cardinal	কার্ডিনাল
cardinals	কার্ডিনালজ
cardio	কোর্ডিও
cardiology	কোর্ডিয়লজি
cardiovascular	কোর্ডিওভ্যাস্কিয়লার
cards	কার্ডজ
care	কেয়ার
cared	কের্ড
career	কারির
careers	কারির্জ
careful	কের্ফল
carefully	কের্ফলি
caregivers	কের্গিভার্জ
cares	কের্জ
carey	কেরি
cargo	কোর্গো
caribbean	কারিবিয়ান
caring	কেরিং
carl	কার্ল
carla	কার্লা
carleton	কোর্ল্টন
carlisle	কার্লাইল
carlo	কোর্লো
carlos	কোর্লোস
carlsbad	কার্লসব্যাড
carlson	কোর্লসন
carlton	কোর্ল্টন
carmel	কার্মেল
carmen	কার্মেন
carnegie	কার্নেগি
carnival	কার্নিভাল
carol	ক্যারল
carole	ক্যারল
carolina	কেরলাইনা
caroline	কেরলাইন
carolyn	কেরলিন
carp	কার্প
carpenter	কার্পেন্টার
carpet	কার্পেট
carpets	কার্পেটস
carr	কার
carrera	কারেরা
carriage	ক্যারিজ
carrie	কেরি
carried	ক্যারিড
carrier	ক্যারিআর
carriers	ক্যারিআর্জ
carries	ক্যারিজ
carroll	ক্যারল
carrot	ক্যারট
carrots	ক্যারটস
carry	ক্যারি
carrying	ক্যারিইং
cars	কার্জ
carson	কোর্সন
cart	কার্ট
carte	কার্ট
carter	কার্টার
cartier	কার্টিআর
carton	কোর্টন
cartoon	কার্টুন
cartoons	কার্টুনজ
cartridge	কার্ট্রিজ
cartridges	কার্ট্রজজ
carts	কার্টস
carved	কার্ভড
carver	কার্ভার
carving	কার্ভিং
cary	কেরি
cas	ক্যাস
casa	কাসা
cascade	ক্যাস্কেড
case	কেস
cases	কেসজ
casey	কেসি
cash	ক্যাশ
cashier	ক্যাশির
cashiers	ক্যাশির্জ
cashmere	ক্যাজমের
casino	কাসিনো
casinos	কাসিনোজ
casio	ক্যাসিও
casper	ক্যাসপার
cass	ক্যাস
casserole	ক্যাসারোল
cassette	কাসেট
cassettes	কাসেটস
cassidy	ক্যাসিডি
cast	ক্যাস্ট
casting	ক্যাস্টিং
castle	ক্যাসল
castles	ক্যাসলজ
castro	ক্যাস্ট্রো
casts	ক্যাস্টস
casual	ক্যাজওয়ল
casualties	ক্যাজওয়ল্টিজ
casualty	ক্যাজওয়ল্টি
cat	ক্যাট
catalan	ক্যাটালান
catalog	ক্যাটালগ
catalogs	ক্যাটালগজ
catalogue	ক্যাটলগ
catalogues	ক্যাটলগজ
catalyst	ক্যাটালিস্ট
catalytic	ক্যাটালিটিক
catastrophic	ক্যাটাস্ট্রফিক
catch	ক্যাচ
catcher	ক্যাচার
catches	ক্যাচজ
catching	ক্যাচিং
catchment	ক্যাচমেন্ট
categories	ক্যাটেগরিজ
categorized	ক্যাটেগারাইজড
category	ক্যাটেগরি
cater	কেটার
catering	কেটারিং
caterpillar	ক্যাটেপিলার
cathedral	কাথিড্রাল
catherine	ক্যাথারিন
catholic	ক্যাথলিক
catholics	ক্যাথলিক্স
cathy	ক্যাথি
cation	ক্যাটাইঅন
cats	ক্যাটস
cattle	ক্যাটল
caucasian	কাকেজন
caucus	ককাস
caught	কাট
causal	কজাল
cause	কাজ
caused	কাজড
causes	কাজজ
causing	কাজিং
caution	কোশন
cautious	কশিস
cavalier	ক্যাভালির
cavaliers	ক্যাভালির্জ
cavalry	ক্যাভালরি
cave	কেভ
caves	কেভজ
cavity	ক্যাভিটি
cayman	কেমান
cb	সিবি
cbc	সিবিসি
cbs	সিবিএস
cc	সিসি
ccd	সিসিডি
cctv	সিসিটিভি
cd	সিডি
cdc	সিডিসি
cdrom	সিডিরোম
cds	সিডিজ
ce	সিই
cease	সিস
ceased	সিস্ট
cecil	সিসিল
cedar	সিডার
ceiling	সিলিং
ceilings	সিলিংজ
celeb	সেলেব
celebrate	সেলেব্রেট
celebrated	সেলব্রেটিড
celebrates	সেলেব্রেটস
celebrating	সেলেব্রেটিং
celebration	সেলেব্রেশন
celebrations	সেলেব্রেশনজ
celebrities	সেলেব্রিটিজ
celebrity	সেলেব্রিটি
celebs	সেলেবজ
celeron	সেলারন
celestial	সেলেশ্চিল
celine	সেলিন
cell	সেল
cellar	সেলার
cello	চেলো
cellphone	সেলফোন
cells	সেলজ
cellular	সেলিয়লার
celtic	সেল্টিক
cement	সেমেন্ট
cemeteries	সেমেটেরিজ
cemetery	সেমেটেরি
censorship	সেনসারশিপ
census	সেনসাস
cent	সেন্ট
centennial	সেন্টেনিয়াল
center	সেন্টার
centered	সেন্টার্ড
centers	সেন্টার্জ
central	সেন্ট্রাল
centralized	সেন্ট্রালাইজড
centrally	সেন্ট্রালি
centre	সেন্টার
centres	সেন্টার্জ
centro	সেন্ট্রো
cents	সেন্টস
centuries	সেন্চারিজ
century	সেন্চারি
ceo	সিইও
ceramic	সারামিক
ceramics	সারামিক্স
cereal	সিরিয়াল
cerebral	সেরেব্রাল
ceremonies	সেরেমোনিজ
ceremony	সেরেমোনি
cern	সার্ন
cert	সার্ট
certain	সার্টান
certainly	সার্টানলি
certainty	সার্টান্টি
certificate	সারটিফিকাট
certificates	সারটিফিকাটস
certification	সার্টিফিকেশন
certifications	সার্টিফিকেশনজ
certified	সার্টিফাইড
certify	সার্টিফাই
cervical	সার্ভিকাল
cessation	সেসেশন
cfo	সিএফো
cgi	সিগিআই
cha	চা
chad	চ্যাড
chain	চেন
chains	চেনজ
chair	চেয়ার
chaired	চের্ড
chairman	চের্মান
chairperson	চের্পার্সন
chairs	চের্জ
chalet	শ্যালে
chalk	চাক
challenge	চ্যালেন্জ
challenged	চ্যালেন্জড
challenger	চ্যালেন্জার
challenges	চ্যালন্জিজ
challenging	চ্যালেন্জিং
chamber	চেমবার
chambers	চেমবার্জ
champ	চ্যাম্প
champagne	শ্যাম্পেন
champaign	চ্যাম্পেন
champion	চ্যাম্পিয়ান
champions	চ্যাম্পিয়ানজ
championship	চ্যাম্পিয়ানশিপ
championships	চ্যাম্পিয়ানশিপস
champs	চ্যাম্পস
chan	চ্যান
chance	চ্যানস
chancellor	চ্যানসেলার
chances	চ্যানসজ
chandelier	শ্যান্ডেলির
chandler	চ্যান্ডলার
chanel	শনেল
chang	চ্যাং
changed	চেন্জড
changer	চেন্জার
changes	চেন্জজ
changing	চেন্জিং
channel	চ্যানেল
channels	চ্যানেলজ
chaos	কেঅস
chaotic	কেঅটিক
chap	চ্যাপ
chapel	চ্যাপেল
chapman	চ্যাপমান
chapter	চ্যাপ্টার
chapters	চ্যাপ্টার্জ
character	কেরাক্টার
characteristic	কেরাক্টারিস্টিক
characteristics	কেরাক্টারিস্টিক্স
characterization	কেরাক্টারিজেশন
characterize	কেরাক্টারাইজ
characterized	কেরাক্টারাইজড
characters	ক্যারাক্টার্জ
charcoal	চোর্কোল
charged	চার্জড
charger	চার্জার
chargers	চার্জার্জ
charges	চার্জজ
charging	চার্জিং
charitable	চ্যারটবল
charities	চেরিটিজ
charity	চেরিটি
charles	চার্লজ
charleston	চোর্লস্টন
charlie	চার্লি
charlotte	শোর্লট
charlottesville	শোর্লটসভিল
charlton	চোর্ল্টন
charm	চার্ম
charmed	চার্মড
charming	চার্মিং
charms	চার্মজ
chart	চার্ট
charter	চার্টার
chartered	চার্টার্ড
charters	চার্টার্জ
charts	চার্টস
chase	চেস
chaser	চেসার
chasing	চেসিং
chassis	চ্যাসি
chat	চ্যাট
chateau	শ্যাটো
chatham	চ্যাটাম
chats	চ্যাটস
chattanooga	চ্যাটানুগা
chatter	চ্যাটার
chatting	চ্যাটিং
chavez	শাভেজ
che	চে
cheap	চিপ
cheaper	চিপার
cheapest	চিপেস্ট
cheat	চিট
cheating	চিটিং
cheats	চিটস
check	চেক
checked	চেক্ট
checker	চেকার
checking	চেকিং
checklist	চেকলিস্ট
checkout	চেকাউট
checkpoint	চেকপয়ন্ট
checks	চেক্স
cheek	চিক
cheeks	চিক্স
cheer	চির
cheerful	চির্ফাল
cheerleader	চির্লিডার
cheerleaders	চির্লিডার্জ
cheers	চির্জ
cheese	চিজ
chef	শেফ
chefs	শেফস
chelsea	চেলসি
chem	কেম
chemical	কেমিকাল
chemically	কেমকলি
chemicals	কেমিকালজ
chemist	কেমিস্ট
chemistry	কেমিস্ট্রি
chemotherapy	কিমোথেরাপি
chen	চেন
cheney	চেনি
cheng	চেং
chennai	চেনাই
cheque	চেক
cheques	চেক্স
cher	শেয়ার
cherokee	চেরকি
cherries	চেরিজ
cherry	চেরি
cheryl	শেরিল
chesapeake	চেসাপিক
cheshire	চেশার
chess	চেস
chest	চেস্ট
chester	চেস্টার
chesterfield	চেস্টারফিল্ড
chestnut	চেসনট
chevrolet	শেভরলে
chevy	শেভি
chew	চু
cheyenne	শাইএন
chi	কাই
chiang	চ্যাং
chic	শিক
chicago	শিকোগো
chick	চিক
chicken	চিকেন
chickens	চিকেনজ
chicks	চিক্স
chico	চিকো
chief	চিফ
chiefs	চিফস
child	চাইল্ড
childbirth	চাইল্ডবার্থ
childcare	চাইল্ডকেয়ার
childhood	চাইল্ডহুড
children	চিল্ড্রেন
childrens	চিল্ড্রেনজ
childs	চাইল্ডজ
chile	চিলি
chilean	চিলিয়ান
chili	চিলি
chill	চিল
chimney	চিমনি
chin	চিন
china	চাইনা
chinatown	চাইনাটাউন
chinese	চাইনিজ
ching	চিং
chip	চিপ
chips	চিপস
chiropractic	কাইরোপ্রাক্টিক
chit	চিট
chloe	ক্লোই
chloride	ক্লরাইড
chlorine	ক্লরিন
cho	চো
chocolates	চকলটস
choice	চয়স
choices	চয়সজ
choir	কোয়াইআর
cholesterol	কলেস্টারল
choose	চুজ
chooses	চুজজ
choosing	চুজিং
chop	চপ
chopped	চপ্ট
chopper	চপার
choral	করাল
chord	কর্ড
chords	কর্ডজ
chorus	করাস
chose	চোজ
chosen	চোজেন
chow	চাউ
chris	ক্রিস
christ	ক্রাইস্ট
christchurch	ক্রাইস্টচার্চ
christensen	ক্রিস্টেনসেন
christi	ক্রিস্টি
christian	ক্রিশ্চন
christianity	ক্রিস্চিঅ্যানিটি
christians	ক্রিশ্চনজ
christie	ক্রিস্টি
christina	ক্রিস্টিনা
christine	ক্রিস্টিন
christmas	ক্রিসমাস
christopher	ক্রিস্টফার
christy	ক্রিস্টি
chromatography	ক্রোমাটগ্রাফি
chrome	ক্রোম
chromium	ক্রোমিয়াম
chromosome	ক্রোমসোম
chronic	ক্রনিক
chronicle	ক্রোনিকল
chronicles	ক্রোনিকলজ
chronological	ক্রনলজিকাল
chronology	ক্রনলজি
chrysler	ক্রাইসলার
chu	চু
chubby	চাবি
chuck	চাক
chung	চাং
chunk	চাংক
church	চার্চ
churches	চার্চিজ
churchill	চার্চিল
cia	সিআইএ
cialis	সিয়লস
ciao	চাউ
cid	সিড
cider	সাইডার
cigar	সিগার
cigarette	সিগারেট
cigarettes	সিগারেটস
cigars	সিগার্জ
cincinnati	সিনসিন্যাটি
cinderella	সিন্ডারেলা
cindy	সিন্ডি
cinema	সিনেমা
cinemas	সিনেমাজ
cingular	সিনগুলার
cinnamon	সিনামন
cio	সিআইও
circa	সার্কা
circle	সার্কল
circles	সার্কলজ
circuit	সার্কাট
circuits	সার্কাটস
circular	সার্কিয়লার
circulated	সার্কিয়লেটিড
circulating	সার্কিয়লেটিং
circulation	সার্কিয়লেশন
circumstance	সার্কামস্ট্যানস
circumstances	সার্কমস্ট্যানসজ
circus	সার্কাস
cisco	সিস্কো
cit	সিআইটি
citation	সাইটেশন
citations	সাইটেশনজ
cite	সাইট
cited	সাইটড
cites	সাইটস
cities	সিটিজ
citing	সাইটিং
citizen	সিটিজেন
citizens	সিটিজেনজ
citizenship	সিটিজেনশিপ
citrix	সিট্রিক্স
citroen	সিট্রোন
citrus	সিট্রাস
city	সিটি
citysearch	সিটিসার্চ
civic	সিভিক
civil	সিভিল
civilian	সিভিলিয়ন
civilians	সিভিলিয়নজ
civilization	সিভিলিজেশন
clad	ক্ল্যাড
claim	ক্লেম
claimant	ক্লেমান্ট
claimed	ক্লেমড
claiming	ক্লেমিং
claims	ক্লেমজ
clair	ক্লেয়ার
claire	ক্লেয়ার
clam	ক্ল্যাম
clamp	ক্ল্যাম্প
clamps	ক্ল্যাম্পস
clan	ক্ল্যান
clancy	ক্ল্যানসি
clapton	ক্ল্যাপ্টন
clara	ক্ল্যারা
clare	ক্লেয়ার
claremont	ক্লের্মোন্ট
clarence	ক্লেরেনস
clarendon	ক্লেরেন্ডন
clarification	ক্লেরিফিকেশন
clarified	ক্লেরিফাইড
clarify	ক্লেরিফাই
clarinet	ক্লেরিনেট
clarion	ক্লেরিয়ান
clarity	ক্লেরিটি
clark	ক্লার্ক
clarke	ক্লার্ক
clarkson	ক্লোর্ক্সন
clash	ক্ল্যাশ
classes	ক্ল্যাসজ
classic	ক্ল্যাসিক
classical	ক্ল্যাসিকাল
classics	ক্ল্যাসিক্স
classification	ক্ল্যাসিফিকেশন
classifications	ক্ল্যাসিফিকেশনজ
classified	ক্ল্যাসিফাইড
classifieds	ক্ল্যাসিফাইডজ
classify	ক্ল্যাসিফাই
classmates	ক্ল্যাসমেটস
classroom	ক্ল্যাসরুম
classrooms	ক্ল্যাসরুমজ
classy	ক্ল্যাসি
claude	ক্লড
claudia	ক্লডিয়া
claus	ক্লজ
clause	ক্লজ
clauses	ক্লজজ
claw	ক্ল
clay	ক্লে
clayton	ক্লেটন
clean	ক্লিন
cleaned	ক্লিন্ড
cleaner	ক্লিনার
cleaners	ক্লিনার্জ
cleaning	ক্লিনিং
cleanliness	ক্লেনলিনেস
cleansing	ক্লেনজিং
cleanup	ক্লিনপ
clear	ক্লির
clearance	ক্লিরানস
cleared	ক্লির্ড
clearer	ক্লিরার
clearing	ক্লিরিং
clearinghouse	ক্লিরিংহাউস
clearly	ক্লির্লি
clears	ক্লির্জ
clearwater	ক্লিরোয়াটার
cleavage	ক্লিভাজ
clement	ক্লেমেন্ট
clemson	ক্লেমসন
clergy	ক্লার্জি
clerical	ক্লেরিকাল
clerk	ক্লার্ক
clerks	ক্লার্ক্স
cleveland	ক্লিভলন্ড
clever	ক্লেভার
click	ক্লিক
clicked	ক্লিক্ট
clicking	ক্লিকিং
clicks	ক্লিক্স
client	ক্লাইঅন্ট
clients	ক্লাইঅন্টস
cliff	ক্লিফ
clifford	ক্লিফার্ড
cliffs	ক্লিফস
clifton	ক্লিফটন
climate	ক্লাইমাট
climax	ক্লাইম্যাক্স
climb	ক্লাইম
climbed	ক্লাইমড
climbing	ক্লাইমিং
clinic	ক্লিনিক
clinical	ক্লিনিকাল
clinically	ক্লিনিকালি
clinics	ক্লিনিক্স
clint	ক্লিন্ট
clinton	ক্লিন্টন
clip	ক্লিপ
clipboard	ক্লিপবর্ড
clippers	ক্লিপার্জ
clips	ক্লিপস
clive	ক্লাইভ
clock	ক্লক
clocks	ক্লক্স
clone	ক্লোন
clones	ক্লোনজ
cloning	ক্লোনিং
close	ক্লোস
closed	ক্লোজড
closely	ক্লোসলি
closer	ক্লোসার
closes	ক্লোজিজ
closest	ক্লোসেস্ট
closet	ক্লজেট
closing	ক্লোজিং
closure	ক্লোজার
closures	ক্লোজার্জ
cloth	ক্লথ
clothes	ক্লোদজ
clothing	ক্লোদিং
cloud	ক্লাউড
clouds	ক্লাউডজ
cloudy	ক্লাউডি
clover	ক্লোভার
clown	ক্লাউন
club	ক্লাব
clubhouse	ক্লাবহাউস
clubs	ক্লাবজ
clue	ক্লু
clues	ক্লুজ
cluster	ক্লাস্টার
clustering	ক্লাস্টারিং
clusters	ক্লাস্টার্জ
clutch	ক্লাচ
clutter	ক্লাটার
clyde	ক্লাইড
cmos	সিমোস
cnet	সিনেট
cnn	সিএনেন
co	কো
coach	কোচ
coaches	কোচিজ
coaching	কোচিং
coal	কোল
coalition	কোঅলিশন
coarse	কর্স
coast	কোস্ট
coastal	কোস্টাল
coaster	কোস্টার
coastline	কোস্টলাইন
coat	কোট
coated	কোটড
coating	কোটিং
coatings	কোটিংজ
coats	কোটস
coaxial	কোঅ্যাক্সিয়াল
cobalt	কোবল্ট
cobb	কব
cobra	কোব্রা
coca	কোকা
cocaine	কোকেন
cock	কক
cockpit	ককপিট
cocks	কক্স
cocktail	কক্টেল
cocktails	কক্টেলজ
coco	কোকো
cocoa	কোকো
coconut	কোকনট
cocos	কোকোজ
cod	কড
code	কোড
coded	কোডিড
codes	কোডজ
coding	কোডিং
cody	কোডি
coe	কো
coed	কোএড
coefficient	কোঅফিশন্ট
coefficients	কোঅফিশন্টস
coffee	কফি
coffin	কফিন
cognition	কগনিশন
cognitive	কগনিটিভ
cohen	কোএন
coherence	কোহিরেনস
coherent	কোহিরেন্ট
cohort	কোহর্ট
coil	কয়ল
coin	কয়ন
coincidence	কোইনসিডনস
coins	কয়নজ
cola	কোলা
cold	কোল্ড
cole	কোল
coleman	কোলমন
coli	কোলি
colin	কোলিন
coll	কল
collaborate	কল্যাবারেট
collaboration	কল্যাবারেশন
collaborations	কলাবারেশনজ
collaborative	কল্যাবারেটিভ
collage	কলোজ
collagen	কলাগেন
collapse	কল্যাপস
collapsed	কল্যাপস্ট
collar	কলার
collars	কলার্জ
collateral	কল্যাটারাল
colleague	কোলিগ
colleagues	কোলিগজ
collect	কলেক্ট
collected	কলেক্টড
collectible	কলেক্টবল
collectibles	কলেক্টবলজ
collecting	কলেক্টিং
collection	কলেকশন
collections	কলেকশনজ
collective	কলেক্টিভ
collectively	কলেক্টিভলি
collector	কলেক্টার
collectors	কলেক্টার্জ
collects	কলেক্টস
colleen	কলিন
college	কলেজ
colleges	কোলিজিজ
collegiate	কলিজিট
collier	কলিয়ার
collins	কলিনজ
collision	কলিজন
collisions	কলিজনজ
cologne	কলোন
colombia	কলামবিয়া
colombian	কলামবিয়ান
colon	কোলন
colonel	কার্নল
colonial	কলোনিয়াল
colonies	কলনিজ
colony	কলনি
color	কালার
colorado	কলারোডো
colored	কালার্ড
colorful	কালারফাল
coloring	কালারিং
colors	কালার্জ
colour	কালার
coloured	কালার্ড
colours	কালার্জ
colt	কোল্ট
colts	কোল্টস
columbia	কলামবিয়া
columbus	কলামবাস
column	কলাম
columnist	কলামনিস্ট
columnists	কলামনিস্টস
columns	কলামজ
com	কম
coma	কোমা
comb	কোম
combat	কমব্যাট
combination	কমবিনেশন
combinations	কমবিনেশনজ
combine	কমবাইন
combined	কমবাইন্ড
combines	কমবাইনজ
combining	কমবাইনিং
combo	কমবো
combustion	কমবাশ্চন
comcast	কমক্যাস্ট
come	কাম
comeback	কামব্যাক
comedies	কমেডিজ
comedy	কমেডি
comes	কামজ
comet	কমেট
comfort	কামফার্ট
comfortable	কামফারটবল
comfortably	কামফারটাবলি
comforter	কামফারটার
comic	কমিক
comics	কমিক্স
coming	কামিং
comm	কম
comma	কমা
command	কম্যান্ড
commanded	কম্যান্ডিড
commander	কম্যান্ডার
commanders	কম্যান্ডার্জ
commanding	কম্যান্ডিং
commandments	কম্যান্ডমেন্টস
commands	কম্যান্ডজ
commence	কমেনস
commenced	কমেনস্ট
commencement	কমেনস্মন্ট
commencing	কমেনসিং
comment	কমেন্ট
commentaries	কমেন্টেরিজ
commentary	কমেন্টেরি
commented	কোমেন্টড
commenting	কমেন্টিং
comments	কমেন্টস
commerce	কমার্স
commercial	কমার্শিল
commercially	কমার্শিলি
commercials	কমার্শিলজ
commission	কমিশন
commissioned	কমিশন্ড
commissioner	কমিশনার
commissioners	কমিশনার্জ
commissioning	কমিশনিং
commissions	কমিশনজ
commit	কমিট
commitment	কমিটমেন্ট
commitments	কমিটমেন্টস
commits	কমিটস
committed	কমিটিড
committee	কমিটি
committees	কমিটিজ
committing	কমিটিং
commodities	কমডিটিজ
commodity	কমডিটি
commodore	কমডর
common	কমন
commonly	কমনলি
commons	কমনজ
commonwealth	কমনোয়েলথ
communal	কমিউনাল
communicate	কমিউনিকেট
communicated	কমিউনকেটিড
communicating	কমিউনিকেটিং
communication	কমিউনিকেশন
communications	কমিউনিকেশনজ
communicator	কমিউনিকেটার
communion	কমিউনিয়ন
communism	কোমিয়নিজম
communist	কমিয়নিস্ট
communities	কমিউনিটিজ
community	কমিউনিটি
commute	কমিউট
commuter	কমিউটার
como	কোমো
comoros	কমরোস
comp	কম্প
compact	কম্প্যাক্ট
companies	কাম্পানিজ
companion	কম্প্যানিয়ন
companions	কম্প্যানিয়নজ
company	কাম্পানি
compaq	কম্প্যাক
comparable	কোম্পারবল
comparative	কম্পেরাটিভ
compare	কম্পেয়ার
compared	কম্পের্ড
compares	কম্পের্জ
comparing	কম্পেরিং
comparison	কম্পেরিসন
comparisons	কম্পেরিসনজ
compartment	কম্পোর্টমেন্ট
compass	কাম্পাস
compassion	কম্প্যাশন
compassionate	কম্প্যাশনাট
compatibility	কম্প্যাটিবিলিটি
compatible	কম্প্যাটবল
compelled	কম্পেল্ড
compelling	কম্পেলিং
compensate	কম্পেনসেট
compensated	কোম্পনসেটড
compensation	কম্পেনসেশন
compete	কম্পিট
competence	কম্পেটেনস
competencies	কম্পেটেনসিজ
competency	কম্পেটেনসি
competent	কম্পেটেন্ট
competing	কম্পিটিং
competition	কম্পেটিশন
competitions	কম্পেটিশনজ
competitive	কম্পেটিটিভ
competitiveness	কম্পেটিটিভনিস
competitor	কম্পেটিটার
competitors	কম্পেটিটার্জ
compilation	কম্পিলেশন
compilations	কম্পিলেশনজ
compile	কম্পাইল
compiled	কম্পাইল্ড
compiler	কম্পাইলার
compilers	কম্পাইলার্জ
compiling	কম্পাইলিং
complain	কম্প্লেন
complainant	কম্প্লেনান্ট
complained	কম্প্লেন্ড
complaining	কম্প্লেনিং
complaint	কম্প্লেন্ট
complaints	কম্প্লেন্টস
complement	কম্প্লেমেন্ট
complementary	কোম্প্লমেন্ট্রি
complete	কম্প্লিট
completed	কম্প্লিটড
completely	কম্প্লিটলি
completeness	কম্প্লিটনস
completes	কম্প্লিটস
completing	কম্প্লিটিং
completion	কম্প্লিশন
complex	কম্প্লেক্স
complexes	কোম্প্লেক্সজ
complexity	কম্প্লেক্সিটি
compliance	কম্প্লাইঅনস
compliant	কম্প্লাইঅন্ট
complicated	কোম্প্লকেটড
complications	কম্প্লিকেশনজ
complied	কম্প্লাইড
complies	কম্প্লাইজ
compliment	কম্প্লিমেন্ট
complimentary	কম্প্লিমেন্টারি
compliments	কম্প্লিমেন্টস
comply	কম্প্লাই
complying	কম্প্লাইইং
component	কম্পোনেন্ট
components	কম্পোনেন্টস
compose	কম্পোজ
composed	কম্পোজড
composer	কম্পোজার
composers	কম্পোজার্জ
composite	কম্পজিট
composites	কম্পজিটস
composition	কম্পজিশন
compositions	কম্পজিশনজ
compost	কম্পোস্ট
compound	কম্পাউন্ড
compounds	কম্পাউন্ডজ
comprehension	কম্প্রিহেনশন
comprehensive	কম্প্রিহেনসিভ
compress	কম্প্রেস
compressed	কম্প্রেস্ট
compression	কম্প্রেশন
compressor	কম্প্রেসার
comprise	কম্প্রাইজ
comprised	কম্প্রাইজড
comprises	কম্প্রাইজজ
comprising	কম্প্রাইজিং
compromise	কম্প্রমাইজ
compromised	কম্প্রমাইজড
compton	কম্প্টন
comptroller	কমট্রোলার
compulsory	কম্পালসারি
computation	কম্পিয়টেশন
computational	কম্পিউটেশনাল
compute	কম্পিউট
computed	কম্পিউটড
computer	কম্পিউটার
computerized	কম্পিউটারাইজড
computers	কম্পিউটার্জ
computerworld	কম্পিউটারোয়ার্ল্ড
computing	কম্পিউটিং
comstock	কমস্টক
con	কন
conan	কোনান
concealed	কনসিল্ড
conceived	কনসিভড
concentrate	কনসেন্ট্রেট
concentrated	কোনসন্ট্রেটিড
concentrating	কনসেন্ট্রেটিং
concentration	কনসেন্ট্রেশন
concentrations	কনসেন্ট্রেশনজ
concept	কনসেপ্ট
conception	কনসেপশন
concepts	কনসেপ্টস
conceptual	কনসেপচুঅল
concern	কনসার্ন
concerned	কনসার্ন্ড
concerning	কনসার্নিং
concerns	কনসার্নজ
concert	কনসার্ট
concerto	কন্চের্টো
concerts	কনসার্টস
concession	কনসেশন
concessions	কনসেশনজ
concierge	কোনসিয়ের্জ
concise	কনসাইস
conclude	কনক্লুড
concluded	কনক্লুডড
concludes	কনক্লুডজ
concluding	কনক্লুডিং
conclusion	কনক্লুজন
conclusions	কনক্লুজনজ
concord	কনকর্ড
concrete	কনক্রিট
concurrent	কনকারেন্ট
condemned	কন্ডেমড
condensed	কন্ডেনস্ট
condition	কন্ডিশন
conditional	কন্ডিশনাল
conditioned	কন্ডিশন্ড
conditioner	কন্ডিশনার
conditioners	কন্ডিশনার্জ
conditioning	কন্ডিশনিং
conditions	কন্ডিশনজ
condo	কন্ডো
condom	কন্ডম
condominium	কোন্ডমিনিয়াম
condominiums	কোন্ডমিনিয়ামজ
condoms	কন্ডমজ
condos	কন্ডোজ
conduct	কন্ডাক্ট
conducted	কন্ডাক্টড
conducting	কন্ডাক্টিং
conductivity	কন্ডক্টিভিটি
conductor	কন্ডাক্টার
conducts	কন্ডাক্টস
conduit	কোন্ডুইট
cone	কোন
confederate	কনফেডারাট
conference	কনফারেনস
conferences	কোনফারনসজ
conferencing	কোনফ্রনসিং
conferred	কনফার্ড
confess	কনফেস
confession	কনফেশন
confessions	কনফেশনজ
confidence	কনফিডেনস
confident	কনফিডেন্ট
confidential	কনফিডেনশিল
confidentiality	কোনফডেনশিঅ্যালটি
configuration	কনফিগিয়ারেশন
configurations	কনফিগিয়ারেশনজ
configure	কনফিগিয়ার
configured	কনফিগিয়ার্ড
configuring	কনফিগিয়ারিং
confined	কনফাইন্ড
confinement	কনফাইনমন্ট
confirm	কনফার্ম
confirmation	কনফারমেশন
confirmed	কনফার্মড
confirming	কনফার্মিং
confirms	কনফার্মজ
conflict	কনফ্লিক্ট
conflicting	কনফ্লিক্টিং
conflicts	কনফ্লিক্টস
conform	কনফর্ম
conformance	কনফর্মানস
conforming	কনফর্মিং
conformity	কনফর্মিটি
confront	কনফ্রান্ট
confrontation	কনফ্রন্টেশন
confronted	কনফ্রান্টড
confused	কনফিউজড
confusing	কনফিউজিং
confusion	কনফিউজন
congenital	কন্জেনিটাল
congestion	কন্জেশ্চন
congo	কংগো
congrats	কনগ্রাটস
congratulations	কনগ্রাচালেশনজ
congregation	কংগ্রেগেশন
congress	কংগ্রেস
congressional	কনগ্রেশনাল
congressman	কংগ্রেসমান
conjunction	কন্জাংকশন
conn	কন
connect	কনেক্ট
connected	কনেক্টিড
connecticut	কনেটিকাট
connecting	কনেক্টিং
connection	কনেকশন
connections	কনেকশনজ
connectivity	কনেক্টিভিটি
connector	কনেক্টার
connectors	কনেক্টার্জ
connects	কনেক্টস
connie	কনি
connor	কনার
conquer	কংকার
conquest	কংকোয়েস্ট
conrad	কনরাড
cons	কনজ
conscience	কনশনস
conscious	কনশিস
consciousness	কনশিসনেস
consecutive	কনসেকিয়টিভ
consensus	কনসেনসাস
consent	কনসেন্ট
consequence	কনসেকোয়নস
consequences	কোনসকোয়েনসজ
consequential	কনসেকোয়েনশিল
consequently	কনসেকোয়ন্টলি
conservation	কনসারভেশন
conservative	কনসার্ভাটিভ
conservatives	কনসার্ভাটিভজ
conservatory	কনসার্ভাটরি
conserve	কনসার্ভ
conserved	কনসার্ভড
consider	কনসিডার
considerable	কনসিডারবল
considerably	কনসিডারাবলি
consideration	কনসিডারেশন
considerations	কনসিডারেশনজ
considered	কনসিডার্ড
considering	কনসিডারিং
considers	কনসিডার্জ
consist	কনসিস্ট
consisted	কনসিস্টড
consistency	কনসিস্টেনসি
consistent	কনসিস্টেন্ট
consistently	কনসিস্টেন্টলি
consisting	কনসিস্টিং
consists	কনসিস্টস
console	কনসোল
consoles	কনসোলজ
consolidate	কনসলিডেট
consolidated	কনসোলডেটড
consolidation	কনসলিডেশন
consortium	কনসর্শিয়াম
conspiracy	কনস্পিরাসি
constant	কনস্টান্ট
constantly	কনস্টান্টলি
constants	কনস্টান্টস
constituency	কনস্টিচুঅনসি
constituent	কনস্টিচুঅন্ট
constituents	কনস্টিচুঅন্টস
constitute	কনস্টিটিউট
constituted	কোনস্টটুটড
constitutes	কনস্টিটিউটস
constitution	কনস্টিটিউশন
constitutional	কনস্টিটিউশনাল
constrained	কনস্ট্রেন্ড
constraint	কনস্ট্রেন্ট
constraints	কনস্ট্রেন্টস
construct	কনস্ট্রাক্ট
constructed	কনস্ট্রাক্টড
constructing	কনস্ট্রাক্টিং
construction	কনস্ট্রাকশন
constructive	কনস্ট্রাক্টিভ
constructor	কনস্ট্রাক্টার
constructs	কনস্ট্রাক্টস
construed	কনস্ট্রুড
consulate	কনসালাট
consult	কনসাল্ট
consultancy	কনসাল্টানসি
consultant	কনসাল্টান্ট
consultants	কনসাল্টান্টস
consultation	কনসাল্টেশন
consultations	কনসাল্টেশনজ
consulted	কনসাল্টড
consulting	কনসাল্টিং
consume	কনসুম
consumed	কনসুমড
consumer	কনসুমার
consumers	কনসুমার্জ
consuming	কনসুমিং
consumption	কনসাম্পশন
contact	কন্ট্যাক্ট
contacted	কোন্ট্যাক্টিড
contacting	কন্ট্যাক্টিং
contacts	কন্ট্যাক্টস
contain	কন্টেন
contained	কন্টেন্ড
container	কন্টেনার
containers	কন্টেনার্জ
containing	কন্টেনিং
containment	কন্টেনমেন্ট
contains	কন্টেনজ
contaminants	কন্ট্যামিনান্টস
contaminated	কন্ট্যামনেটিড
contamination	কন্ট্যামিনেশন
contemporary	কন্টেম্পারেরি
contempt	কন্টেম্প্ট
content	কন্টেন্ট
contention	কন্টেনশন
contents	কন্টেন্টস
contest	কন্টেস্ট
contested	কন্টেস্টড
contests	কন্টেস্টস
context	কন্টেক্স্ট
contexts	কন্টেক্স্টস
contextual	কোন্টেক্স্চুঅল
contiguous	কন্টিগিউঅস
continent	কন্টিনেন্ট
continental	কন্টিনেন্টাল
continents	কন্টিনেন্টস
contingency	কন্টিন্জনসি
contingent	কন্টিন্জন্ট
continual	কন্টিনিউঅল
continually	কন্টিনিউঅলি
continuation	কন্টিনিউএশন
continue	কন্টিনিউ
continued	কন্টিনিউড
continues	কন্টিনিউজ
continuing	কন্টিনিউইং
continuity	কোন্টনুঅটি
continuous	কন্টিনিউঅস
continuously	কন্টিনিউঅসলি
continuum	কন্টিনিউঅম
contour	কন্টুর
contra	কন্ট্রা
contraception	কন্ট্রাসেপশন
contract	কন্ট্রাক্ট
contracted	কোন্ট্রাক্টড
contracting	কন্ট্রাক্টিং
contraction	কন্ট্রাকশন
contractor	কন্ট্রাক্টার
contractors	কন্ট্রাক্টার্জ
contracts	কন্ট্রাক্টস
contractual	কন্ট্রাকচুঅল
contradiction	কন্ট্রাডিকশন
contrary	কন্ট্রারি
contrast	কন্ট্রাস্ট
contribute	কন্ট্রিবিউট
contributed	কন্ট্রিবিউটিড
contributes	কন্ট্রিবিউটস
contributing	কন্ট্রিবিউটিং
contribution	কন্ট্রিবিউশন
contributions	কন্ট্রিবিউশনজ
contributor	কন্ট্রিবিয়টার
contributors	কন্ট্রিবিয়টার্জ
control	কন্ট্রোল
controlled	কন্ট্রোল্ড
controller	কন্ট্রোলার
controllers	কন্ট্রোলার্জ
controlling	কন্ট্রোলিং
controls	কন্ট্রোলজ
controversial	কন্ট্রভার্শিল
controversy	কন্ট্রভার্সি
convection	কনভেকশন
convenience	কনভিনিয়নস
convenient	কনভিনিয়ন্ট
conveniently	কনভিনিয়ন্টলি
convention	কনভেনশন
conventional	কনভেনশনাল
conventions	কনভেনশনজ
convergence	কনভার্জনস
conversation	কনভারসেশন
conversations	কনভারসেশনজ
converse	কনভার্স
conversely	কোনভারসলি
conversion	কনভার্জন
conversions	কনভার্জনজ
convert	কনভার্ট
converted	কনভার্টিড
converter	কনভার্টার
converters	কনভার্টার্জ
convertible	কনভার্টবল
converting	কনভার্টিং
converts	কনভার্টস
convex	কনভেক্স
convey	কনভে
convicted	কনভিক্টড
conviction	কনভিকশন
convictions	কনভিকশনজ
convince	কনভিনস
convinced	কনভিনস্ট
convincing	কনভিনসিং
conway	কনোয়ে
cook	কুক
cookbook	কুকবুক
cookbooks	কুকবুক্স
cooke	কুক
cooked	কুক্ট
cooker	কুকার
cookers	কুকার্জ
cookie	কুকি
cookies	কুকিজ
cooking	কুকিং
cooks	কুক্স
cookware	কুকোয়ের
cool	কুল
cooled	কুল্ড
cooler	কুলার
coolers	কুলার্জ
coolest	কুলেস্ট
cooling	কুলিং
coop	কুপ
cooper	কুপার
cooperate	কোঅপারেট
cooperation	কোঅপারেশন
cooperative	কোঅপারেটিভ
coordinate	কোঅর্ডনট
coordinated	কোঅর্ডনেটিড
coordinates	কোঅর্ডনটস
coordinating	কোঅর্ডনেটিং
coordination	কোঅর্ডনেশন
coordinator	কোঅর্ডনেটার
coordinators	কোঅর্ডনেটার্জ
cop	কপ
cope	কোপ
copenhagen	কোপেনহেগেন
copied	কপিড
copier	কোপিআর
copiers	কোপিআর্জ
copies	কপিজ
coping	কোপিং
copper	কপার
cops	কপস
copy	কপি
copying	কপিইং
copyright	কপিরাইট
copyrighted	কোপিরাইটিড
copyrights	কপিরাইটস
cor	কর
coral	করাল
cord	কর্ড
cordless	কর্ডলেস
cords	কর্ডজ
core	কর
corel	করেল
cores	কর্জ
corey	করি
corinthians	কারিনথিয়ানজ
cork	কর্ক
corn	কর্ন
cornell	কর্নেল
corner	কর্নার
corners	কর্নার্জ
cornerstone	কর্নারস্টোন
corning	কর্নিং
cornwall	কর্নোয়াল
corona	কারোনা
coronary	করনেরি
corp	কর্প
corporate	কর্পারাট
corporation	কর্পারেশন
corporations	কর্পারেশনজ
corps	কর
corpse	কর্পস
corpus	কর্পাস
corr	কর
correct	কারেক্ট
corrected	কারেক্টড
correcting	কারেক্টিং
correction	কারেকশন
correctional	কারেকশনাল
corrections	কারেকশনজ
corrective	কারেক্টিভ
correctly	কারেক্টলি
correctness	কারেক্টনেস
correlated	করলেটড
correlation	করেলেশন
correlations	করেলেশনজ
correspond	করেসপন্ড
correspondence	করেসপন্ডেনস
correspondent	করেসপন্ডেন্ট
corresponding	করেসপন্ডিং
corresponds	করেসপন্ডজ
corridor	করিডার
corridors	করিডার্জ
corrosion	কারোজন
corrupt	কারাপ্ট
corrupted	কারাপ্টিড
corruption	কারাপশন
corsair	কর্সেয়ার
cortex	কর্টেক্স
corvette	কর্ভেট
cory	করি
cos	কস
cosmetic	কজমেটিক
cosmetics	কজমেটিক্স
cosmic	কজমিক
cosmopolitan	কজমপলিটান
cosmos	কজমোস
cosponsors	কোসপনসার্জ
cost	কস্ট
costa	কস্টা
costello	কস্টেলো
costing	কস্টিং
costly	কস্টলি
costs	কস্টস
costume	কস্টুম
costumes	কস্টুমজ
cot	কট
cote	কোট
cottage	কটাজ
cottages	কোটিজিজ
cotton	কটন
couch	কাউচ
cough	কফ
could	কুড
council	কাউনসিল
councils	কাউনসিলজ
counsel	কাউনসেল
counseling	কাউনসেলিং
counselor	কাউনসেলার
counselors	কাউনসেলার্জ
count	কাউন্ট
countdown	কাউন্টডাউন
counted	কাউন্টিড
counter	কাউন্টার
counterpart	কাউন্টারপোর্ট
counterparts	কাউন্টারপোর্টস
counters	কাউন্টার্জ
counties	কাউন্টিজ
counting	কাউন্টিং
countless	কাউন্টলেস
countries	কান্ট্রিজ
country	কান্ট্রি
countryside	কান্ট্রিসাইড
countrywide	কান্ট্রিওয়াইড
counts	কাউন্টস
county	কাউন্টি
coup	কু
coupe	কুপ
couple	কাপল
coupled	কাপল্ড
couples	কাপলজ
coupling	কাপলিং
coupon	কুপন
coupons	কুপনজ
courage	কারাজ
courier	কারিআর
course	কর্স
courses	কর্সজ
court	কর্ট
courtesy	কার্টেসি
courthouse	কর্টহাউস
courtney	কর্টনি
courtroom	কর্ট্রুম
courts	কর্টস
courtyard	কর্টিয়োর্ড
cousin	কাজিন
cousins	কাজিনজ
couture	কুটুর
cove	কোভ
covenant	কাভেনান্ট
coventry	কাভেন্ট্রি
cover	কাভার
coverage	কাভারাজ
covered	কাভার্ড
covering	কাভারিং
covers	কাভার্জ
covert	কোভার্ট
covington	কাভিংটন
cow	কাউ
coward	কাউআর্ড
cowboy	কাউবয়
cowboys	কাউবয়জ
cows	কাউজ
cox	কক্স
coyote	কাইওটি
cozy	কোজি
cps	সিপিএস
cpu	সিপিইউ
crab	ক্রাব
crack	ক্রাক
cracked	ক্রাক্ট
cracker	ক্রাকার
crackers	ক্রাকার্জ
cracking	ক্রাকিং
cracks	ক্রাক্স
cradle	ক্রেডল
craft	ক্রাফট
crafted	ক্রাফটিড
crafts	ক্রাফটস
craftsman	ক্রাফটস্মান
craig	ক্রেগ
craigslist	ক্রেগজলিস্ট
cramer	ক্রেমার
cranberry	ক্রানবেরি
crane	ক্রেন
crank	ক্রাংক
crap	ক্রাপ
craps	ক্রাপস
crash	ক্রাশ
crashed	ক্রাশট
crashes	ক্রাশিজ
crashing	ক্রাশিং
crate	ক্রেট
crater	ক্রেটার
crawford	ক্রফার্ড
crawl	ক্রল
crazy	ক্রেজি
cream	ক্রিম
creamy	ক্রিমি
create	ক্রিয়েট
created	ক্রিয়েটড
creates	ক্রিয়েটস
creating	ক্রিয়েটিং
creation	ক্রিয়েশন
creations	ক্রিয়েশনজ
creative	ক্রিয়েটিভ
creativity	ক্রিয়েটিভটি
creator	ক্রিয়েটার
creators	ক্রিয়েটার্জ
creature	ক্রিচার
creatures	ক্রিচার্জ
credentials	ক্রেডেনশিলজ
credibility	ক্রেডিবিলিটি
credible	ক্রেডবল
credit	ক্রেডিট
credited	ক্রেডটড
creditor	ক্রেডিটার
creditors	ক্রেডিটার্জ
credits	ক্রেডিটস
creed	ক্রিড
creek	ক্রিক
creep	ক্রিপ
creepy	ক্রিপি
creme	ক্রিম
creole	ক্রিওল
crescent	ক্রেসেন্ট
crest	ক্রেস্ট
crete	ক্রিট
crew	ক্রু
crews	ক্রুজ
crib	ক্রিব
cricket	ক্রিকেট
cried	ক্রাইড
cries	ক্রাইজ
crime	ক্রাইম
crimes	ক্রাইমজ
criminal	ক্রিমিনাল
criminals	ক্রিমিনালজ
crimson	ক্রিমজন
crises	ক্রাইসিজ
crisis	ক্রাইসিস
crisp	ক্রিসপ
criteria	ক্রাইটিরিয়া
criterion	ক্রাইটিরিয়ান
critic	ক্রিটিক
critical	ক্রিটিকাল
critically	ক্রিটিকালি
criticism	ক্রিটিসিজম
criticized	ক্রিটিসাইজড
critics	ক্রিটিক্স
critique	ক্রটিক
critiques	ক্রিটিক্স
crm	সিঅরেম
croatia	ক্রোএশা
croatian	ক্রোএশন
crochet	ক্রোশে
crocodile	ক্রকডাইল
croix	ক্রয়
cron	ক্রন
crooked	ক্রুকড
crop	ক্রপ
crops	ক্রপস
crosby	ক্রজবি
cross	ক্রস
crosse	ক্রস
crossed	ক্রস্ট
crosses	ক্রসিজ
crossing	ক্রসিং
crossover	ক্রসোভার
crossroads	ক্রসরোডজ
crossword	ক্রসোয়ার্ড
crow	ক্রো
crowd	ক্রাউড
crowded	ক্রাউডড
crowds	ক্রাউডজ
crown	ক্রাউন
crowne	ক্রাউন
crucial	ক্রুশিল
crude	ক্রুড
cruel	ক্রুঅল
cruelty	ক্রুল্টি
cruise	ক্রুজ
cruiser	ক্রুজার
cruises	ক্রুজিজ
cruising	ক্রুজিং
crunch	ক্রান্চ
crusade	ক্রুসেড
crush	ক্রাশ
crushed	ক্রাশট
crust	ক্রাস্ট
cruz	ক্রুজ
cry	ক্রাই
crying	ক্রাইইং
crypt	ক্রিপ্ট
crypto	ক্রিপ্টো
crystal	ক্রিস্টাল
crystals	ক্রিস্টালজ
csi	সিএসাই
csv	সিএসভি
ct	কর্ট
cub	কাব
cuba	কিউবা
cuban	কিউবান
cube	কিউব
cubes	কিউবজ
cubic	কিউবিক
cubs	কাবজ
cucumber	কিউকামবার
cue	কিউ
cues	কিউজ
cuff	কাফ
cuisine	কুইজিন
culinary	কিউলিনেরি
cult	কাল্ট
cultivated	কাল্টভেটিড
cultivation	কল্টিভেশন
cultural	কালচারাল
culturally	কালচারালি
culture	কালচার
cultured	কালচার্ড
cultures	কালচার্জ
cum	কাম
cumberland	কামবারলান্ড
cummings	কামিংজ
cumulative	কিউমিয়লাটিভ
cunningham	কানিংহ্যাম
cunt	কান্ট
cup	কাপ
cups	কাপস
cur	কার
curb	কার্ব
cure	কিউর
cured	কিউর্ড
curiosity	কিউরিয়সটি
curious	কিউরিয়াস
curl	কার্ল
curling	কার্লিং
curly	কার্লি
currencies	কারেনসিজ
currency	কারেনসি
current	কারেন্ট
currently	কারেন্টলি
currents	কারেন্টস
curricula	কারিকিয়লা
curricular	কারিকিয়লার
curriculum	কারিকিয়লাম
curry	কারি
curse	কার্স
cursed	কার্স্ট
cursor	কার্সার
curtain	কার্টান
curtains	কার্টানজ
curtis	কার্টিস
curve	কার্ভ
curved	কার্ভড
curves	কার্ভজ
cushion	কুশন
cushions	কুশনজ
custodian	কস্টোডিয়ান
custody	কাস্টডি
custom	কাস্টম
customary	কাস্টমেরি
customer	কাস্টমার
customers	কাস্টমার্জ
customizable	কাস্টমাইজবল
customize	কাস্টমাইজ
customized	কাস্টমাইজড
customizing	কাস্টমাইজিং
customs	কাস্টমজ
cut	কাট
cute	কিউট
cutie	কিউটি
cutlery	কাটলারি
cuts	কাটস
cutter	কাটার
cutters	কাটার্জ
cutting	কাটিং
cv	সিভি
cy	সাই
cyan	সাইঅ্যান
cyber	সাইবার
cyberspace	সাইবারসপেস
cycle	সাইকল
cycles	সাইকলজ
cyclic	সাইকলিক
cycling	সাইকলিং
cyclone	সিকলোন
cylinder	সিলিন্ডার
cylinders	সিলিন্ডার্জ
cynthia	সিনথিয়া
cypress	সাইপ্রেস
cyprus	সাইপ্রাস
cyrus	সাইরাস
czech	চেক
d	ডি
da	ডা
dab	ড্যাব
dac	ড্যাক
dad	ড্যাড
daddy	ড্যাডি
dade	ডেড
dads	ড্যাডজ
daemon	ডিমন
daewoo	ডেউ
dag	ড্যাগ
daily	ডেলি
dairy	ডেরি
daisy	ডেজি
dakota	ডাকোটা
dal	ড্যাল
dale	ডেল
dallas	ড্যালাস
dalton	ডল্টন
daly	ডেলি
damage	ড্যামাজ
damaged	ড্যামাজড
damages	ড্যামজজ
damaging	ড্যামাজিং
dame	ডেম
damien	ডেমিয়ান
damn	ড্যাম
damned	ড্যামড
damon	ডেমন
damp	ড্যাম্প
dams	ড্যামজ
dan	ড্যান
dana	ডেনা
dance	ড্যানস
dancer	ড্যানসার
dancers	ড্যানসার্জ
dances	ড্যানসজ
dancing	ড্যানসিং
dane	ডেন
danger	ডেন্জার
dangerous	ডেন্জারস
dangers	ডেন্জার্জ
daniel	ড্যানিয়ল
danielle	ড্যানিয়েল
daniels	ড্যানিয়লজ
danish	ডেনিশ
danny	ড্যানি
dante	ডান্টে
danville	ড্যানভিল
dar	ডার
darby	ডার্বি
dare	ডেয়ার
darfur	ডাফুর
daring	ডেরিং
dark	ডার্ক
darker	ডার্কার
darkness	ডার্কনেস
darling	ডার্লিং
darlington	ডোর্লিংটন
darn	ডার্ন
darren	ডারেন
dart	ডার্ট
darth	ডার্থ
dartmouth	ডোর্টমথ
darts	ডার্টস
darwin	ডারুইন
das	ড্যাস
dash	ড্যাশ
dashboard	ড্যাশবর্ড
dashed	ড্যাশট
dat	ড্যাট
data	ডেটা
database	ডেটাবেস
databases	ডেটবেসিজ
dataset	ডেটাসেট
datasets	ডেটাসেটস
date	ডেট
dated	ডেটিড
dates	ডেটস
dating	ডেটিং
datum	ড্যাটাম
dau	ডো
daughter	ডটার
daughters	ডটার্জ
dave	ডেভ
davenport	ড্যাভেনপর্ট
david	ডেভিড
davidson	ডেভিডসন
davies	ডেভিজ
davis	ডেভিস
dawn	ডন
dawson	ডসন
day	ডে
daycare	ডেকেয়ার
daylight	ডেলাইট
days	ডেজ
daytime	ডেটাইম
dayton	ডেটন
daytona	ডেটোনা
dc	ডিসি
de	ডি
dea	ডি
dead	ডেড
deadline	ডেডলাইন
deadlines	ডেডলাইনজ
deadly	ডেডলি
deaf	ডেফ
deal	ডিল
dealer	ডিলার
dealers	ডিলার্জ
dealership	ডিলারশিপ
dealing	ডিলিং
dealings	ডিলিংজ
deals	ডিলজ
dealt	ডেল্ট
dean	ডিন
dear	ডির
death	ডেথ
deaths	ডেথস
deb	ডেব
debate	ডেবেট
debates	ডেবেটস
debbie	ডেবি
debian	ডেবিয়ান
debit	ডেবিট
deborah	ডেবারা
debra	ডেব্রা
debris	ডেব্রি
debt	ডেট
debtor	ডেটার
debts	ডেটস
debug	ডিবাগ
debugging	ডিবাগিং
debut	ডেবিউ
dec	ডেক
decade	ডেকেড
decades	ডেকেডজ
decals	ডিক্যালজ
decatur	ডেকেটার
decay	ডেকে
deceased	ডেসিস্ট
decent	ডিসেন্ট
deception	ডেসেপশন
decide	ডিসাইড
decided	ডিসাইডিড
decides	ডিসাইডজ
deciding	ডিসাইডিং
decimal	ডেসিমাল
decision	ডেসিজন
decisions	ডেসিজনজ
decisive	ডেসাইসিভ
deck	ডেক
decker	ডেকার
decks	ডেক্স
declaration	ডেকলারেশন
declarations	ডেকলারেশনজ
declare	ডেকলেয়ার
declared	ডেকলের্ড
declares	ডেকলের্জ
declaring	ডেকলেরিং
decline	ডেকলাইন
declined	ডেকলাইন্ড
declines	ডেকলাইনজ
declining	ডেকলাইনিং
deco	ডেকো
decoder	ডেকোডার
decoding	ডেকোডিং
decomposition	ডিকম্পোজিশন
decor	ডেকর
decorate	ডেকারেট
decorated	ডেকারেটিড
decorating	ডেকারেটিং
decoration	ডেকারেশন
decorations	ডেকারেশনজ
decorative	ডেক্রটিভ
decrease	ডেক্রিস
decreased	ডেক্রিস্ট
decreases	ডিক্রিসজ
decreasing	ডেক্রিসিং
decree	ডেক্রি
dedicated	ডেডকেটড
dedication	ডেডিকেশন
deducted	ডিডাক্টিড
deductible	ডিডাক্টবল
deduction	ডেডাকশন
deductions	ডেডাকশনজ
dee	ডি
deed	ডিড
deeds	ডিডজ
deemed	ডিমড
deep	ডিপ
deeper	ডিপার
deepest	ডিপেস্ট
deeply	ডিপলি
deer	ডির
deere	ডির
default	ডেফল্ট
defaults	ডেফল্টস
defeat	ডেফিট
defeated	ডিফিটড
defect	ডিফেক্ট
defective	ডেফেক্টিভ
defects	ডিফেক্টস
defence	ডেফেনস
defend	ডেফেন্ড
defendant	ডেফেন্ডান্ট
defendants	ডেফেন্ডান্টস
defended	ডিফেন্ডড
defender	ডেফেন্ডার
defenders	ডেফেন্ডার্জ
defending	ডেফেন্ডিং
defense	ডেফেনস
defenses	ডিফেনসজ
defensive	ডেফেনসিভ
deferred	ডেফার্ড
deficiencies	ডেফিশনসিজ
deficiency	ডেফিশনসি
deficient	ডেফিশন্ট
deficit	ডেফিসিট
deficits	ডেফিসিটস
define	ডেফাইন
defined	ডেফাইন্ড
defines	ডেফাইনজ
defining	ডেফাইনিং
definite	ডেফিনিট
definitely	ডেফনটলি
definition	ডেফিনিশন
definitions	ডেফিনিশনজ
definitive	ডেফিনিটিভ
deformation	ডিফর্মেশন
degradation	ডেগ্রাডেশন
degree	ডেগ্রি
degrees	ডেগ্রিজ
del	ডেল
delaware	ডেলাওয়ের
delayed	ডেলেড
delays	ডেলেজ
delegate	ডেলেগেট
delegated	ডেলগেটড
delegates	ডেলেগেটস
delegation	ডেলেগেশন
delete	ডেলিট
deleted	ডিলিটড
deleting	ডেলিটিং
deletion	ডেলিশন
delhi	ডেলি
deli	ডেলি
deliberate	ডেলিবারাট
deliberately	ডিলিবারটলি
delicate	ডেলিকাট
delicious	ডেলিশিস
delight	ডেলাইট
delighted	ডিলাইটড
delightful	ডেলাইটফাল
delights	ডেলাইটস
deliver	ডেলিভার
delivered	ডেলিভার্ড
deliveries	ডেলিভারিজ
delivering	ডেলিভারিং
delivers	ডেলিভার্জ
delivery	ডেলিভারি
dell	ডেল
della	ডেলা
delle	ডেল
delphi	ডেলফাই
delta	ডেল্টা
deluxe	ডেলাক্স
demand	ডেম্যান্ড
demanded	ডিম্যান্ডড
demanding	ডেম্যান্ডিং
demands	ডেম্যান্ডজ
dementia	ডিমেনশিয়া
demi	ডেমি
demo	ডেমো
democracy	ডেমক্রাসি
democrat	ডেমক্রাট
democratic	ডেমক্রাটিক
democrats	ডেমক্রাটস
demographic	ডেমগ্রাফিক
demographics	ডেমগ্রাফিক্স
demolition	ডেমলিশন
demon	ডিমন
demons	ডিমনজ
demonstrate	ডেমনস্ট্রেট
demonstrated	ডেমনস্ট্রেটিড
demonstrates	ডেমনস্ট্রেটস
demonstrating	ডেমনস্ট্রেটিং
demonstration	ডেমনস্ট্রেশন
demonstrations	ডেমনস্ট্রেশনজ
demos	ডেমোজ
den	ডেন
denial	ডিনাইঅল
denied	ডেনাইড
denies	ডেনাইজ
denim	ডেনিম
denis	ডেনিস
denise	ডেনিস
denmark	ডেনমার্ক
dennis	ডেনিস
denny	ডেনি
denote	ডেনোট
denoted	ডিনোটড
denotes	ডেনোটস
dense	ডেনস
densities	ডেনসিটিজ
density	ডেনসিটি
dent	ডেন্ট
dental	ডেন্টাল
dentist	ডেন্টিস্ট
dentistry	ডেন্টিস্ট্রি
dentists	ডেন্টিস্টস
denton	ডেন্টন
denver	ডেনভার
deny	ডেনাই
denying	ডেনাইইং
dep	ডেপ
depart	ডেপার্ট
departed	ডিপার্টিড
departing	ডেপার্টিং
department	ডেপার্টমেন্ট
departmental	ডেপার্টমেনাল
departments	ডেপার্টমেন্টস
departure	ডেপার্চার
departures	ডেপার্চার্জ
depeche	ডেপেশ
depend	ডেপেন্ড
dependable	ডিপেন্ডবল
dependence	ডেপেন্ডেনস
dependencies	ডেপেন্ডেনসিজ
dependency	ডেপেন্ডেনসি
dependent	ডেপেন্ডেন্ট
depending	ডেপেন্ডিং
depends	ডেপেন্ডজ
depicted	ডিপিক্টড
depletion	ডেপলিশন
deploy	ডেপলয়
deployed	ডেপলয়ড
deploying	ডেপলয়ইং
deployment	ডেপলয়মেন্ট
deposit	ডেপজিট
deposited	ডপোজিটিড
deposition	ডেপজিশন
deposits	ডেপজিটস
depot	ডিপো
deprecated	ডেপ্রকেটড
depreciation	ডিপ্রিশিয়েশন
depressed	ডেপ্রেস্ট
depression	ডেপ্রেশন
deprivation	ডেপ্রিভেশন
deprived	ডেপ্রাইভড
depth	ডেপথ
depths	ডেপথস
deputy	ডেপিয়টি
derby	ডার্বি
derbyshire	ডার্বিশার
derek	ডেরেক
derivative	ডারিভাটিভ
derivatives	ডারিভাটিভজ
derive	ডারাইভ
derived	ডারাইভড
dermatology	ডার্মাটলজি
des	ডেস
descendants	ডেসেন্ডান্টস
descending	ডেসেন্ডিং
descent	ডেসেন্ট
describe	ডেসক্রাইব
described	ডেসক্রাইবড
describes	ডেসক্রাইবজ
describing	ডেসক্রাইবিং
description	ডেসক্রিপশন
descriptions	ডেসক্রিপশনজ
descriptive	ডেসক্রিপ্টিভ
descriptor	ডেসক্রিপ্টার
desert	ডেজার্ট
deserve	ডেজার্ভ
deserved	ডেজার্ভড
deserves	ডেজার্ভজ
design	ডেজাইন
designate	ডেজিগনেট
designated	ডেজিগনেটিড
designation	ডেজিগনেশন
designed	ডেজাইন্ড
designer	ডেজাইনার
designers	ডেজাইনার্জ
designing	ডেজাইনিং
designs	ডেজাইনজ
desirable	ডিজাইরবল
desire	ডিজাইআর
desired	ডিজাইআর্ড
desires	ডিজাইআর্জ
desk	ডেসক
deskjet	ডেসকজেট
desks	ডেসক্স
desktop	ডেসক্টপ
desktops	ডেসক্টপস
despair	ডেসপেয়ার
desperate	ডেসপ্রিট
desperately	ডেসপারটলি
despite	ডেসপাইট
dessert	ডেজার্ট
desserts	ডেজার্টস
destination	ডেস্টিনেশন
destinations	ডেস্টিনেশনজ
destined	ডেস্টিন্ড
destiny	ডেস্টিনি
destroy	ডেস্ট্রয়
destroyed	ডেস্ট্রয়ড
destroying	ডেস্ট্রয়ইং
destruction	ডেস্ট্রাকশন
destructive	ডেস্ট্রাক্টিভ
detached	ডেট্যাচট
detail	ডেটেল
detailed	ডেটেল্ড
detailing	ডেটেলিং
details	ডেটেলজ
detained	ডেটেন্ড
detainees	ডেটেনিজ
detect	ডেটেক্ট
detected	ডিটেক্টড
detecting	ডেটেক্টিং
detection	ডেটেকশন
detective	ডেটেক্টিভ
detector	ডেটেক্টার
detectors	ডেটেক্টার্জ
detects	ডেটেক্টস
detention	ডেটেনশন
deter	ডেটার
deterioration	ডিটিরিআরেশন
determinants	ডেটার্মিনান্টস
determination	ডেটার্মিনেশন
determinations	ডেটার্মিনেশনজ
determine	ডেটার্মিন
determined	ডেটার্মিন্ড
determines	ডেটার্মিনজ
determining	ডেটার্মিনিং
detox	ডিটক্স
detroit	ডেট্রয়ট
deutsch	ডয়চ
deutsche	ডয়চ
deutschland	ডয়চল্যান্ড
dev	ডেভ
devastating	ডেভাস্টেটিং
develop	ডেভেলপ
developed	ডেভেলপ্ট
developer	ডেভেলপার
developers	ডেভেলপার্জ
developing	ডেভেলপিং
development	ডেভেলপমেন্ট
developmental	ডেভেলপমেন্টাল
developments	ডেভেলপমেন্টস
develops	ডেভেলপস
deviant	ডিভিয়ান্ট
deviation	ডিভিয়েশন
deviations	ডিভিয়েশনজ
device	ডেভাইস
devices	ডিভাইসজ
devil	ডেভিল
devils	ডেভিলজ
devised	ডেভাইজড
devon	ডেভন
devoted	ডিভোটিড
devotion	ডেভোশন
dew	ডিউ
dewalt	ডিউআল্ট
dewey	ডিউই
dex	ডেক্স
dexter	ডেক্স্টার
di	ডি
dia	ডিয়া
diabetes	ডাইঅবিটিজ
diabetic	ডাইঅবেটিক
diablo	ডাইঅ্যাবলো
diagnose	ডাইঅগনোস
diagnosed	ডাইঅগনোস্ট
diagnosis	ডাইঅগনোসস
diagnostic	ডাইঅগনোস্টিক
diagnostics	ডাইঅগনোস্টিক্স
diagonal	ডাইঅ্যাগনল
diagram	ডাইঅগ্রাম
diagrams	ডাইঅগ্রামজ
dial	ডাইঅল
dialing	ডাইঅলিং
dialog	ডাইঅলগ
dialogue	ডাইঅলগ
dialysis	ডাইঅ্যালসস
diameter	ডাইঅ্যামটার
diamond	ডাইমন্ড
diamonds	ডাইমন্ডজ
diana	ডাইঅ্যানা
diane	ডাইঅ্যান
diaper	ডাইপার
diapers	ডাইঅপার্জ
diaries	ডাইআরিজ
diarrhea	ডাইআরিয়া
diary	ডাইআরি
diaz	ডিঅ্যাজ
dice	ডাইস
dick	ডিক
dicke	ডিক
dickens	ডিকেনজ
dickinson	ডিকিনসন
dicks	ডিক্স
dickson	ডিক্সন
dictionaries	ডিকশনেরিজ
dictionary	ডিকশনেরি
did	ডিড
die	ডাই
died	ডাইড
diego	ডিয়েগো
dies	ডাইজ
diesel	ডিসেল
diet	ডাইঅট
dietary	ডাইঅটেরি
diets	ডাইইটস
diff	ডিফ
differ	ডিফার
difference	ডিফারেনস
differences	ডিফারনসিজ
different	ডিফারেন্ট
differential	ডিফারেনশিল
differentiate	ডিফারেনশিয়েট
differentiated	ডিফারেনশিয়েটিড
differentiation	ডিফারেনশিয়েশন
differently	ডিফ্রন্টলি
differing	ডিফারিং
differs	ডিফার্জ
difficult	ডিফিকাল্ট
difficulties	ডিফিকাল্টিজ
difficulty	ডিফিকাল্টি
diffuse	ডিফিউস
diffusion	ডিফিউজন
dig	ডিগ
digest	ডাইজেস্ট
digestion	ডাইজেশ্চন
digestive	ডাইজেস্টিভ
digging	ডিগিং
diggs	ডিগজ
digit	ডিজিট
digital	ডিজিটাল
digitally	ডিজিটালি
digits	ডিজিটস
dignity	ডিগনিটি
dildo	ডিল্ডো
dildos	ডিল্ডোজ
dilemma	ডিলেমা
diligence	ডিলিজনস
dillon	ডিলন
diluted	ডাইলুটড
dim	ডিম
dime	ডাইম
dimension	ডিমেনশন
dimensional	ডিমেনশনাল
dimensions	ডিমেনশনজ
diminished	ডিমিনিশট
dinar	ডিনার
dine	ডাইন
diner	ডাইনার
diners	ডাইনার্জ
ding	ডিং
dining	ডাইনিং
dinner	ডিনার
dinners	ডিনার্জ
dinnerware	ডিনারোয়ের
dino	ডিনো
dinosaur	ডাইনসর
dinosaurs	ডাইনসর্জ
diocese	ডাইঅসিজ
diode	ডাইওড
dion	ডাইঅন
dior	ডিয়র
dioxide	ডাইঅক্সাইড
dip	ডিপ
diploma	ডিপলোমা
diplomacy	ডিপলোমাসি
diplomatic	ডিপলম্যাটিক
dire	ডাইর
direct	ডারেক্ট
directed	ডারেক্টড
directing	ডারেক্টিং
direction	ডারেকশন
directional	ডারেকশনাল
directions	ডারেকশনজ
directive	ডারেক্টিভ
directives	ডাইরেক্টিভজ
directly	ডারেক্টলি
director	ডারেক্টার
directorate	ডারেক্টারাট
directories	ডাইরেক্টারিজ
directors	ডারেক্টার্জ
directory	ডারেক্টারি
directs	ডারেক্টস
directv	ডারেক্টিভি
dirk	ডার্ক
dirt	ডার্ট
dirty	ডার্টি
dis	ডিস
disabilities	ডিসাবিলিটিজ
disability	ডিসাবিলিটি
disable	ডিসেবল
disabled	ডিসেবল্ড
disadvantage	ডিসাডভ্যান্টাজ
disadvantaged	ডিসাডভ্যান্টাজড
disadvantages	ডিসডভ্যান্টিজিজ
disagree	ডিসাগ্রি
disagreement	ডিসাগ্রিমেন্ট
disappear	ডিসাপির
disappeared	ডিসাপির্ড
disappointed	ডিসপয়ন্টিড
disappointing	ডিসাপয়ন্টিং
disappointment	ডিসাপয়ন্টমেন্ট
disaster	ডিজ্যাস্টার
disasters	ডিজ্যাস্টার্জ
disc	ডিসক
discard	ডিস্কার্ড
discarded	ডিস্কার্ডিড
discharge	ডিস্চার্জ
discharged	ডিস্চার্জড
discharges	ডিস্চার্জজ
disciples	ডিসাইপলজ
disciplinary	ডিসিপলিনেরি
discipline	ডিসিপলিন
disciplines	ডিসিপলিনজ
disclaimer	ডিসক্লেমার
disclaimers	ডিসক্লেমার্জ
disclaims	ডিসক্লেমজ
disclose	ডিসক্লোজ
disclosed	ডিসক্লোজড
disclosure	ডিসক্লোজার
disclosures	ডিসক্লোজার্জ
disco	ডিস্কো
discography	ডিস্কগ্রাফি
discomfort	ডিস্কামফার্ট
disconnect	ডিস্কনেক্ট
disconnected	ডিস্কনেক্টিড
discontinued	ডিস্কন্টিনিউড
discount	ডিস্কাউন্ট
discounted	ডিস্কাউন্টিড
discounts	ডিস্কাউন্টস
discourse	ডিস্কর্স
discover	ডিস্কাভার
discovered	ডিস্কাভার্ড
discoveries	ডিস্কাভারিজ
discovering	ডিস্কাভারিং
discovers	ডিস্কাভার্জ
discovery	ডিস্কাভারি
discreet	ডিসক্রিট
discrepancies	ডিসক্রেপানসিজ
discrete	ডিসক্রিট
discretion	ডিসক্রেশন
discretionary	ডিসক্রেশনেরি
discriminate	ডিসক্রিমিনেট
discrimination	ডিসক্রিমিনেশন
discriminatory	ডিসক্রিমিনাটরি
discs	ডিসক্স
discuss	ডিস্কাস
discussed	ডিস্কাস্ট
discusses	ডিস্কাসজ
discussing	ডিস্কাসিং
discussion	ডিস্কাশন
discussions	ডিস্কাশনজ
disease	ডিজিজ
diseases	ডিজিজজ
dish	ডিশ
dishes	ডিশজ
dishwasher	ডিশোয়াশার
disk	ডিসক
disks	ডিসক্স
dislike	ডিসলাইক
dismiss	ডিসমিস
dismissal	ডিসমিসাল
dismissed	ডিসমিস্ট
disney	ডিজনি
disneyland	ডিজনিল্যান্ড
disorder	ডিসর্ডার
disorders	ডিসর্ডার্জ
dispatch	ডিসপ্যাচ
dispatched	ডিসপ্যাচট
dispenser	ডিসপেনসার
dispensing	ডিসপেনসিং
dispersed	ডিসপার্স্ট
dispersion	ডিসপার্জন
displaced	ডিসপ্লেস্ট
displacement	ডিসপ্লেসমন্ট
display	ডিসপ্লে
displayed	ডিসপ্লেড
displaying	ডিসপ্লেইং
displays	ডিসপ্লেজ
disposable	ডিসপোজবল
disposal	ডিসপোজাল
dispose	ডিসপোজ
disposed	ডিসপোজড
disposition	ডিসপজিশন
dispute	ডিসপিউট
disputed	ডিসপিউটড
disputes	ডিসপিউটস
disregard	ডিসরেগার্ড
disruption	ডিসরাপশন
dissemination	ডিসেমিনেশন
dissent	ডিসেন্ট
dissertation	ডিসারটেশন
dissolution	ডিসলুশন
dissolved	ডিজলভড
distance	ডিস্টানস
distances	ডিস্টনসজ
distant	ডিস্টান্ট
distinct	ডিস্টিংক্ট
distinction	ডিস্টিংকশন
distinctive	ডিস্টিংক্টিভ
distinguish	ডিস্টিংগুইশ
distinguished	ডিস্টিংগুইশট
distinguishing	ডিস্টিংগুইশিং
distorted	ডিস্টর্টড
distortion	ডিস্টর্শন
distress	ডিস্ট্রেস
distressed	ডিস্ট্রেস্ট
distribute	ডিস্ট্রিবিউট
distributed	ডিস্ট্রিবিয়টড
distributing	ডিস্ট্রিবিউটিং
distribution	ডিস্ট্রিবিউশন
distributions	ডিস্ট্রিবিউশনজ
distributor	ডিস্ট্রিবিয়টার
distributors	ডিস্ট্রিবিয়টার্জ
district	ডিস্ট্রিক্ট
districts	ডিস্ট্রিক্টস
disturbance	ডিস্টার্বানস
disturbances	ডিস্টার্বনসজ
disturbed	ডিস্টার্বড
disturbing	ডিস্টার্বিং
ditch	ডিচ
diva	ডিভা
dive	ডাইভ
diver	ডাইভার
divers	ডাইভার্জ
diverse	ডাইভার্স
diversified	ডাইভার্সিফাইড
diversion	ডাইভার্জন
diversity	ডিভার্সিটি
divide	ডিভাইড
divided	ডিভাইডিড
dividend	ডিভিডেন্ড
dividends	ডিভিডেন্ডজ
dividing	ডিভাইডিং
divine	ডিভাইন
diving	ডাইভিং
division	ডিভিজন
divisions	ডিভিজনজ
divorce	ডিভর্স
divorced	ডিভর্স্ট
dixie	ডিক্সি
dixon	ডিক্সন
dj	ডিজে
djibouti	জিবুটি
dk	ডিকে
dna	ডিএনে
dns	ডিএনেস
do	ডু
doc	ডক
dock	ডক
docket	ডকেট
docking	ডকিং
docs	ডক্স
doctoral	ডক্টারাল
doctorate	ডক্টারাট
doctors	ডক্টার্জ
doctrine	ডক্ট্রিন
document	ডকিয়মেন্ট
documentaries	ডকিয়মেন্টারিজ
documentary	ডকিয়মেন্টারি
documentation	ডকিয়মেন্টেশন
documented	ডোকিয়মেন্টড
documenting	ডকিয়মেন্টিং
documents	ডকিয়মেন্টস
dodge	ডজ
dodgers	ডজার্জ
doe	ডো
does	ডাজ
dog	ডগ
dogs	ডগজ
doi	ডয়
doing	ডুইং
dolby	ডোলবি
dolce	ডোলচে
doll	ডল
dollar	ডলার
dollars	ডলার্জ
dolls	ডলজ
dolly	ডলি
dolphin	ডলফিন
dolphins	ডলফিনজ
dom	ডম
domain	ডোমেন
domains	ডোমেনজ
dome	ডোম
domestic	ডমেস্টিক
dominance	ডমিনানস
dominant	ডমিনান্ট
dominate	ডমিনেট
dominated	ডোমনেটড
domination	ডমিনেশন
dominic	ডমিনিক
dominica	ডমিনিকা
dominican	ডমিনিকান
dominion	ডমিনিয়ন
domino	ডমিনো
don	ডন
donald	ডনাল্ড
donate	ডোনেট
donated	ডোনেটিড
donation	ডোনেশন
donations	ডোনেশনজ
done	ডান
dong	ডং
donkey	ডংকি
donna	ডনা
donor	ডোনার
donors	ডোনার্জ
donovan	ডনভান
doo	ডু
doom	ডুম
doomed	ডুমড
door	ডর
doors	ডর্জ
doppler	ডপলার
dora	ডরা
dorado	ডরোডো
doris	ডরিস
dorm	ডর্ম
dorothy	ডরথি
dorset	ডর্সেট
dos	ডস
dosage	ডোসাজ
dose	ডোস
doses	ডোসজ
dot	ডট
dots	ডটস
dotted	ডোটড
double	ডাবল
doubled	ডাবল্ড
doubles	ডাবলজ
doubt	ডাউট
doubts	ডাউটস
doug	ডাগ
dough	ডো
doughty	ডটি
douglas	ডাগলাস
dove	ডাভ
dover	ডোভার
dow	ডাউ
down	ডাউন
downhill	ডাউনহিল
downing	ডাউনিং
download	ডাউনলোড
downloaded	ডাউনলোডিড
downloading	ডাউনলোডিং
downloads	ডাউনলোডজ
downs	ডাউনজ
downstairs	ডাউনস্টের্জ
downstream	ডাউনস্ট্রিম
downtime	ডাউন্টাইম
downtown	ডাউন্টাউন
downward	ডাউনোয়ার্ড
doyle	ডয়ল
dozen	ডাজেন
dozens	ডাজেনজ
dr	ড্রাইভ
draft	ড্রাফট
drafted	ড্রাফটিড
drafting	ড্রাফটিং
drafts	ড্রাফটস
drag	ড্রাগ
dragged	ড্রাগড
dragging	ড্রাগিং
dragon	ড্রাগন
dragons	ড্রাগনজ
drain	ড্রেন
drainage	ড্রেনাজ
drained	ড্রেন্ড
drake	ড্রেক
dram	ড্রাম
drama	ড্রামা
dramas	ড্রামাজ
dramatic	ড্রাম্যাটিক
dramatically	ড্রম্যাটিকলি
drank	ড্রাংক
draper	ড্রেপার
draw	ড্র
drawer	ড্রর
drawers	ড্রর্জ
drawing	ড্রইং
drawings	ড্রইংজ
drawn	ড্রন
draws	ড্রজ
dread	ড্রেড
dream	ড্রিম
dreamed	ড্রিমড
dreaming	ড্রিমিং
dreams	ড্রিমজ
dreamy	ড্রিমি
dresden	ড্রেজডেন
dress	ড্রেস
dressed	ড্রেস্ট
dresser	ড্রেসার
dresses	ড্রেসজ
dressing	ড্রেসিং
drew	ড্রু
dried	ড্রাইড
drift	ড্রিফট
drill	ড্রিল
drilled	ড্রিল্ড
drilling	ড্রিলিং
drills	ড্রিলজ
drink	ড্রিংক
drinking	ড্রিংকিং
drinks	ড্রিংক্স
drip	ড্রিপ
drive	ড্রাইভ
driven	ড্রিভেন
driver	ড্রাইভার
drivers	ড্রাইভার্জ
drives	ড্রাইভজ
driveway	ড্রাইভোয়ে
driving	ড্রাইভিং
drop	ড্রপ
dropped	ড্রপ্ট
dropping	ড্রপিং
drops	ড্রপস
drought	ড্রাউট
drove	ড্রোভ
drowning	ড্রাউনিং
drug	ড্রাগ
drugs	ড্রাগজ
drum	ড্রাম
drummer	ড্রামার
drums	ড্রামজ
drunken	ড্রাংকেন
dry	ড্রাই
dryer	ড্রাইআর
dryers	ড্রাইআর্জ
drying	ড্রাইইং
dss	ডিএসেস
du	ডিউ
dual	ডুঅল
duane	ডোয়েন
dub	ডাব
dubbed	ডাবড
dublin	ডাবলিন
duck	ডাক
ducks	ডাক্স
duct	ডাক্ট
dude	ডিউড
dudley	ডাডলি
due	ডিউ
duel	ডুঅল
dues	ডিউজ
duff	ডাফ
dug	ডাগ
duke	ডিউক
dukes	ডিউক্স
dull	ডাল
duluth	ডালুথ
duly	ডিউলি
dumb	ডাম
dummies	ডামিজ
dummy	ডামি
dump	ডাম্প
dumped	ডাম্প্ট
dumping	ডাম্পিং
dun	ডান
duncan	ডাংকান
dundee	ডান্ডি
dune	ডিউন
dunes	ডিউনজ
dungeon	ডান্জন
dungeons	ডান্জনজ
dunlop	ডানলপ
dunn	ডান
dunno	ডানো
duo	ডুও
duplex	ডিউপলেক্স
duplicate	ডিউপলিকাট
duplicated	ডুপলিকেটিড
duplication	ডিউপলিকেশন
dupont	ডিউপন্ট
durability	ডারাবিলিটি
durable	ডুরবল
durango	ডারাংগো
duration	ডুরেশন
durban	ডার্বান
durham	ডারাম
during	ডুরিং
dusk	ডাসক
dust	ডাস্ট
dustin	ডাস্টিন
dusty	ডাস্টি
dutch	ডাচ
duties	ডিউটিজ
duty	ডিউটি
dvd	ডিভিডি
dvds	ডিভিডিজ
dwarf	ডোয়ার্ফ
dwell	ডোয়েল
dwelling	ডোয়েলিং
dwellings	ডোয়েলিংজ
dwi	ডিডাবলিউআই
dwight	ডোয়াইট
dye	ডাই
dyer	ডাইআর
dyes	ডাইজ
dying	ডাইইং
dyke	ডাইক
dylan	ডিলান
dynamic	ডাইন্যামিক
dynamically	ডাইন্যামিকলি
dynamics	ডাইন্যামিক্স
dynamite	ডাইনামাইট
dynasty	ডাইনাস্টি
dysfunction	ডিসফাংকশন
dyson	ডাইসন
each	ইচ
eager	ইগার
eagle	ইগল
eagles	ইগলজ
ear	ইর
earl	আর্ল
earlier	আর্লিআর
earliest	আর্লিয়াস্ট
early	আর্লি
earn	আর্ন
earned	আর্ন্ড
earnest	আর্নেস্ট
earning	আর্নিং
earnings	আর্নিংজ
earns	আর্নজ
earring	ইরিং
earrings	ইরিংজ
ears	ইর্জ
earth	আর্থ
earthquake	আর্থকোয়েক
earthquakes	আর্থকোয়েক্স
ease	ইজ
easier	ইজিআর
easiest	ইজিয়াস্ট
easily	ইজিলি
east	ইস্ট
easter	ইস্টার
eastern	ইস্টার্ন
eastman	ইস্টমান
easton	ইস্টন
easy	ইজি
eat	ইট
eaten	ইটেন
eater	ইটার
eating	ইটিং
eaton	ইটন
eats	ইটস
eau	ও
eb	এব
ebay	ইবে
ebony	এবনি
echo	একো
echoes	একোজ
eclectic	একলেক্টিক
eclipse	একলিপস
eco	ইকো
ecological	ইকলজিকাল
ecology	একলজি
econ	ইকন
economic	একনমিক
economical	একনমিকাল
economically	একনোমিকলি
economics	একনমিক্স
economies	একনমিজ
economist	একনমিস্ট
economists	একনমিস্টস
economy	একনমি
ecosystem	ইকোসিস্টেম
ecosystems	ইকোসিস্টেমজ
ecstasy	এক্স্টাসি
ecuador	একোয়ডর
ed	এড
eddie	এডি
eddy	এডি
eden	ইডেন
edgar	এডগার
edge	এজ
edges	এজজ
edi	ইডি
edible	এডবল
edinburgh	এডনবারো
edison	এডিসন
edit	এডিট
edited	এডটড
edith	ইডিথ
editing	এডিটিং
edition	এডিশন
editions	এডিশনজ
editor	এডিটার
editorial	এডটরিয়াল
editorials	এডটরিয়ালজ
editors	এডিটার্জ
edits	এডিটস
edmonton	এডমন্টন
edmund	এডমান্ড
edu	এডিউ
educate	এজাকেট
educated	এজকেটিড
educating	এজাকেটিং
education	এজাকেশন
educational	এজাকেশনাল
educator	এজাকেটার
educators	এজাকেটার্জ
edward	এডোয়ার্ড
edwards	এডোয়ার্ডজ
edwin	এডোয়ন
ee	ই
effect	এফেক্ট
effected	ইফেক্টিড
effective	এফেক্টিভ
effectively	ইফেক্টিভলি
effectiveness	ইফেক্টিভনস
effects	এফেক্টস
efficacy	এফিক্যাসি
efficiencies	এফিশনসিজ
efficiency	এফিশনসি
efficient	এফিশন্ট
efficiently	এফিশন্টলি
effluent	এফলুঅন্ট
effort	এফার্ট
efforts	এফার্টস
egg	এগ
eggs	এগজ
ego	ইগো
egypt	ইজিপ্ট
egyptian	এজিপশন
eh	এ
eight	এট
eighteen	এটিন
eighth	এটথ
eighty	এটি
eileen	আইলিন
ein	আইন
einstein	আইনস্টাইন
eis	আইজ
either	ইদার
ejaculation	ইজ্যাকিউলেশন
el	এল
elaborate	ইল্যাব্রট
elaine	এলেন
elapsed	এল্যাপস্ট
elastic	এল্যাস্টিক
elbow	এলবো
elder	এল্ডার
elderly	এল্ডারলি
elders	এল্ডার্জ
eleanor	এলেনর
elect	এলেক্ট
elected	ইলেক্টড
election	এলেকশন
elections	এলেকশনজ
elective	এলেক্টিভ
electives	এলেক্টিভজ
electoral	এলেক্টারাল
electra	এলেক্ট্রা
electric	এলেক্ট্রিক
electrical	এলেক্ট্রিকাল
electricity	এলেক্ট্রিসিটি
electro	এলেক্ট্রো
electrode	ইলেক্ট্রোড
electrodes	ইলেক্ট্রোডজ
electromagnetic	ইলেক্ট্রোম্যাগনেটিক
electron	ইলেক্ট্রন
electronic	ইলেক্ট্রনিক
electronically	ইলেক্ট্রনিকালি
electronics	ইলেক্ট্রনিক্স
electrons	ইলেক্ট্রনজ
elegance	এলেগানস
elegant	এলেগান্ট
element	এলেমেন্ট
elemental	এলেমেন্টাল
elementary	এলমেন্ট্রি
elements	এলেমেন্টস
elena	এলেনা
elephant	এলেফান্ট
elephants	এলেফান্টস
elevated	এলভেটিড
elevation	এলেভেশন
elevator	এলেভেটার
eleven	এলেভেন
elf	এলফ
elgin	এলজিন
eli	ইলাই
eligibility	এলিজিবিলিটি
eligible	এলজবল
elijah	এলাইজা
eliminate	এলিমিনেট
eliminated	ইলিমনেটিড
eliminates	এলিমিনেটস
eliminating	এলিমিনেটিং
elimination	এলিমিনেশন
eliot	এলিয়াট
elisa	এলিসা
elisabeth	এলিজাবেথ
elite	এলিট
eliza	এলাইজা
elizabeth	এলিজাবেথ
elk	এলক
ella	এলা
elle	এল
ellen	এলেন
elliot	এলিয়াট
elliott	এলিয়াট
ellis	এলিস
elm	এলম
else	এলস
elsevier	এলসেভিয়ার
elsewhere	এলসোয়ের
elton	এল্টন
elvis	এলভিস
em	এম
emacs	ইম্যাক্স
emailed	ইমেল্ড
emails	ইমেলজ
embarrassing	এমবেরাসিং
embassy	এমবাসি
embedded	এমবেডিড
emblem	এমব্লেম
embodiment	এমবডিমেন্ট
embrace	এমব্রেস
embraced	এমব্রেস্ট
embroidered	এমব্রয়ডার্ড
embroidery	এমব্রয়ডারি
embryo	এমব্রিও
embryonic	এমব্রিয়নিক
embryos	এমব্রিওজ
emerald	এমরল্ড
emerge	এমার্জ
emerged	এমার্জড
emergence	এমার্জনস
emergencies	এমার্জনসিজ
emerges	ইমার্জিজ
emerging	এমার্জিং
emeritus	এমেরিটাস
emerson	এমারসন
emily	এমিলি
eminem	এমিনেম
eminent	এমিনেন্ট
emirates	এমারাটস
emission	এমিশন
emissions	এমিশনজ
emma	এমা
emmanuel	ইম্যানিউঅল
emo	ইমো
emory	এমারি
emotion	এমোশন
emotional	এমোশনাল
emotionally	ইমোশনলি
emotions	এমোশনজ
emperor	এম্পারার
emphasis	এমফাসিস
emphasize	এমফাসাইজ
emphasized	এমফাসাইজড
emphasizes	এমফসাইজজ
empire	এম্পাইআর
empires	এম্পাইআর্জ
empirical	এম্পিরিকাল
employ	এম্প্লয়
employed	এম্প্লয়ড
employee	এম্প্লয়ই
employees	এম্প্লয়ইজ
employer	এম্প্লয়আর
employers	এম্প্লয়আর্জ
employing	এম্প্লয়ইং
employment	এম্প্লয়মেন্ট
employs	এম্প্লয়জ
emporium	এম্পরিয়াম
empower	এম্পাউআর
empowered	এম্পাউআর্ড
empowering	এম্পাউআরিং
empowerment	এম্পাউআরমেন্ট
empty	এম্প্টি
ems	ইএমেস
emu	ইমিউ
emulation	এমিয়লেশন
emulator	এমিয়লেটার
en	এন
enable	এনেবল
enabled	এনেবল্ড
enables	এনেবলজ
enabling	এনেবলিং
enacted	এন্যাক্টড
enactment	এন্যাক্টমেন্ট
enamel	এন্যামেল
encarta	এনকার্টা
enchanted	এন্চ্যান্টিড
enclosed	এনক্লোজড
enclosure	এনক্লোজার
enclosures	এনক্লোজার্জ
encode	এনকোড
encoded	এনকোডিড
encoding	এনকোডিং
encompasses	এনকাম্পসজ
encore	অনকর
encounter	এনকাউন্টার
encountered	এনকাউন্টার্ড
encounters	এনকাউন্টার্জ
encourage	এনকারাজ
encouraged	এনকারাজড
encouragement	এনকারিজমন্ট
encourages	এনকারিজিজ
encouraging	এনকারাজিং
encrypted	এনক্রিপ্টিড
encryption	এনক্রিপশন
encyclopedia	ইনসাইকলপিডিয়া
end	এন্ড
endangered	এন্ডেন্জার্ড
endeavor	এন্ডেভার
endeavour	এন্ডেভার
ended	এন্ডড
ending	এন্ডিং
endless	এন্ডলেস
endocrine	এন্ডোক্রাইন
endorse	এন্ডর্স
endorsed	এন্ডর্স্ট
endorsement	এন্ডর্স্মন্ট
endowment	এন্ডাউমেন্ট
endpoint	এন্ডপয়ন্ট
ends	এন্ডজ
endurance	এন্ডারানস
endure	এন্ডিউর
enduring	এন্ডিউরিং
enemies	এনেমিজ
enemy	এনেমি
energetic	এনারজেটিক
energies	এনারজিজ
energy	এনারজি
enfield	এনফিল্ড
enforce	এনফর্স
enforced	এনফর্স্ট
enforcement	এনফর্স্মন্ট
enforcing	এনফর্সিং
eng	এং
engage	এনগেজ
engaged	এনগেজড
engagement	এনগেজমন্ট
engagements	এনগেজমন্টস
engaging	এনগেজিং
engine	এন্জন
engineer	এন্জনির
engineered	এন্জনির্ড
engineering	এন্জনিরিং
engineers	এন্জনির্জ
engines	এন্জনজ
england	ইংগলান্ড
englewood	এংগেলুড
english	ইংগলিশ
engraved	এনগ্রেভড
engraving	এনগ্রেভিং
enhance	এনহ্যানস
enhanced	এনহ্যানস্ট
enhancement	এনহ্যানস্মন্ট
enhancements	এনহ্যানস্মন্টস
enhances	এনহ্যানসিজ
enhancing	এনহ্যানসিং
enjoy	এন্জয়
enjoyable	এন্জয়অবল
enjoyed	এন্জয়ড
enjoying	এন্জয়ইং
enjoyment	এন্জয়মেন্ট
enjoys	এন্জয়জ
enlarge	এনলার্জ
enlarged	এনলার্জড
enlargement	ইনলার্জমন্ট
enlightenment	এনলাইটেনমেন্ট
enlisted	এনলিস্টিড
enormous	এনর্মস
enough	এনাফ
enquire	ইনকোয়াইআর
enquiry	এনকোয়াইরি
enriched	এনরিচট
enrichment	এনরিচমেন্ট
enroll	এনরোল
enrolled	এনরোল্ড
enrollment	এনরোলমেন্ট
enron	এনরন
ensemble	অনসোমবল
ensure	এনশুর
ensures	এনশুর্জ
ensuring	এনশুরিং
ent	এন্ট
enter	এন্টার
entered	এন্টার্ড
entering	এন্টারিং
enterprise	এন্টারপ্রাইজ
enterprises	এন্টারপ্রাইজিজ
enters	এন্টার্জ
entertain	এন্টারটেন
entertaining	এন্টারটেনিং
entertainment	এন্টারটেনমেন্ট
enthusiasm	ইনথুজিঅ্যাজম
enthusiast	এনথুজিঅ্যাস্ট
enthusiastic	ইনথুজিঅ্যাস্টিক
enthusiasts	এনথুজিঅ্যাস্টস
entire	ইন্টাইআর
entirely	এন্টাইআরলি
entirety	এন্টাইআরটি
entities	এন্টিটিজ
entitled	এন্টাইটল্ড
entitlement	এন্টাইটেলমেন্ট
entity	এন্টিটি
entrance	এন্ট্রানস
entre	অন্ট্রে
entrepreneur	অন্ট্রেপ্রেনার
entrepreneurial	আন্ট্রপ্রনারিয়াল
entrepreneurs	অন্ট্রেপ্রেনার্জ
entrepreneurship	অন্ট্রেপ্রেনার্শিপ
entries	এন্ট্রিজ
entropy	এন্ট্রপি
entry	এন্ট্রি
enumeration	এনিউমারেশন
envelope	এনভেলোপ
envelopes	এনভেলোপস
environment	এনভাইরনমেন্ট
environmental	এনভাইরনমেন্টাল
environmentally	এনভাইরনমেন্টালি
environments	এনভাইরনমেন্টস
envy	এনভি
enzyme	এনজাইম
enzymes	এনজাইমজ
eos	ইয়স
epa	ইপিএ
epic	এপিক
epidemic	এপিডেমিক
epidemiology	এপডেমিয়লজি
epilepsy	এপিলেপসি
episcopal	এপিস্কপাল
episode	এপিসোড
episodes	এপিসোডজ
epoch	এপক
epoxy	এপক্সি
epsilon	এপসিলন
epson	এপসন
epstein	এপস্টিন
equal	ইকোয়ল
equality	একোয়ালিটি
equally	ইকোয়লি
equals	ইকোয়লজ
equation	একোয়েজন
equations	একোয়েজনজ
equatorial	ইকোয়টরিয়াল
equestrian	ইকোয়েস্ট্রিয়ান
equilibrium	ইকোয়লিব্রিয়াম
equine	ইকোয়াইন
equip	একুইপ
equipment	একুইপমেন্ট
equipped	একুইপ্ট
equitable	একোয়টবল
equities	একোয়টিজ
equity	একোয়টি
equivalence	একুইভালেনস
equivalent	একুইভালেন্ট
equivalents	একুইভালেন্টস
era	এরা
erase	এরেস
erect	এরেক্ট
erected	ইরেক্টড
erection	এরেকশন
ergonomic	আর্গনমিক
eric	এরিক
erica	এরিকা
erickson	এরিক্সন
ericsson	এরিক্সন
erie	ইরি
erik	এরিক
erin	এরিন
eritrea	এরিট্রিয়া
ernest	আর্নেস্ট
ernie	আর্নি
ernst	আর্নস্ট
erosion	এরোজন
erotic	এরটিক
erotica	এরটিকা
err	এয়ার
erroneous	এরোনিয়াস
error	এরার
errors	এরার্জ
ers	আর্জ
es	এস
escape	এস্কেপ
escaped	এস্কেপ্ট
escapes	এস্কেপস
escort	এস্কর্ট
escorts	এস্কর্টস
escrow	এসক্রো
espanol	এসপানিয়োল
especially	অসপেশলি
espn	ইএসপিএন
espresso	এসপ্রেসো
ess	এস
essay	এসে
essays	এসেজ
essence	এসেনস
essential	এসেনশিল
essentially	এসেনশিলি
essentials	এসেনশিলজ
essex	এসেক্স
est	এস্ট
esta	এস্টা
establish	এস্ট্যাবলিশ
established	এস্ট্যাবলিশট
establishes	ইস্ট্যাবলিশিজ
establishing	এস্ট্যাবলিশিং
establishment	এস্ট্যাবলিশমেন্ট
establishments	এস্ট্যাবলিশমেন্টস
estate	এস্টেট
estates	এস্টেটস
este	এস্টে
esteem	এস্টিম
esther	এস্টার
estimate	এস্টিমাট
estimated	এস্টমেটড
estimates	এস্টিমাটস
estimating	এস্টিমেটিং
estimation	এস্টিমেশন
estonia	এস্টোনিয়া
estonian	এস্টোনিয়ান
estrogen	এস্ট্রজন
et	এট
etc	এটসেটারা
eternal	এটার্নাল
eternity	এটার্নিটি
ethan	ইথান
ethanol	এথানল
ether	ইথার
ethereal	ইথিরিয়াল
ethernet	ইথারনেট
ethical	এথিকাল
ethics	এথিক্স
ethiopia	ইথিওপিয়া
ethiopian	ইথিওপিয়ান
ethnic	এথনিক
ethnicity	এথনিসিটি
etiology	ইটিয়লজি
etiquette	এটিকাট
eu	ইইউ
eugene	ইউজিন
eureka	ইউরিকা
euro	ইউরো
europa	ইউরোপা
europe	ইউরপ
european	ইউরপিয়ান
europeans	ইউরপিয়ানজ
euros	ইউরোজ
ev	এভ
eva	এভা
evacuation	ইভ্যাকিয়ওয়েশন
evaluate	ইভ্যালিউএট
evaluated	ইভ্যালিউএটড
evaluates	ইভ্যালিউএটস
evaluating	ইভ্যালিউএটিং
evaluation	ইভ্যালিউএশন
evaluations	ইভ্যালিউএশনজ
evan	এভান
evanescence	এভানেসেনস
evangelical	ইভ্যান্জেলিকাল
evans	এভানজ
evansville	এভানজভিল
eve	ইভ
evelyn	এভেলিন
even	ইভেন
evening	ইভনিং
evenings	ইভনিংজ
evenly	ইভেনলি
event	এভেন্ট
events	এভেন্টস
eventual	অভেন্চুঅল
eventually	ইভেন্চওয়লি
ever	এভার
everest	এভারেস্ট
everett	এভারেট
evergreen	এভারগ্রিন
everlasting	এভারল্যাস্টিং
every	এভারি
everybody	এভরিবোডি
everyday	এভরিডে
everyone	এভরিওয়ন
everything	এভরিথিং
everytime	এভরিটাইম
everywhere	এভরিওয়ের
evidence	এভিডেনস
evidenced	এভিডেনস্ট
evident	এভিডেন্ট
evidently	এভিডেন্টলি
evil	ইভিল
evolution	এভলুশন
evolutionary	এভলুশনেরি
evolve	এভলভ
evolved	এভলভড
evolving	এভলভিং
ex	এক্স
exact	এগজ্যাক্ট
exactly	এগজ্যাক্টলি
examination	এগজ্যামিনেশন
examinations	এগজ্যামিনেশনজ
examine	এগজ্যামিন
examined	এগজ্যামিন্ড
examiner	এগজ্যামিনার
examiners	এগজ্যামিনার্জ
examines	এগজ্যামিনজ
examining	এগজ্যামিনিং
example	ইগজ্যাম্পল
examples	ইগজ্যাম্পলজ
exams	এগজ্যামজ
excalibur	এক্স্ক্যালিবার
excavation	এক্স্কাভেশন
exceed	এক্সিড
exceeded	ইক্সিডড
exceeding	এক্সিডিং
exceeds	এক্সিডজ
excel	এক্সেল
excellence	এক্সেলেনস
excellent	এক্সেলেন্ট
except	এক্সেপ্ট
exception	এক্সেপশন
exceptional	এক্সেপশনাল
exceptionally	এক্সেপশনালি
exceptions	এক্সেপশনজ
excerpt	এক্সার্প্ট
excerpts	এক্সার্প্টস
excess	এক্সেস
excessive	এক্সেসিভ
exchange	এক্স্চেন্জ
exchanged	এক্স্চেন্জড
exchanges	ইক্স্চেন্জজ
excise	এক্সাইস
excite	এক্সাইট
excited	ইক্সাইটড
excitement	ইক্সাইটমন্ট
exciting	এক্সাইটিং
exclude	এক্সক্লুড
excluded	ইক্সক্লুডড
excludes	এক্সক্লুডজ
excluding	এক্সক্লুডিং
exclusion	এক্সক্লুজন
exclusive	এক্সক্লুসিভ
exclusively	ইক্সক্লুসিভলি
excursion	এক্স্কার্জন
excursions	এক্স্কার্জনজ
excuse	এক্স্কিউস
excuses	ইক্স্কিউসিজ
exec	এগজেক
execute	এক্সেকিউট
executed	এক্সকিউটিড
executing	এক্সেকিউটিং
execution	এক্সেকিউশন
executive	এগজেকিয়টিভ
executives	এগজেকিয়টিভজ
exemplary	এগজেম্প্লারি
exempt	এগজেম্প্ট
exemption	এগজেম্পশন
exemptions	এগজেম্পশনজ
exercise	এক্সারসাইজ
exercised	এক্সারসাইজড
exercises	এক্সারসাইজজ
exercising	এক্সারসাইজিং
exeter	এক্সেটার
exhaust	এগজস্ট
exhausted	ইগজস্টিড
exhaustive	এগজস্টিভ
exhibit	এগজিবিট
exhibited	ইগজিবটড
exhibition	এক্সিবিশন
exhibitions	এক্সিবিশনজ
exhibitor	এগজিবিটার
exhibitors	এগজিবিটার্জ
exhibits	এগজিবিটস
exile	এগজাইল
exim	এক্সিম
exist	এগজিস্ট
existed	ইগজিস্টড
existence	এগজিস্টেনস
existing	এগজিস্টিং
exists	এগজিস্টস
exit	এগজিট
exits	এগজিটস
exodus	এক্সডাস
exotic	এগজটিক
expand	এক্স্প্যান্ড
expandable	ইক্স্প্যান্ডবল
expanded	ইক্স্প্যান্ডড
expanding	এক্স্প্যান্ডিং
expands	এক্স্প্যান্ডজ
expansion	এক্স্প্যানশন
expect	এক্স্পেক্ট
expectancy	এক্স্পেক্টানসি
expectation	এক্স্পেক্টেশন
expectations	এক্স্পেক্টেশনজ
expected	ইক্স্পেক্টড
expecting	এক্স্পেক্টিং
expects	এক্স্পেক্টস
expedia	এক্স্পিডিয়া
expedited	এক্স্পিডাইটিড
expedition	এক্স্পেডিশন
expeditions	এক্স্পেডিশনজ
expenditure	এক্স্পেন্ডিচার
expenditures	এক্স্পেন্ডিচার্জ
expense	এক্স্পেনস
expenses	ইক্স্পেনসজ
expensive	এক্স্পেনসিভ
experience	ইক্স্পিরিয়ানস
experienced	ইক্স্পিরিয়ানস্ট
experiences	ইক্স্পিরিয়ানসিজ
experiencing	ইক্স্পিরিয়ানসিং
experiment	এক্স্পেরিমেন্ট
experimental	এক্স্পেরিমেন্টাল
experimentation	এক্স্পেরিমেন্টেশন
experiments	এক্স্পেরিমেন্টস
expert	এক্স্পার্ট
expertise	এক্স্পারটিজ
experts	এক্স্পার্টস
expiration	এক্স্পারেশন
expire	এক্স্পাইর
expired	এক্স্পাইর্ড
expires	ইক্স্পাইআর্জ
expiry	এক্স্পাইরি
explain	এক্সপ্লেন
explained	এক্সপ্লেন্ড
explaining	এক্সপ্লেনিং
explains	এক্সপ্লেনজ
explanation	এক্সপ্লানেশন
explanations	এক্সপ্লানেশনজ
explanatory	এক্সপ্ল্যানাটরি
explicit	এক্সপ্লিসিট
explicitly	এক্সপ্লিসিটলি
explode	এক্সপ্লোড
exploded	ইক্সপ্লোডড
exploit	এক্সপ্লয়ট
exploitation	এক্সপ্লয়টেশন
exploited	এক্সপ্লয়টড
exploits	এক্সপ্লয়টস
exploration	এক্সপ্লারেশন
explore	এক্সপ্লর
explored	এক্সপ্লর্ড
explorer	এক্সপ্লরার
explorers	এক্সপ্লরার্জ
explores	এক্সপ্লর্জ
exploring	এক্সপ্লরিং
explosion	এক্সপ্লোজন
explosive	এক্সপ্লোসিভ
explosives	এক্সপ্লোসিভজ
expo	এক্স্পো
exponential	এক্স্পোনেনশিল
export	এক্স্পর্ট
exported	ইক্স্পর্টড
exporter	এক্স্পর্টার
exporters	এক্স্পর্টার্জ
exporting	এক্স্পর্টিং
exports	এক্স্পর্টস
expose	এক্স্পোজ
exposed	এক্স্পোজড
exposing	এক্স্পোজিং
exposition	এক্স্পজিশন
exposure	এক্স্পোজার
exposures	এক্স্পোজার্জ
express	এক্সপ্রেস
expressed	এক্সপ্রেস্ট
expresses	ইক্সপ্রেসজ
expressing	এক্সপ্রেসিং
expression	এক্সপ্রেশন
expressions	এক্সপ্রেশনজ
expressive	এক্সপ্রেসিভ
expressly	এক্সপ্রেসলি
exquisite	এক্স্কোয়জিট
extend	এক্স্টেন্ড
extended	ইক্স্টেন্ডড
extending	এক্স্টেন্ডিং
extends	এক্স্টেন্ডজ
extension	এক্স্টেনশন
extensions	এক্স্টেনশনজ
extensive	এক্স্টেনসিভ
extensively	ইক্স্টেনসিভলি
extent	এক্স্টেন্ট
exterior	ইক্স্টিরিআর
external	এক্স্টার্নাল
externally	এক্স্টার্নালি
extinction	এক্স্টিংকশন
extra	এক্স্ট্রা
extract	এক্স্ট্রাক্ট
extracted	এক্স্ট্রাক্টিড
extracting	এক্স্ট্রাক্টিং
extraction	এক্স্ট্রাকশন
extracts	এক্স্ট্রাক্টস
extraordinary	এক্স্ট্রঅর্ডনেরি
extras	এক্স্ট্রাজ
extreme	এক্স্ট্রিম
extremely	এক্স্ট্রিমলি
extremes	এক্স্ট্রিমজ
eye	আই
eyed	আইড
eyes	আইজ
eyewear	আইওয়ের
ezekiel	এজেকিল
ezra	এজরা
f	এফ
fab	ফ্যাব
fable	ফেবল
fabric	ফ্যাব্রিক
fabricated	ফ্যাব্রিকেটড
fabrication	ফ্যাব্রিকেশন
fabrics	ফ্যাব্রিক্স
fabulous	ফ্যাবিয়লস
fac	ফ্যাক
face	ফেস
faced	ফেস্ট
faces	ফেসজ
facial	ফেশিল
facials	ফেশিলজ
facilitate	ফাসিলিটেট
facilitated	ফসিলটেটিড
facilitates	ফাসিলিটেটস
facilitating	ফাসিলিটেটিং
facilitation	ফাসিলিটেশন
facilitator	ফাসিলিটেটার
facilities	ফাসিলিটিজ
facility	ফাসিলিটি
facing	ফেসিং
facsimile	ফ্যাক্সিমলি
fact	ফ্যাক্ট
faction	ফ্যাকশন
factor	ফ্যাক্টার
factories	ফ্যাক্টারিজ
factoring	ফ্যাক্টারিং
factors	ফ্যাক্টার্জ
factory	ফ্যাক্টারি
facts	ফ্যাক্টস
factual	ফ্যাকচুঅল
faculties	ফ্যাকাল্টিজ
faculty	ফ্যাকাল্টি
fade	ফেড
faded	ফেডড
fading	ফেডিং
fahrenheit	ফেরেনহাইট
fail	ফেল
failed	ফেল্ড
failing	ফেলিং
fails	ফেলজ
failure	ফেলিয়ার
failures	ফেলিয়ার্জ
faint	ফেন্ট
fainter	ফেন্টার
fair	ফেয়ার
fairbanks	ফের্বাংক্স
faire	ফেয়ার
fairfax	ফের্ফ্যাক্স
fairfield	ফের্ফিল্ড
fairies	ফেরিজ
fairly	ফের্লি
fairmont	ফের্মন্ট
fairness	ফের্নেস
fairs	ফের্জ
fairview	ফের্ভিউ
fairy	ফেরি
faith	ফেথ
faithful	ফেথফাল
fake	ফেক
fakes	ফেক্স
falcon	ফ্যালকন
falcons	ফ্যালকনজ
falkland	ফকলান্ড
fall	ফল
fallen	ফালেন
falling	ফালিং
falls	ফলজ
false	ফলস
fame	ফেম
familiar	ফামিলিয়ার
familiarity	ফামিলিয়েরিটি
families	ফ্যামিলিজ
family	ফ্যামিলি
famous	ফেমস
fan	ফ্যান
fancy	ফ্যানসি
fans	ফ্যানজ
fantasies	ফ্যান্টাসিজ
fantastic	ফ্যান্ট্যাস্টিক
fantasy	ফ্যান্টাসি
fao	ফাউ
far	ফার
fare	ফেয়ার
fares	ফের্জ
farewell	ফেরোয়েল
fargo	ফোর্গো
farm	ফার্ম
farmer	ফার্মার
farmers	ফার্মার্জ
farmhouse	ফোর্মহাউস
farming	ফার্মিং
farmington	ফোর্মিংটন
farms	ফার্মজ
farrell	ফেরেল
farther	ফার্দার
fascinating	ফ্যাসিনেটিং
fashion	ফ্যাশন
fashionable	ফ্যাশনবল
fashioned	ফ্যাশন্ড
fashions	ফ্যাশনজ
faso	ফোসো
fast	ফ্যাস্ট
fasteners	ফ্যাসেনার্জ
faster	ফ্যাস্টার
fastest	ফ্যাস্টেস্ট
fat	ফ্যাট
fatal	ফেটাল
fate	ফেট
father	ফাদার
fathers	ফাদার্জ
fatigue	ফটিগ
fats	ফ্যাটস
fatty	ফ্যাটি
faucet	ফসেট
faucets	ফসেটস
fault	ফল্ট
faults	ফল্টস
faulty	ফল্টি
fauna	ফনা
faux	ফক্স
fave	ফেভ
favor	ফেভার
favorable	ফেভারবল
favored	ফেভার্ড
favorite	ফেভারিট
favorites	ফেভারিটস
favors	ফেভার্জ
favour	ফেভার
favourite	ফেভারিট
fax	ফ্যাক্স
faxes	ফ্যাক্সিজ
faye	ফে
fayetteville	ফেএটভিল
fbi	এফবিআই
fcc	এফসিসি
fda	এফডিএ
fe	ফে
fear	ফির
feared	ফির্ড
fears	ফির্জ
feasibility	ফিজিবিলিটি
feasible	ফিজবল
feast	ফিস্ট
feat	ফিট
feather	ফেদার
feathers	ফেদার্জ
feature	ফিচার
featured	ফিচার্ড
features	ফিচার্জ
featuring	ফিচারিং
feb	ফেবিয়ওয়েরি
fed	ফেড
federal	ফেডারাল
federally	ফেডারালি
federated	ফেডারেটিড
federation	ফেডারেশন
fedex	ফেডেক্স
fedora	ফেডরা
fee	ফি
feed	ফিড
feedback	ফিডব্যাক
feeder	ফিডার
feeders	ফিডার্জ
feeding	ফিডিং
feeds	ফিডজ
feel	ফিল
feeling	ফিলিং
feelings	ফিলিংজ
feels	ফিলজ
fees	ফিজ
feet	ফিট
felix	ফিলিক্স
fell	ফেল
fellow	ফেলো
fellows	ফেলোজ
fellowship	ফেলোশিপ
fellowships	ফেলোশিপস
felony	ফেলনি
felt	ফেল্ট
fema	ফিমা
female	ফিমেল
females	ফিমেলজ
feminine	ফেমিনিন
feminism	ফেমিনিজম
feminist	ফেমিনিস্ট
femme	ফেম
fence	ফেনস
fences	ফেনসজ
fencing	ফেনসিং
fender	ফেন্ডার
feng	ফেং
ferdinand	ফার্ডিন্যান্ড
ferguson	ফার্গাসন
fern	ফার্ন
fernandez	ফারন্যান্ডেজ
fernando	ফারন্যান্ডো
ferrari	ফারারি
ferries	ফেরিজ
ferris	ফেরিস
ferry	ফেরি
fertile	ফার্টিল
fertility	ফারটিলিটি
fertilizer	ফার্টিলাইজার
fest	ফেস্ট
festival	ফেস্টিভাল
festivals	ফেস্টিভালজ
festive	ফেস্টিভ
fetal	ফিটাল
fetch	ফেচ
fetish	ফেটিশ
fetus	ফিটাস
fever	ফিভার
few	ফিউ
fewer	ফিউআর
fi	ফাই
fiat	ফাইঅ্যাট
fiber	ফাইবার
fiberglass	ফাইবারগল্যাস
fibers	ফাইবার্জ
fibre	ফাইবার
fiction	ফিকশন
fictional	ফিকশনাল
fiddle	ফিডল
fidelity	ফিডেলিটি
field	ফিল্ড
fielding	ফিল্ডিং
fields	ফিল্ডজ
fierce	ফির্স
fiery	ফাইআরি
fiesta	ফিয়েস্টা
fifa	ফিফা
fife	ফাইফ
fifteen	ফিফটিন
fifth	ফিফথ
fifty	ফিফটি
fig	ফিগ
fight	ফাইট
fighter	ফাইটার
fighters	ফাইটার্জ
fighting	ফাইটিং
fights	ফাইটস
figs	ফিগজ
figure	ফিগিয়ার
figured	ফিগিয়ার্ড
figures	ফিগিয়ার্জ
figurine	ফিগিয়ারিন
figurines	ফিগিয়ারিনজ
fiji	ফিজি
filed	ফাইল্ড
filename	ফাইলনেম
files	ফাইলজ
filing	ফাইলিং
filings	ফাইলিংজ
filipino	ফিলিপিনো
fill	ফিল
filled	ফিল্ড
filler	ফিলার
filling	ফিলিং
fills	ফিলজ
film	ফিলম
filmed	ফিলমড
filming	ফিলমিং
filmmakers	ফিলমেকার্জ
films	ফিলমজ
filter	ফিল্টার
filtered	ফিল্টার্ড
filtering	ফিল্টারিং
filters	ফিল্টার্জ
filth	ফিলথ
filthy	ফিলথি
filtration	ফিল্ট্রেশন
fin	ফিন
final	ফাইনাল
finale	ফন্যালি
finally	ফাইনালি
finals	ফাইনালজ
finance	ফিন্যানস
financed	ফিন্যানস্ট
finances	ফিন্যানসিজ
financial	ফিন্যানশিল
financially	ফিন্যানশিলি
financials	ফাইন্যানশিলজ
financing	ফিন্যানসিং
finch	ফিন্চ
find	ফাইন্ড
finder	ফাইন্ডার
finding	ফাইন্ডিং
findings	ফাইন্ডিংজ
finds	ফাইন্ডজ
fine	ফাইন
fined	ফাইন্ড
finely	ফাইনলি
fines	ফাইনজ
finest	ফাইনেস্ট
finger	ফিংগার
fingering	ফিংগারিং
fingerprint	ফিংগারপ্রিন্ট
fingers	ফিংগার্জ
fingertips	ফিংগারটিপস
finish	ফিনিশ
finished	ফিনিশট
finishes	ফিনিশিজ
finishing	ফিনিশিং
finite	ফাইনাইট
finland	ফিনল্যান্ড
finn	ফিন
finnish	ফিনিশ
fins	ফিনজ
fiona	ফিওনা
fir	ফার
fire	ফাইআর
firearm	ফাইআরার্ম
firearms	ফাইআরার্মজ
fired	ফাইআর্ড
firefighter	ফাইর্ফাইটার
firefighters	ফাইআরফাইটার্জ
firefly	ফাইআরফলাই
firefox	ফাইআরফক্স
fireplace	ফাইআরপলেস
fireplaces	ফাইআরপলেসজ
fires	ফাইআর্জ
firewall	ফাইরোয়াল
fireworks	ফাইরোয়ার্ক্স
firing	ফাইরিং
firm	ফার্ম
firmly	ফার্মলি
firms	ফার্মজ
firmware	ফার্মোয়ের
first	ফার্স্ট
firstly	ফার্স্টলি
fiscal	ফিস্কাল
fischer	ফিশার
fish	ফিশ
fisher	ফিশার
fisheries	ফিশারিজ
fisherman	ফিশারম্যান
fishermen	ফিশারমেন
fishery	ফিশারি
fishes	ফিশজ
fishing	ফিশিং
fist	ফিস্ট
fit	ফিট
fitness	ফিটনেস
fits	ফিটস
fitted	ফিটড
fitting	ফিটিং
fittings	ফিটিংজ
fitzgerald	ফিটসজেরাল্ড
five	ফাইভ
fix	ফিক্স
fixed	ফিক্স্ট
fixes	ফিক্সিজ
fixing	ফিক্সিং
fixture	ফিক্স্চার
fixtures	ফিক্স্চার্জ
flag	ফ্ল্যাগ
flags	ফ্ল্যাগজ
flagship	ফ্ল্যাগশিপ
flagstaff	ফ্ল্যাগস্ট্যাফ
flair	ফ্লেয়ার
flame	ফ্লেম
flames	ফ্লেমজ
flaming	ফ্লেমিং
flamingo	ফ্লামিংগো
flap	ফ্ল্যাপ
flare	ফ্লেয়ার
flash	ফ্ল্যাশ
flashers	ফ্ল্যাশার্জ
flashes	ফ্ল্যাশিজ
flashing	ফ্ল্যাশিং
flashlight	ফ্ল্যাশলাইট
flat	ফ্ল্যাট
flatbed	ফ্ল্যাটবেড
flats	ফ্ল্যাটস
flavor	ফ্লেভার
flavored	ফ্লেভার্ড
flavors	ফ্লেভার্জ
flaw	ফ্ল
flawed	ফ্লড
flaws	ফ্লজ
flea	ফ্লি
fled	ফ্লেড
flee	ফ্লি
fleece	ফ্লিস
fleet	ফ্লিট
fleming	ফ্লেমিং
flesh	ফ্লেশ
fletcher	ফ্লেচার
flew	ফ্লু
flex	ফ্লেক্স
flexibility	ফ্লেক্সিবিলিটি
flexible	ফ্লেক্সবল
flick	ফ্লিক
flickr	ফ্লিকার
flies	ফ্লাইজ
flight	ফ্লাইট
flights	ফ্লাইটস
flint	ফ্লিন্ট
flip	ফ্লিপ
flirt	ফ্লার্ট
float	ফ্লোট
floating	ফ্লোটিং
flock	ফ্লক
flood	ফ্লাড
flooded	ফ্লাডড
flooding	ফ্লাডিং
floods	ফ্লাডজ
floor	ফ্লর
flooring	ফ্লরিং
floors	ফ্লর্জ
flop	ফ্লপ
floppy	ফ্লপি
flora	ফ্লরা
floral	ফ্লরাল
florence	ফ্লরেনস
flores	ফ্লরেজ
florida	ফ্লরিডা
florist	ফ্লরিস্ট
florists	ফ্লরিস্টস
flour	ফ্লাউআর
flow	ফ্লো
flower	ফ্লাউআর
flowering	ফ্লাউআরিং
flowers	ফ্লাউআর্জ
flowing	ফ্লোইং
flown	ফ্লোন
flows	ফ্লোজ
floyd	ফ্লয়ড
flu	ফ্লু
fluctuations	ফ্লকচুএশনজ
fluffy	ফ্লাফি
fluid	ফ্লুঅড
fluids	ফ্লুঅডজ
fluorescence	ফ্লুরেসেনস
fluorescent	ফ্লুরেসেন্ট
flush	ফ্লাশ
flushing	ফ্লাশিং
flute	ফ্লুট
flux	ফ্লাক্স
fly	ফ্লাই
flyer	ফ্লাইআর
flyers	ফ্লাইআর্জ
flying	ফ্লাইইং
flynn	ফ্লিন
fm	এফেম
foam	ফোম
fob	ফব
focal	ফোকাল
focus	ফোকাস
focused	ফোকাস্ট
focuses	ফোকসিজ
focusing	ফোকাসিং
fog	ফগ
foia	ফোইয়া
foil	ফয়ল
fold	ফোল্ড
folded	ফোল্ডড
folder	ফোল্ডার
folders	ফোল্ডার্জ
folding	ফোল্ডিং
folds	ফোল্ডজ
foley	ফোলি
foliage	ফোলিজ
folio	ফোলিও
folk	ফোক
folklore	ফোকলর
folks	ফোক্স
follow	ফলো
followed	ফলোড
followers	ফলোআর্জ
following	ফলোইং
follows	ফলোজ
followup	ফলোঅপ
fond	ফন্ড
font	ফন্ট
fonts	ফন্টস
foo	ফু
food	ফুড
foods	ফুডজ
fool	ফুল
foolish	ফুলিশ
fools	ফুলজ
foot	ফুট
footage	ফুটাজ
football	ফুটবল
footer	ফুটার
footnote	ফুটনোট
footnotes	ফুটনোটস
footprint	ফুটপ্রিন্ট
footwear	ফুটোয়ের
for	ফর
forbes	ফর্বজ
forbidden	ফর্বিডেন
force	ফর্স
forced	ফর্স্ট
forces	ফর্সিজ
forcing	ফর্সিং
ford	ফর্ড
fore	ফর
forecast	ফর্ক্যাস্ট
forecasting	ফর্ক্যাস্টিং
forecasts	ফর্ক্যাস্টস
foreclosure	ফর্ক্লোজার
foreclosures	ফর্ক্লোজার্জ
forefront	ফর্ফ্রন্ট
foregoing	ফর্গোঅং
forehead	ফর্হেড
foreign	ফরেন
foreigners	ফরেনার্জ
foreman	ফর্মন
foremost	ফর্মোস্ট
forensic	ফারেনসিক
forest	ফরেস্ট
forestry	ফরেস্ট্রি
forests	ফরেস্টস
forever	ফারেভার
foreword	ফরোয়ার্ড
forex	ফরেক্স
forge	ফর্জ
forged	ফর্জড
forget	ফারগেট
forgive	ফারগিভ
forgiveness	ফারগিভনস
forgot	ফারগট
forgotten	ফারগটেন
fork	ফর্ক
forks	ফর্ক্স
form	ফর্ম
forma	ফর্মা
formal	ফর্মাল
formally	ফর্মালি
format	ফর্ম্যাট
formation	ফর্মেশন
formations	ফর্মেশনজ
formats	ফর্ম্যাটস
formatting	ফর্ম্যাটিং
formed	ফর্মড
former	ফর্মার
formerly	ফর্মারলি
forming	ফর্মিং
forms	ফর্মজ
formula	ফর্মিয়লা
formulas	ফর্মিয়লাজ
formulate	ফর্মিয়লেট
formulated	ফর্মিয়লেটড
formulation	ফর্মিয়লেশন
forrest	ফরেস্ট
forrester	ফরেস্টার
fort	ফর্ট
forte	ফর্টে
forth	ফর্থ
forthcoming	ফর্থকামিং
fortress	ফর্ট্রেস
fortunate	ফর্চনাট
fortunately	ফর্চনটলি
fortune	ফর্চন
forty	ফর্টি
forum	ফরাম
forums	ফরামজ
forward	ফরোয়ার্ড
forwarded	ফরোয়ার্ডিড
forwarding	ফরোয়ার্ডিং
forwards	ফরোয়ার্ডজ
fossil	ফসিল
fossils	ফসিলজ
foster	ফস্টার
fostering	ফস্টারিং
fought	ফট
foul	ফাউল
found	ফাউন্ড
foundation	ফাউন্ডেশন
foundations	ফাউন্ডেশনজ
founded	ফাউন্ডিড
founder	ফাউন্ডার
founders	ফাউন্ডার্জ
founding	ফাউন্ডিং
foundry	ফাউন্ড্রি
fountain	ফাউন্টান
fountains	ফাউন্টানজ
four	ফর
fourier	ফুরিয়ে
fourteen	ফর্টিন
fourth	ফর্থ
fowler	ফাউলার
fox	ফক্স
fraction	ফ্রাকশন
fractional	ফ্রাকশনাল
fractions	ফ্রাকশনজ
fracture	ফ্রাকচার
fractures	ফ্রাকচার্জ
fragile	ফ্রাজিল
fragment	ফ্রাগমেন্ট
fragmentation	ফ্রাগমেন্টেশন
fragments	ফ্রাগমেন্টস
fragrance	ফ্রেগ্রানস
fragrances	ফ্রেগ্রনসজ
frame	ফ্রেম
framed	ফ্রেমড
frames	ফ্রেমজ
framework	ফ্রেমোয়ার্ক
frameworks	ফ্রেমোয়ার্ক্স
framing	ফ্রেমিং
fran	ফ্রান
franc	ফ্রাংক
francais	ফ্রানসে
francaise	ফ্রানসেজ
france	ফ্রানস
frances	ফ্রানসিস
francesco	ফ্রান্চেস্কো
franchise	ফ্রান্চাইজ
franchises	ফ্রান্চাইজিজ
franchising	ফ্রান্চাইজিং
francis	ফ্রানসিস
francisco	ফ্রানসিস্কো
franco	ফ্রাংকো
francois	ফ্রানসোয়ো
francs	ফ্রাংক্স
frank	ফ্রাংক
frankfurt	ফ্রাংকফার্ট
frankie	ফ্রাংকি
franklin	ফ্রাংকলিন
frankly	ফ্রাংকলি
franz	ফ্রানজ
fraser	ফ্রেজার
fraternity	ফ্রাটার্নিটি
frau	ফ্রাউ
fraud	ফ্রড
fraudulent	ফ্রজালেন্ট
fread	ফ্রেড
freak	ফ্রিক
freaks	ফ্রিক্স
fred	ফ্রেড
freddie	ফ্রেডি
frederic	ফ্রেড্রিক
frederick	ফ্রেড্রিক
free	ফ্রি
freebies	ফ্রিবিজ
freed	ফ্রিড
freedom	ফ্রিডম
freedoms	ফ্রিডমজ
freelance	ফ্রিল্যানস
freely	ফ্রিলি
freeman	ফ্রিমান
freeport	ফ্রিপর্ট
freestyle	ফ্রিস্টাইল
freeware	ফ্রিওয়ের
freeway	ফ্রিওয়ে
freeze	ফ্রিজ
freezer	ফ্রিজার
freezers	ফ্রিজার্জ
freezing	ফ্রিজিং
freight	ফ্রেট
fremont	ফ্রিমন্ট
french	ফ্রেন্চ
frenzy	ফ্রেনজি
frequencies	ফ্রিকোয়নসিজ
frequency	ফ্রিকোয়নসি
frequent	ফ্রিকোয়ন্ট
frequently	ফ্রিকোয়ন্টলি
fresh	ফ্রেশ
freshly	ফ্রেশলি
freshman	ফ্রেশমান
freshmen	ফ্রেশমেন
freshwater	ফ্রেশোয়াটার
fresno	ফ্রেজনো
frey	ফ্রে
friction	ফ্রিকশন
fridays	ফ্রাইডিজ
fridge	ফ্রিজ
fried	ফ্রাইড
friedman	ফ্রিডমান
friedrich	ফ্রিড্রিক
friend	ফ্রেন্ড
friendly	ফ্রেন্ডলি
friends	ফ্রেন্ডজ
friendship	ফ্রেন্ডশিপ
fries	ফ্রাইজ
fringe	ফ্রিন্জ
fritz	ফ্রিটস
frog	ফ্রগ
frogs	ফ্রগজ
front	ফ্রান্ট
frontal	ফ্রান্টাল
frontier	ফ্রন্টির
frontiers	ফ্রন্টির্জ
frontline	ফ্রান্টলাইন
fronts	ফ্রান্টস
frost	ফ্রস্ট
frozen	ফ্রোজেন
fruit	ফ্রুট
fruits	ফ্রুটস
frustrated	ফ্রাস্ট্রেটড
frustrating	ফ্রাস্ট্রেটিং
frustration	ফ্রাস্ট্রেশন
fry	ফ্রাই
fs	ফ্স
ftp	এফটিপি
fu	ফু
fuck	ফাক
fucked	ফাক্ট
fuckers	ফাকার্জ
fuckin	ফাকিন
fucking	ফাকিং
fucks	ফাক্স
fudge	ফাজ
fuel	ফিউঅল
fuels	ফিউঅলজ
fuji	ফুজি
fujitsu	ফুজিটসু
fulfil	ফালফিল
fulfill	ফালফিল
fulfilled	ফালফিল্ড
fulfilling	ফালফিলিং
fulfillment	ফালফিলমেন্ট
full	ফুল
fuller	ফুলার
fullerton	ফুলারটন
fully	ফুলি
fulton	ফুল্টন
fun	ফান
function	ফাংকশন
functional	ফাংকশনাল
functionality	ফংকশন্যালিটি
functioning	ফাংকশনিং
functions	ফাংকশনজ
fund	ফান্ড
fundamental	ফন্ডামেন্টাল
fundamentally	ফন্ডামেন্টালি
fundamentals	ফন্ডামেন্টালজ
funded	ফান্ডড
funding	ফান্ডিং
fundraiser	ফান্ড্রেজার
fundraising	ফান্ড্রেসিং
funds	ফান্ডজ
funeral	ফিউনারাল
fungal	ফাংগাল
fungi	ফান্জাই
funk	ফাংক
funky	ফাংকি
funny	ফানি
fur	ফার
furious	ফিউরিয়াস
furnace	ফার্নাস
furnish	ফার্নিশ
furnished	ফার্নিশট
furnishing	ফার্নিশিং
furnishings	ফার্নিশিংজ
furniture	ফার্নিচার
furry	ফারি
further	ফার্দার
furthermore	ফার্দারমর
fury	ফিউরি
fuse	ফিউজ
fusion	ফিউজন
future	ফিউচার
futures	ফিউচার্জ
fuzzy	ফাজি
fyi	ফরিয়রিনফারমেশন
g	জি
ga	গা
gabon	গাবন
gabriel	গেব্রিয়াল
gadget	গ্যাজেট
gadgets	গ্যাজেটস
gaelic	গেলিক
gag	গ্যাগ
gage	গেজ
gagged	গ্যাগড
gail	গেল
gain	গেন
gained	গেন্ড
gainesville	গেনজভিল
gaining	গেনিং
gains	গেনজ
gal	গ্যাল
gala	গ্যালা
galactic	গাল্যাক্টিক
galaxies	গ্যালাক্সিজ
galaxy	গ্যালাক্সি
gale	গেল
galileo	গ্যাললিও
gallagher	গ্যালাগার
galleries	গ্যালারিজ
gallery	গ্যালারি
gallon	গ্যালন
gallons	গ্যালনজ
galloway	গ্যালোওয়ে
galore	গালর
gals	গ্যালজ
galveston	গ্যালভেস্টন
galway	গালোয়ে
gambia	গ্যামবিয়া
gamble	গ্যামবল
gambling	গ্যামবলিং
game	গেম
gameboy	গেমবয়
gameplay	গেম্প্লে
gamer	গেমার
gamers	গেমার্জ
games	গেমজ
gaming	গেমিং
gamma	গ্যামা
gan	গ্যান
gandhi	গান্ডি
gang	গ্যাং
gangs	গ্যাংজ
gannett	গ্যানেট
gao	গাউ
gap	গ্যাপ
gaps	গ্যাপস
garage	গারাজ
garages	গারাজিজ
garbage	গার্বাজ
garcia	গার্সিয়া
garde	গার্ড
garden	গার্ডেন
gardener	গার্ডেনার
gardening	গার্ডেনিং
gardens	গার্ডেনজ
gardner	গার্ডনার
garfield	গার্ফিল্ড
garland	গার্লান্ড
garlic	গার্লিক
garment	গার্মেন্ট
garments	গার্মেন্টস
garner	গার্নার
garnet	গার্নেট
garrett	গ্যারেট
garrison	গ্যারিসন
garth	গার্থ
gartner	গার্টনার
gary	গেরি
gas	গ্যাস
gases	গ্যাসজ
gasket	গ্যাস্কেট
gasoline	গ্যাসলিন
gastric	গ্যাস্ট্রিক
gastrointestinal	গ্যাস্ট্রোইন্টেস্টনল
gate	গেট
gates	গেটস
gateway	গেটোয়ে
gateways	গেটোয়েজ
gather	গ্যাদার
gathered	গ্যাদার্ড
gathering	গ্যাদারিং
gatherings	গ্যাদারিংজ
gatwick	গ্যাটুইক
gauge	গেজ
gauges	গেজজ
gaussian	গাউসিয়ান
gave	গেভ
gavin	গ্যাভিন
gay	গে
gays	গেজ
gaza	গাজা
gaze	গেজ
gazette	গাজেট
gdp	গিডিপি
gear	গির
geared	গির্ড
gears	গির্জ
ged	গেড
gee	জি
geek	গিক
geeks	গিক্স
geisha	গেশা
gel	জেল
gem	জেম
gemini	জেমিনাই
gems	জেমজ
gemstone	জেমস্টোন
gemstones	জেমস্টোনজ
gen	জেন
gender	জেন্ডার
gene	জিন
genealogical	জিনিয়লজিকল
genealogy	জিনিয়লজি
general	জেনারাল
generalized	জেনারালাইজড
generally	জেনারালি
generals	জেনারালজ
generate	জেনারেট
generated	জেনারেটড
generates	জেনারেটস
generating	জেনারেটিং
generation	জেনারেশন
generations	জেনারেশনজ
generator	জেনারেটার
generators	জেনারেটার্জ
generic	জনেরিক
generosity	জেনারসিটি
generous	জেনারস
genes	জিনজ
genesis	জেনেসিস
genetic	জনেটিক
genetically	জনেটিকলি
genetics	জনেটিক্স
geneva	জনিভা
genie	জিনি
genital	জেনিটাল
genius	জিনিয়স
genocide	জেনসাইড
genome	জিনোম
genomics	জিনোমিক্স
genre	জোনরা
genres	জোনরজ
gentle	জেন্টল
gentleman	জেন্টেলমান
gentlemen	জেন্টেলমেন
gently	জেন্টলি
genuine	জেনিয়ওয়ন
genuinely	জেনিয়ওয়নলি
genus	জিনাস
geo	জিও
geoff	জেফ
geoffrey	জেফ্রি
geographic	জিয়াগ্রাফিক
geographical	জিয়াগ্রাফিকল
geographically	জিয়াগ্রাফিকলি
geography	জিয়গ্রফি
geological	জিয়ালোজিকল
geology	জিয়লজি
geometric	জিয়ামেট্রিক
geometry	জিয়মট্রি
geophysical	জিওফিজকল
georg	গেঅর্গ
george	জর্জ
georges	জর্জজ
georgetown	জর্জটাউন
georgia	জর্জা
georgian	জর্জন
gerald	জেরাল্ড
gerard	জারার্ড
german	জার্মান
germans	জার্মানজ
germany	জার্মানি
gerry	জেরি
gesture	জেস্চার
get	গেট
getaway	গেটাওয়ে
getaways	গেটাওয়েজ
gets	গেটস
getting	গেটিং
getty	গেটি
ghana	গ্যানা
ghetto	গেটো
ghost	গোস্ট
ghosts	গোস্টস
giant	জাইঅন্ট
giants	জাইঅন্টস
gibbs	গিবজ
gibraltar	জিব্রল্টার
gibson	গিবসন
gift	গিফট
gifted	গিফটড
gifts	গিফটস
gig	গিগ
gigabyte	গিগাবাইট
gigantic	জাইগ্যান্টিক
gigs	গিগজ
gil	গিল
gilbert	গিলবার্ট
giles	জাইলজ
gill	গিল
gilmore	গিলমর
gin	জিন
gina	জিনা
ginger	জিন্জার
giorgio	জর্জিও
giovanni	জিওভোনি
girl	গার্ল
girlfriend	গার্লফ্রেন্ড
girls	গার্লজ
give	গিভ
given	গিভেন
gives	গিভজ
giving	গিভিং
glacier	গ্লেশার
glad	গ্ল্যাড
gladly	গ্ল্যাডলি
glamour	গ্ল্যামার
glance	গ্ল্যানস
gland	গ্ল্যান্ড
glasgow	গ্ল্যাস্কো
glass	গ্ল্যাস
glasses	গ্ল্যাসজ
glassware	গ্ল্যাসোয়ের
glazed	গ্লেজড
glazing	গ্লেজিং
glen	গ্লেন
glendale	গ্লেন্ডেল
glenn	গ্লেন
glide	গ্লাইড
glimpse	গ্লিম্পস
glitter	গ্লিটার
global	গ্লোবাল
globalization	গ্লোবালিজেশন
globally	গ্লোবালি
globe	গ্লোব
globes	গ্লোবজ
gloria	গ্লরিয়া
glorious	গ্লরিয়াস
glory	গ্লরি
gloss	গ্লস
glossary	গ্লসারি
glossy	গ্লসি
gloucester	গ্লোস্টার
glove	গ্লাভ
gloves	গ্লাভজ
glow	গ্লো
glowing	গ্লোইং
glucose	গ্লুকোস
glue	গ্লু
gm	জিএম
gmail	জিমেল
gmbh	গম
gnome	নোম
gnu	নিউ
go	গো
goa	গোআ
goal	গোল
goals	গোলজ
goat	গোট
goats	গোটস
goblet	গবলেট
god	গড
goddess	গডেস
godfather	গডফোদার
gods	গডজ
goes	গোজ
goggles	গোগলজ
goin	গয়ন
going	গোইং
gold	গোল্ড
goldberg	গোল্ডবার্গ
golden	গোল্ডেন
goldman	গোল্ডমান
goldstein	গোল্ডস্টাইন
golf	গলফ
golfers	গলফার্জ
golfing	গলফিং
gomez	গোমেজ
gone	গন
gong	গং
gonna	গনা
gonzales	গোনজোলস
gonzalez	গনজোলেজ
goo	গু
good	গুড
goodbye	গুডবাই
goodies	গুডিজ
goodman	গুডমান
goodness	গুডনেস
goods	গুডজ
goodwill	গুডুইল
goodwin	গুডুইন
goose	গুস
gordon	গর্ডন
gore	গর
gorge	গর্জ
gorgeous	গর্জেস
gorilla	গারিলা
gospel	গসপেল
gossip	গসিপ
got	গট
goth	গথ
gothic	গথিক
goto	গোটু
gotta	গটা
gotten	গটেন
gould	গুল্ড
gourmet	গুর্মে
gov	গাভ
govern	গাভার্ন
governance	গাভারনানস
governed	গাভার্ন্ড
governing	গাভারনিং
government	গাভারমেন্ট
governmental	গাভারমেন্টাল
governments	গাভারমেন্টস
governor	গাভারনার
governors	গাভারনার্জ
gown	গাউন
gowns	গাউনজ
gps	গিপিএস
grab	গ্রাব
grabbed	গ্রাবড
grabs	গ্রাবজ
grace	গ্রেস
graceful	গ্রেসফল
grad	গ্রাড
grade	গ্রেড
graded	গ্রেডড
graders	গ্রেডার্জ
grades	গ্রেডজ
gradient	গ্রেডিয়ান্ট
grading	গ্রেডিং
gradual	গ্রাজুঅল
gradually	গ্রাজুঅলি
graduate	গ্রাজওয়ট
graduated	গ্রাজুএটিড
graduates	গ্রাজওয়টস
graduating	গ্রাজওয়েটিং
graduation	গ্রাজুএশন
graffiti	গ্রাফিটি
grafton	গ্রাফটন
graham	গ্রেআম
grain	গ্রেন
grains	গ্রেনজ
gram	গ্রাম
grammar	গ্রামার
grams	গ্রামজ
gran	গ্রান
granada	গ্রানাডা
grand	গ্রান্ড
grandchildren	গ্রান্চিল্ড্রেন
grande	গ্রান্ড
grandfather	গ্রান্ডফাদার
grandma	গ্রান্ডমা
grandmother	গ্রান্ডমদার
grandparents	গ্রান্ডপেরেন্টস
grange	গ্রেন্জ
granite	গ্রানিট
granny	গ্রানি
grant	গ্রান্ট
granted	গ্রান্টড
granting	গ্রান্টিং
grants	গ্রান্টস
grape	গ্রেপ
grapes	গ্রেপস
graph	গ্রাফ
graphic	গ্রাফিক
graphical	গ্রাফিকাল
graphics	গ্রাফিক্স
graphite	গ্রাফাইট
graphs	গ্রাফস
gras	গ্রাস
grasp	গ্রাসপ
grass	গ্রাস
grassroots	গ্রাসরুটস
grateful	গ্রেটফল
gratis	গ্রাটিস
gratitude	গ্রাটিটিউড
grave	গ্রেভ
gravel	গ্রাভেল
graves	গ্রেভজ
gravity	গ্রাভিটি
gray	গ্রে
grazing	গ্রেজিং
grease	গ্রিস
great	গ্রেট
greater	গ্রেটার
greatest	গ্রেটেস্ট
greatly	গ্রেটলি
greece	গ্রিস
greed	গ্রিড
greedy	গ্রিডি
greek	গ্রিক
greeks	গ্রিক্স
green	গ্রিন
greenberg	গ্রিনবার্গ
greene	গ্রিন
greenfield	গ্রিনফিল্ড
greenhouse	গ্রিনহাউস
greenland	গ্রিনলান্ড
greens	গ্রিনজ
greensboro	গ্রিনজবাররো
greenville	গ্রিনভিল
greenwich	গ্রেনিচ
greenwood	গ্রিনুড
greet	গ্রিট
greeted	গ্রিটড
greeting	গ্রিটিং
greetings	গ্রিটিংজ
greg	গ্রেগ
gregg	গ্রেগ
gregory	গ্রেগারি
grenada	গ্রেনেডা
grew	গ্রু
grey	গ্রে
greyhound	গ্রেহাউন্ড
grid	গ্রিড
grief	গ্রিফ
grievance	গ্রিভানস
griffin	গ্রিফিন
griffith	গ্রিফিথ
grill	গ্রিল
grille	গ্রিল
grilled	গ্রিল্ড
grills	গ্রিলজ
grim	গ্রিম
grin	গ্রিন
grind	গ্রাইন্ড
grinder	গ্রাইন্ডার
grinding	গ্রাইন্ডিং
grip	গ্রিপ
grips	গ্রিপস
grizzly	গ্রিজলি
groceries	গ্রোসারিজ
grocery	গ্রোসারি
groom	গ্রুম
grooming	গ্রুমিং
groove	গ্রুভ
groovy	গ্রুভি
gross	গ্রোস
ground	গ্রাউন্ড
grounded	গ্রাউন্ডিড
grounds	গ্রাউন্ডজ
groundwater	গ্রাউন্ডোয়াটার
group	গ্রুপ
grouped	গ্রুপ্ট
grouping	গ্রুপিং
groups	গ্রুপস
grove	গ্রোভ
grow	গ্রো
grower	গ্রোআর
growers	গ্রোআর্জ
growing	গ্রোইং
grown	গ্রোন
grows	গ্রোজ
growth	গ্রোথ
gu	গু
guadeloupe	গোয়োডেলুপ
guam	গোয়াম
guarantee	গেরান্টি
guaranteed	গেরান্টিড
guarantees	গেরান্টিজ
guard	গার্ড
guardian	গার্ডিয়ান
guardians	গার্ডিয়ানজ
guards	গার্ডজ
guatemala	গোয়াটেমালা
gucci	গুচি
guernsey	গার্নজি
guess	গেস
guessing	গেসিং
guest	গেস্ট
guests	গেস্টস
guiana	গিয়না
guidance	গাইডানস
guide	গাইড
guidebook	গাইডবুক
guided	গাইডড
guideline	গাইডলাইন
guidelines	গাইডলাইনজ
guides	গাইডজ
guiding	গাইডিং
guild	গিল্ড
guilt	গিল্ট
guilty	গিল্টি
guinea	গিনি
guinness	গিনেস
guitar	গাটার
guitarist	গিটারিস্ট
guitars	গাটার্জ
gulf	গালফ
gull	গাল
gum	গাম
gun	গান
guns	গানজ
gupta	গুপ্টা
guru	গুরু
gus	গাস
gut	গাট
gutenberg	গুটেনবার্গ
guts	গাটস
guy	গাই
guyana	গাইআনা
guys	গাইজ
gwen	গোয়েন
gym	জিম
gymnastics	জিমন্যাস্টিক্স
gyms	জিমজ
gypsy	জিপসি
h	এচ
haas	হাস
habit	হ্যাবিট
habitat	হ্যাবিট্যাট
habitats	হ্যাবিট্যাটস
habits	হ্যাবিটস
hack	হ্যাক
hacked	হ্যাক্ট
hacker	হ্যাকার
hackers	হ্যাকার্জ
hacking	হ্যাকিং
hacks	হ্যাক্স
had	হ্যাড
hague	হেগ
hahn	হান
hail	হেল
hair	হেয়ার
haired	হের্ড
hairy	হেরি
haiti	হেটি
haitian	হেশন
hal	হ্যাল
hale	হেল
half	হ্যাফ
halfway	হ্যাফোয়ে
halifax	হ্যালিফ্যাক্স
hall	হল
hallmark	হালমার্ক
halloween	হ্যালউইন
halls	হলজ
halo	হেলো
halogen	হ্যালজন
halt	হল্ট
ham	হ্যাম
hama	হামা
hamas	হামাস
hamburg	হ্যামবার্গ
hamilton	হ্যামিল্টন
hamlet	হ্যামলেট
hammer	হ্যামার
hammond	হ্যামন্ড
hampshire	হ্যাম্পশার
hampton	হ্যাম্প্টন
han	হান
hancock	হ্যানকক
hand	হ্যান্ড
handbag	হ্যান্ডব্যাগ
handbags	হ্যান্ডব্যাগজ
handbook	হ্যান্ডবুক
handcrafted	হ্যান্ডক্রাফটিড
handed	হ্যান্ডড
handel	হ্যান্ডেল
handful	হ্যান্ডফুল
handheld	হ্যান্ডহেল্ড
handicap	হ্যান্ডিক্যাপ
handicapped	হ্যান্ডিক্যাপ্ট
handle	হ্যান্ডল
handled	হ্যান্ডল্ড
handler	হ্যান্ডলার
handlers	হ্যান্ডলার্জ
handles	হ্যান্ডলজ
handling	হ্যান্ডলিং
handmade	হ্যান্ডমেড
handouts	হ্যান্ডাউটস
hands	হ্যান্ডজ
handset	হ্যান্ডসেট
handsets	হ্যান্ডসেটস
handsome	হ্যানসম
handwriting	হ্যান্ড্রাইটিং
handy	হ্যান্ডি
hang	হ্যাং
hanger	হ্যাংআর
hanging	হ্যাংইং
hangs	হ্যাংজ
hank	হ্যাংক
hanna	হ্যানা
hannah	হ্যানা
hanoi	হ্যানয়
hanover	হ্যানোভার
hans	হানস
hansard	হ্যানসার্ড
hansen	হ্যানসেন
hanson	হ্যানসন
happen	হ্যাপেন
happened	হ্যাপেন্ড
happening	হ্যাপেনিং
happenings	হ্যাপেনিংজ
happens	হ্যাপেনজ
happier	হ্যাপিআর
happily	হ্যাপিলি
happiness	হ্যাপিনেস
happy	হ্যাপি
har	হার
harassment	হারাসমেন্ট
harbor	হোর্বার
harbour	হোর্বার
hard	হার্ড
hardback	হার্ডব্যাক
hardcore	হোর্ডকর
hardcover	হোর্ডকভার
harder	হার্ডার
hardest	হার্ডেস্ট
harding	হার্ডিং
hardly	হার্ডলি
hardship	হার্ডশিপ
hardware	হার্ডোয়ের
hardwood	হোর্ডুড
hardy	হার্ডি
hare	হেয়ার
harlem	হার্লেম
harley	হার্লি
harm	হার্ম
harman	হার্মান
harmful	হার্মফাল
harmless	হার্মলেস
harmonic	হার্মনিক
harmony	হোর্মনি
harness	হার্নেস
harold	হেরল্ড
harp	হার্প
harper	হার্পার
harriet	হেরিয়াট
harrington	হেরিংটন
harris	হেরিস
harrisburg	হ্যারিসবার্গ
harrison	হেরিসন
harry	হেরি
harsh	হার্শ
hart	হার্ট
hartford	হোর্টফার্ড
hartley	হার্টলি
harvard	হার্ভার্ড
harvest	হার্ভেস্ট
harvested	হার্ভস্টিড
harvesting	হার্ভেস্টিং
harvey	হার্ভি
has	হ্যাজ
hasbro	হ্যাজব্রো
hash	হ্যাশ
hassle	হ্যাসল
hast	হ্যাস্ট
hastings	হেস্টিংজ
hatch	হ্যাচ
hatchback	হ্যাচব্যাক
hate	হেট
hated	হেটড
hates	হেটস
hath	হ্যাথ
hatred	হেট্রড
hats	হ্যাটস
haul	হল
haunted	হন্টিড
haute	হোট
havana	হাভ্যানা
have	হ্যাভ
haven	হেভেন
having	হ্যাভিং
havoc	হ্যাভক
hawaii	হওয়াইই
hawaiian	হওয়াইঅন
hawk	হক
hawkins	হকিনজ
hawks	হক্স
hawthorne	হথর্ন
hay	হে
hayden	হেডেন
hayes	হেজ
haynes	হেনজ
hays	হেজ
hayward	হেওয়ার্ড
hazard	হ্যাজার্ড
hazardous	হ্যাজারডস
hazards	হ্যাজার্ডজ
haze	হেজ
hazel	হেজেল
hbo	এচবিও
he	হি
head	হেড
headache	হেডেক
headaches	হেডেক্স
headed	হেডড
header	হেডার
headers	হেডার্জ
heading	হেডিং
headings	হেডিংজ
headlights	হেডলাইটস
headline	হেডলাইন
headlines	হেডলাইনজ
headphone	হেডফোন
headphones	হেডফোনজ
headquartered	হেডকর্টার্ড
headquarters	হেডকোয়র্টার্জ
heads	হেডজ
headset	হেডসেট
headsets	হেডসেটস
heal	হিল
healing	হিলিং
health	হেলথ
healthcare	হেলথকেয়ার
healthier	হেলথিআর
healthy	হেলথি
heap	হিপ
hear	হির
heard	হার্ড
hearing	হিরিং
hearings	হিরিংজ
hears	হির্জ
heart	হার্ট
heartbeat	হার্টবিট
hearted	হার্টড
heartland	হার্টল্যান্ড
hearts	হার্টস
heat	হিট
heated	হিটড
heater	হিটার
heaters	হিটার্জ
heath	হিথ
heather	হেদার
heathrow	হিথ্রো
heating	হিটিং
heaven	হেভেন
heavenly	হেভেনলি
heavens	হেভেনজ
heavier	হেভিআর
heavily	হেভিলি
heavy	হেভি
heavyweight	হেভিওয়েট
hebrew	হিব্রু
hebrews	হিব্রুজ
heck	হেক
hectares	হেক্টার্জ
hector	হেক্টার
hedge	হেজ
hee	হি
heel	হিল
heels	হিলজ
heh	হে
heidelberg	হাইডেলবার্গ
heidi	হাইডি
height	হাইট
heights	হাইটস
heinz	হাইনজ
held	হেল্ড
helen	হেলেন
helena	হেলেনা
helicopter	হেলিকপ্টার
helicopters	হেলিকপ্টার্জ
helium	হিলিয়াম
helix	হিলিক্স
hell	হেল
hello	হেলো
helm	হেলম
helmet	হেলমেট
helmets	হেলমেটস
help	হেলপ
helped	হেলপ্ট
helper	হেলপার
helpers	হেলপার্জ
helpful	হেলপফাল
helping	হেলপিং
helpless	হেলপ্লেস
helps	হেলপস
helsinki	হেলসিংকি
hem	হেম
hemisphere	হেমিসফির
hemp	হেম্প
hen	হেন
hence	হেনস
henderson	হেন্ডারসন
hendrix	হেন্ড্রিক্স
henri	হেনরি
henry	হেনরি
hep	হেপ
hepatitis	হেপাটাইটিস
her	হার
herald	হেরাল্ড
herb	আর্ব
herbal	আর্বাল
herbert	হার্বার্ট
herbs	আর্বজ
hercules	হার্কিয়লিজ
herd	হার্ড
here	হির
hereafter	হেরাফটার
hereby	হির্বাই
hereford	হেরেফার্ড
herein	হেরিন
heritage	হেরিটাজ
herman	হার্মান
hernandez	হারন্যান্ডেজ
hero	হিরো
heroes	হিরোজ
heroic	হিরোইক
heroin	হেরোঅন
herpes	হার্পিজ
herring	হেরিং
hers	হার্জ
herself	হারসেলফ
hershey	হার্শি
hertz	হের্টস
herzegovina	হের্টসেগোভিনা
hesitate	হেজিটেট
hess	হেস
heterogeneous	হেটারজিনিয়স
hewitt	হিউইট
hewlett	হিউলেট
hex	হেক্স
hey	হে
hgh	এচজিএচ
hi	হাই
hickory	হিকারি
hicks	হিক্স
hid	হিড
hidden	হিডেন
hide	হাইড
hides	হাইডজ
hiding	হাইডিং
hier	হাইআর
hierarchical	হাইরার্কিকাল
hierarchy	হাইআরার্কি
higgins	হিগিনজ
high	হাই
higher	হাইআর
highest	হাইএস্ট
highland	হাইলান্ড
highlands	হাইলান্ডজ
highlight	হাইলাইট
highlighted	হাইলাইটিড
highlighting	হাইলাইটিং
highlights	হাইলাইটস
highly	হাইলি
highs	হাইজ
highway	হাইওয়ে
highways	হাইওয়েজ
hike	হাইক
hiking	হাইকিং
hilarious	হিলেরিয়াস
hilary	হিলারি
hilfiger	হিলফাইগার
hill	হিল
hillary	হিলারি
hills	হিলজ
hillside	হিলসাইড
hilton	হিল্টন
him	হিম
himself	হিমসেলফ
hindi	হিন্ডি
hindu	হিন্ডিউ
hinge	হিন্জ
hinges	হিন্জিজ
hint	হিন্ট
hints	হিন্টস
hip	হিপ
hips	হিপস
hire	হাইআর
hired	হাইআর্ড
hires	হাইআর্জ
hiring	হাইরিং
his	হিজ
hispanic	হিসপ্যানিক
historian	হিস্টরিয়ান
historians	হিস্টরিয়ানজ
historic	হিস্টরিক
historical	হিস্টরিকাল
historically	হিস্টরিকালি
histories	হিস্টারিজ
history	হিস্টারি
hit	হিট
hitachi	হিটাচি
hitch	হিচ
hitchcock	হিচকক
hitler	হিটলার
hits	হিটস
hitting	হিটিং
hiv	এচাইভি
hm	হ্ম
hmm	হ্ম
hmmm	হ্ম
ho	হো
hobart	হোবোর্ট
hobbies	হবিজ
hobbs	হবজ
hobby	হবি
hoc	হক
hockey	হকি
hoffman	হফমান
hog	হগ
hogan	হোগোন
hold	হোল্ড
holden	হোল্ডেন
holder	হোল্ডার
holders	হোল্ডার্জ
holding	হোল্ডিং
holdings	হোল্ডিংজ
holds	হোল্ডজ
holes	হোলজ
holidays	হলিডেজ
holistic	হোলিস্টিক
holland	হলান্ড
hollow	হলো
holloway	হলোওয়ে
holly	হলি
hollywood	হলিউড
holmes	হোমজ
holocaust	হলকস্ট
holster	হোলস্টার
holt	হোল্ট
holy	হোলি
home	হোম
homecoming	হোমকমিং
homeland	হোমল্যান্ড
homeless	হোমলস
homelessness	হোমলসনস
homemade	হোমমেড
homeowner	হোমোনার
homeowners	হোমোনার্জ
homepage	হোম্পেজ
homer	হোমার
homes	হোমজ
homestead	হোমস্টেড
hometown	হোমটাউন
homework	হোমোয়ার্ক
homicide	হমিসাইড
homme	হম
homo	হোমো
homogeneous	হোমজিনিয়াস
homosexual	হোমোসেকশওয়ল
homosexuality	হোমোসেকশুঅ্যালটি
hon	হন
honda	হন্ডা
honduras	হন্ডুরাস
honest	অনেস্ট
honestly	অনেস্টলি
honesty	অনেস্টি
honey	হানি
honeymoon	হানিমুন
hong	হং
honolulu	হনলুলু
honor	অনার
honorable	অনারবল
honorary	অনারেরি
honored	অনার্ড
honors	অনার্জ
honour	অনার
honourable	অনারবল
hood	হুড
hooded	হুডিড
hoods	হুডজ
hook	হুক
hooked	হুক্ট
hooker	হুকার
hooks	হুক্স
hoop	হুপ
hoops	হুপস
hoover	হুভার
hop	হপ
hope	হোপ
hoped	হোপ্ট
hopeful	হোপফল
hopefully	হোপফলি
hopes	হোপস
hoping	হোপিং
hopkins	হপকিনজ
hopper	হপার
horde	হর্ড
horizon	হারাইজন
horizons	হারাইজনজ
horizontal	হরিজন্টাল
hormone	হর্মোন
hormones	হর্মোনজ
horn	হর্ন
horns	হর্নজ
horny	হর্নি
horoscope	হরস্কোপ
horoscopes	হরস্কোপস
horrible	হরবল
horror	হরার
horse	হর্স
horseback	হর্সব্যাক
horsepower	হর্স্পাউআর
horses	হর্সজ
horticulture	হর্টিকলচার
horton	হর্টন
hose	হোজ
hospice	হসপিস
hospital	হসপিটাল
hospitality	হসপিট্যালিটি
hospitals	হসপিটালজ
host	হোস্ট
hostage	হস্টাজ
hosted	হোস্টিড
hostel	হস্টেল
hostels	হস্টেলজ
hostile	হস্টিল
hosting	হোস্টিং
hosts	হোস্টস
hot	হট
hotel	হোটেল
hotels	হোটেলজ
hotline	হটলাইন
hotmail	হটমেল
hotspot	হটস্পট
hottest	হটেস্ট
hotwire	হোটোয়াইআর
houghton	হটন
hound	হাউন্ড
hour	আউআর
hourly	আউর্লি
hours	আউআর্জ
house	হাউস
housed	হাউজড
household	হাউসহোল্ড
householder	হাউসহোল্ডার
households	হাউসহোল্ডজ
housekeeping	হাউস্কিপিং
houses	হাউসজ
housewares	হাউসোয়ের্জ
housewife	হাউসোয়াইফ
housewives	হাউসোয়াইভজ
housing	হাউজিং
houston	হিউস্টন
how	হাউ
howard	হাউআর্ড
howe	হাউ
howell	হাউএল
however	হাউএভার
hp	এচপি
hr	এচোর
hsbc	এচেসবিসি
html	এচটিএমেল
http	এচটিটিপি
hu	হু
hua	হুআ
huang	হোয়্যাং
hub	হাব
hubbard	হাবার্ড
hubs	হাবজ
hud	হাড
hudson	হাডসন
hug	হাগ
huge	হিউজ
hugh	হিউ
hughes	হিউজ
hugo	হিউগো
hugs	হাগজ
huh	হা
hulk	হালক
hull	হাল
hum	হাম
human	হিউমান
humane	হিউমেন
humanitarian	হিউম্যানটেরিয়ান
humanities	হিউম্যানিটিজ
humanity	হিউম্যানিটি
humans	হিউমানজ
humble	হামবল
humboldt	হামবোল্ট
humidity	হিউমিডিটি
humiliation	হিউমিলিয়েশন
hummer	হামার
humor	হিউমার
humorous	হিউমারস
humour	হিউমার
humphrey	হামফ্রি
hun	হান
hundred	হান্ড্রড
hundreds	হান্ড্রেডজ
hung	হাং
hungarian	হংগেরিয়ান
hungary	হাংগারি
hunger	হাংগার
hungry	হাংগ্রি
hunk	হাংক
hunks	হাংক্স
hunt	হান্ট
hunter	হান্টার
hunters	হান্টার্জ
hunting	হান্টিং
huntington	হান্টিংটন
huntsville	হান্টসভিল
hurley	হার্লি
huron	হিউরন
hurricane	হারিকেন
hurricanes	হারিকেনজ
hurry	হারি
hurt	হার্ট
hurting	হার্টিং
hurts	হার্টস
husband	হাজবান্ড
husbands	হাজবান্ডজ
hush	হাশ
husky	হাস্কি
hussein	হুসেন
hustle	হাসল
hustler	হাসলার
hut	হাট
hutchinson	হাচিনসন
hy	হাই
hyatt	হাইআট
hybrid	হাইব্রিড
hyde	হাইড
hyderabad	হাইডেরাব্যাড
hydraulic	হাইড্রলিক
hydro	হাইড্রো
hydrogen	হাইড্রজন
hygiene	হাইজিন
hymn	হিম
hype	হাইপ
hyper	হাইপার
hyperlink	হাইপারলিংক
hypertension	হাইপারটেনশন
hypertext	হাইপারটেক্স্ট
hypnosis	হিপনোসিস
hypotheses	হাইপোথসিজ
hypothesis	হাইপথেসিস
hypothetical	হাইপথেটিকাল
hyundai	হিয়ান্ডে
hz	হার্টজ
i	আই
ia	ইয়া
ian	ইয়ান
ib	ইব
ibid	ইবিড
ibis	আইবিস
ibiza	ইবিজা
ibm	আইবিএম
ibn	ইবন
ice	আইস
iceland	আইসলন্ড
icelandic	আইসল্যান্ডিক
ich	ইচ
icon	আইকন
icons	আইকনজ
id	ইড
ida	আইডা
idaho	আইডাহো
ide	আইড
idea	আইডিয়া
ideal	আইডিল
ideally	আইডিলি
ideals	আইডিলজ
ideas	আইডিয়াজ
identical	আইডেন্টিকাল
identifiable	আইডেন্টফাইঅবল
identification	আইডেন্টিফিকেশন
identified	আইডেন্টিফাইড
identifier	আইডেন্টফাইআর
identifiers	আইডেনফাইআর্জ
identifies	আইডেন্টিফাইজ
identify	আইডেন্টিফাই
identifying	আইডেন্টিফাইইং
identities	আইডেন্টিটিজ
identity	আইডেন্টিটি
ideological	আইডিয়ালোজিকল
ideology	আইডিয়লজি
idiot	ইডিয়াট
idiots	ইডিয়াটস
idle	আইডল
idol	আইডল
ids	আইডিজ
ieee	আইট্রিপলই
if	ইফ
ifs	ইফস
ignition	ইগনিশন
ignorance	ইগনারানস
ignorant	ইগনারান্ট
ignore	ইগনর
ignored	ইগনর্ড
ignoring	ইগনরিং
igor	ইগর
il	ইল
ill	ইল
illegal	ইলিগাল
illegally	ইলিগালি
illicit	ইলিসিট
illinois	ইলিনয়
illness	ইলনেস
illnesses	ইলনসিজ
illuminated	ইলুমনেটড
illumination	ইলুমিনেশন
illusion	ইলুজন
illusions	ইলুজনজ
illustrate	ইলাস্ট্রেট
illustrated	ইলস্ট্রেটড
illustrates	ইলাস্ট্রেটস
illustration	ইলাস্ট্রেশন
illustrations	ইলাস্ট্রেশনজ
illustrator	ইলাস্ট্রেটার
ilo	আইলো
im	ইম
image	ইমাজ
imagery	ইমজরি
images	ইমজজ
imaginary	ইম্যাজনেরি
imagination	ইম্যাজনেশন
imaginative	ইম্যাজনাটিভ
imagine	ইম্যাজন
imagined	ইম্যাজন্ড
imaging	ইমাজিং
imitation	ইমিটেশন
immediate	ইমিডিয়াট
immediately	ইমিডিয়েটলি
immense	ইমেনস
immersion	ইমার্জন
immigrant	ইমিগ্রান্ট
immigrants	ইমিগ্রান্টস
immigration	ইমিগ্রেশন
imminent	ইমিনেন্ট
immortal	ইমর্টাল
immune	ইমিউন
immunity	ইমিউনিটি
immunization	ইমিউনিজেশন
immunology	ইমিউনলজি
imo	আইমো
imp	ইম্প
impact	ইম্প্যাক্ট
impacted	ইম্প্যাক্টিড
impacts	ইম্প্যাক্টস
impaired	ইম্পের্ড
impairment	ইম্পের্মেন্ট
impartial	ইম্পার্শিল
impedance	ইম্পিডানস
imperative	ইম্পেরাটিভ
imperial	ইম্পিরিয়াল
implant	ইম্প্ল্যান্ট
implants	ইম্প্ল্যান্টস
implement	ইম্প্লেমেন্ট
implementation	ইম্প্লেমেন্টেশন
implementations	ইম্প্লেমেন্টেশনজ
implemented	ইম্প্লমেন্টড
implementing	ইম্প্লেমেন্টিং
implements	ইম্প্লেমেন্টস
implication	ইম্প্লিকেশন
implications	ইম্প্লিকেশনজ
implicit	ইম্প্লিসিট
implied	ইম্প্লাইড
implies	ইম্প্লাইজ
imply	ইম্প্লাই
import	ইম্পর্ট
importance	ইম্পর্টানস
importantly	ইম্পর্টান্টলি
imported	ইম্পর্টিড
importer	ইম্পর্টার
importers	ইম্পর্টার্জ
importing	ইম্পর্টিং
imports	ইম্পর্টস
impose	ইম্পোজ
imposed	ইম্পোজড
imposing	ইম্পোজিং
impossible	ইম্পোসবল
impotence	ইম্পটেনস
impress	ইম্প্রেস
impressed	ইম্প্রেস্ট
impression	ইম্প্রেশন
impressions	ইম্প্রেশনজ
impressive	ইম্প্রেসিভ
imprint	ইম্প্রিন্ট
imprisonment	ইম্প্রিজনমেন্ট
improper	ইম্প্রপার
improve	ইম্প্রুভ
improved	ইম্প্রুভড
improvement	ইম্প্রুভমন্ট
improvements	ইম্প্রুভমন্টস
improves	ইম্প্রুভজ
improving	ইম্প্রুভিং
impulse	ইম্পালস
in	ইন
inability	ইনাবিলিটি
inaccuracies	ইন্যাকিয়ারাসিজ
inaccurate	ইন্যাকিয়ারাট
inactive	ইন্যাক্টিভ
inadequate	ইন্যাডেকোয়ট
inappropriate	ইনপ্রোপ্রিইট
inaugural	ইনগারাল
inbound	ইনবাউন্ড
inbox	ইনবক্স
inc	ইংক
incense	ইনসেনস
incentive	ইনসেন্টিভ
incentives	ইনসেন্টিভজ
inception	ইনসেপশন
incest	ইনসেস্ট
inch	ইন্চ
inches	ইন্চজ
incidence	ইনসিডেনস
incident	ইনসিডেন্ট
incidental	ইনসিডেন্টাল
incidents	ইনসিডেন্টস
inclined	ইনক্লাইন্ড
include	ইনক্লুড
included	ইনক্লুডড
includes	ইনক্লুডজ
including	ইনক্লুডিং
inclusion	ইনক্লুজন
inclusive	ইনক্লুসিভ
income	ইনকম
incomes	ইনকমজ
incoming	ইনকমিং
incompatible	ইনকম্প্যাটবল
incomplete	ইনকম্প্লিট
inconsistent	ইনকনসিস্টেন্ট
inconvenience	ইনকনভিনিয়নস
incorporate	ইনকর্পারেট
incorporated	ইনকর্পারেটিড
incorporates	ইনকর্পারেটস
incorporating	ইনকর্পারেটিং
incorporation	ইনকর্পারেশন
incorrect	ইনকারেক্ট
incorrectly	ইনকারেক্টলি
increase	ইনক্রিস
increased	ইনক্রিস্ট
increases	ইনক্রিসজ
increasing	ইনক্রিসিং
increasingly	ইনক্রিসিংলি
incredible	ইনক্রেডবল
incredibly	ইনক্রেডিবলি
increment	ইনক্রেমেন্ট
incremental	ইনক্রেমেন্টাল
increments	ইংক্রেমেন্টস
incumbent	ইনকামবেন্ট
incur	ইনকার
incurred	ইনকার্ড
indeed	ইন্ডিড
indemnity	ইন্ডেমনিটি
independence	ইন্ডেপেন্ডেনস
independent	ইন্ডেপেন্ডেন্ট
independently	ইন্ডেপেন্ডেন্টলি
index	ইন্ডেক্স
indexed	ইন্ডেক্স্ট
indexes	ইন্ডেক্সিজ
indexing	ইন্ডেক্সিং
india	ইন্ডিয়া
indian	ইন্ডিয়ান
indiana	ইন্ডিঅ্যানা
indianapolis	ইন্ডিয়ান্যাপলিস
indians	ইন্ডিয়ানজ
indicate	ইন্ডিকেট
indicated	ইন্ডকেটড
indicates	ইন্ডিকেটস
indicating	ইন্ডিকেটিং
indication	ইন্ডিকেশন
indications	ইন্ডিকেশনজ
indicative	ইন্ডিকাটিভ
indicator	ইন্ডিকেটার
indicators	ইন্ডিকেটার্জ
indices	ইন্ডিসিজ
indictment	ইন্ডাইটমেন্ট
indie	ইন্ডি
indies	ইন্ডিজ
indigenous	ইন্ডিজনস
indigo	ইন্ডিগো
indirect	ইন্ডারেক্ট
indirectly	ইন্ডারেক্টলি
indispensable	ইন্ডিসপেনসবল
individual	ইন্ডভিজওয়ল
individually	ইন্ডিভিজুঅলি
individuals	ইন্ডভিজওয়লজ
indo	ইন্ডো
indonesia	ইন্ডোনিজা
indonesian	ইন্ডোনিজন
indoor	ইন্ডর
indoors	ইন্ডর্জ
induce	ইন্ডিউস
induced	ইন্ডিউস্ট
induction	ইন্ডাকশন
indulgence	ইন্ডালজনস
industrial	ইন্ডাস্ট্রিয়াল
industries	ইন্ডাস্ট্রিজ
industry	ইন্ডাস্ট্রি
indy	ইন্ডি
ineffective	ইনেফেক্টিভ
inequalities	ইনেকোয়ালিটিজ
inequality	ইনেকোয়ালিটি
inevitable	ইনেভটবল
inevitably	ইনেভিটাবলি
inexpensive	ইনেক্স্পেনসিভ
infamous	ইনফামস
infant	ইনফান্ট
infantry	ইনফান্ট্রি
infants	ইনফান্টস
infect	ইনফেক্ট
infected	ইনফেক্টিড
infection	ইনফেকশন
infections	ইনফেকশনজ
infectious	ইনফেকশিস
inference	ইনফারেনস
inferior	ইনফিরিআর
infertility	ইনফারটিলিটি
infinite	ইনফিনিট
infiniti	ইনফিনিটি
infinity	ইনফিনিটি
inflammation	ইনফ্লামেশন
inflammatory	ইনফ্ল্যামাটরি
inflatable	ইনফ্লেটবল
inflation	ইনফ্লেশন
influence	ইনফ্লুঅনস
influenced	ইনফ্লুঅনস্ট
influences	ইনফ্লুঅনসিজ
influencing	ইনফ্লুঅনসিং
influential	ইনফ্লুএনশল
influenza	ইনফ্লুএনজা
info	ইনফো
inform	ইনফর্ম
informal	ইনফর্মাল
informatics	ইনফারম্যাটিক্স
information	ইনফারমেশন
informational	ইনফারমেশনাল
informations	ইনফারমেশনজ
informative	ইনফর্মাটিভ
informed	ইনফর্মড
informing	ইনফর্মিং
informs	ইনফর্মজ
infoworld	ইনফোওয়ার্ল্ড
infrared	ইনফ্রারেড
infrastructure	ইনফ্রাস্ট্রাকচার
infringement	ইনফ্রিন্জমন্ট
infusion	ইনফিউজন
ing	ইং
ingram	ইংগ্রাম
ingredient	ইনগ্রিডিয়ান্ট
ingredients	ইনগ্রিডিয়ান্টস
inhabitants	ইনহ্যাবিটান্টস
inhalation	ইনালেশন
inherent	ইনহিরেন্ট
inherently	ইনহিরেন্টলি
inheritance	ইনহেরিটানস
inherited	ইনহেরটিড
inhibit	ইনহিবিট
inhibition	ইনহিবিশন
inhibitor	ইনহিবিটার
inhibitors	ইনহিবিটার্জ
initial	ইনিশিল
initialize	ইনিশিলাইজ
initially	ইনিশিলি
initials	ইনিশিলজ
initiate	ইনিশিয়েট
initiated	ইনিশিয়েটড
initiating	ইনিশিয়েটিং
initiation	ইনিশিয়েশন
initiative	ইনিশিটিভ
initiatives	ইনিশিটিভজ
injected	ইন্জেক্টড
injection	ইন্জেকশন
injections	ইন্জেকশনজ
injunction	ইন্জাংকশন
injured	ইন্জার্ড
injuries	ইন্জারিজ
injury	ইন্জারি
injustice	ইন্জাস্টিস
ink	ইংক
inkjet	ইংকজেট
inks	ইংক্স
inland	ইনল্যান্ড
inlet	ইনলেট
inline	ইনলাইন
inmate	ইনমেট
inmates	ইনমেটস
inn	ইন
inner	ইনার
inning	ইনিং
innings	ইনিংজ
innocence	ইনসেনস
innocent	ইনসেন্ট
innovation	ইনভেশন
innovations	ইনভেশনজ
innovative	ইনভেটিভ
inns	ইনজ
inorganic	ইনর্গ্যানিক
inpatient	ইনপেশন্ট
input	ইনপুট
inputs	ইনপুটস
inquire	ইনকোয়াইর
inquiries	ইনকোয়াইআরিজ
inquiry	ইনকোয়াইরি
ins	ইনজ
insane	ইনসেন
insanity	ইনস্যানিটি
insect	ইনসেক্ট
insects	ইনসেক্টস
insert	ইনসার্ট
inserted	ইনসার্টড
inserting	ইনসার্টিং
insertion	ইনসার্শন
inserts	ইনসার্টস
inside	ইনসাইড
insider	ইনসাইডার
insight	ইনসাইট
insightful	ইনসাইটফাল
insights	ইনসাইটস
insist	ইনসিস্ট
insisted	ইনসিস্টড
insists	ইনসিস্টস
insomnia	ইনসোমনিয়া
inspect	ইনস্পেক্ট
inspected	ইনস্পেক্টিড
inspection	ইনস্পেকশন
inspections	ইনস্পেকশনজ
inspector	ইনস্পেক্টার
inspectors	ইনস্পেক্টার্জ
inspiration	ইনস্পারেশন
inspirational	ইনস্পারেশনাল
inspire	ইনস্পাইর
inspired	ইনস্পাইআর্ড
inspiring	ইনস্পাইরিং
instability	ইনস্টাবিলিটি
install	ইনস্টল
installation	ইনস্টালেশন
installations	ইনস্টালেশনজ
installed	ইনস্টল্ড
installer	ইনস্টলার
installing	ইনস্টলিং
installment	ইনস্টলমেন্ট
installs	ইনস্টলজ
instance	ইনস্টানস
instances	ইনস্টনসজ
instant	ইনস্টান্ট
instantly	ইনস্টান্টলি
instead	ইনস্টেড
instinct	ইনস্টিংক্ট
institut	ইনস্টিটিউট
institute	ইনস্টিটিউট
institutes	ইনস্টিটিউটস
institution	ইনস্টিটিউশন
institutional	ইনস্টিটিউশনাল
institutions	ইনস্টিটিউশনজ
instruct	ইনস্ট্রাক্ট
instructed	ইনস্ট্রাক্টড
instruction	ইনস্ট্রাকশন
instructional	ইনস্ট্রাকশনাল
instructions	ইনস্ট্রাকশনজ
instructor	ইনস্ট্রাক্টার
instructors	ইনস্ট্রাক্টার্জ
instrument	ইনস্ট্রামেন্ট
instrumental	ইনস্ট্রামেন্টাল
instrumentation	ইনস্ট্রামেন্টেশন
instruments	ইনস্ট্রামেন্টস
insufficient	ইনসাফিশন্ট
insulated	ইনসলেটড
insulation	ইনসালেশন
insulin	ইনসালিন
insult	ইনসাল্ট
insurance	ইনশুরানস
insure	ইনশুর
insured	ইনশুর্ড
insurer	ইনশুরার
insurers	ইনশুরার্জ
intact	ইন্ট্যাক্ট
intake	ইন্টেক
intangible	ইন্ট্যান্জবল
integer	ইন্টেজার
integers	ইন্টেজার্জ
integral	ইন্টেগ্রাল
integrate	ইন্টেগ্রেট
integrated	ইন্টগ্রেটড
integrates	ইন্টেগ্রেটস
integrating	ইন্টেগ্রেটিং
integration	ইন্টেগ্রেশন
integrity	ইন্টেগ্রিটি
intel	ইন্টেল
intellect	ইন্টেলেক্ট
intellectual	ইন্টলেকচুঅল
intelligence	ইন্টেলিজনস
intelligent	ইন্টেলিজন্ট
intend	ইন্টেন্ড
intended	ইন্টেন্ডিড
intends	ইন্টেন্ডজ
intense	ইন্টেনস
intensity	ইন্টেনসিটি
intensive	ইন্টেনসিভ
intent	ইন্টেন্ট
intention	ইন্টেন্চন
intentional	ইন্টেনশনাল
intentionally	ইন্টেনশনালি
intentions	ইন্টেন্চনজ
inter	ইন্টার
interact	ইন্টারাক্ট
interacting	ইন্টারাক্টিং
interaction	ইন্টারাকশন
interactions	ইন্টারাকশনজ
interactive	ইন্টারাক্টিভ
intercept	ইন্টারসেপ্ট
interchange	ইন্টারচেন্জ
interconnect	ইন্টারকনেক্ট
interconnection	ইন্টারকনেকশন
intercontinental	ইন্টারকন্টিনেন্টাল
intercourse	ইন্টারকর্স
interdisciplinary	ইন্টারডিসিপলিনেরি
interest	ইন্ট্রস্ট
interested	ইন্ট্রেস্টেড
interestingly	ইন্টারেস্টিংলি
interests	ইন্ট্রস্টস
interface	ইন্টারফেস
interfaces	ইন্টারফেসিজ
interfere	ইন্টারফির
interference	ইন্টারফিরেনস
intergovernmental	ইন্টারগভারনমেন্টাল
interim	ইন্টারিম
interior	ইন্টিরিআর
interiors	ইন্টিরিআর্জ
intermediate	ইন্টারমিডিইট
intermittent	ইন্টারমিটেন্ট
intern	ইন্টার্ন
internal	ইন্টার্নাল
internally	ইন্টার্নালি
international	ইন্টারন্যাশনাল
internationally	ইন্টারন্যাশনালি
internship	ইন্টারনশিপ
internships	ইন্টারনশিপস
interpersonal	ইন্টারপার্সনাল
interpret	ইন্টার্প্রেট
interpretation	ইন্টার্প্রেটেশন
interpretations	ইন্টার্প্রেটেশনজ
interpreted	ইন্টার্প্রটড
interpreter	ইন্টার্প্রেটার
interpreters	ইন্টার্প্রেটার্জ
interpreting	ইন্টারপ্রেটিং
interracial	ইন্টাররেশিল
interrupt	ইন্টারাপ্ট
interrupted	ইন্টারাপ্টিড
interruption	ইন্টারাপশন
intersection	ইন্টারসেকশন
interstate	ইন্টারস্টেট
interval	ইন্টারভাল
intervals	ইন্টারভালজ
intervene	ইন্টারভিন
intervention	ইন্টারভেনশন
interventions	ইন্টারভেনশনজ
interview	ইন্টারভিউ
interviewed	ইন্টারভিউড
interviewing	ইন্টারভিউইং
interviews	ইন্টারভিউজ
intestinal	ইন্টেস্টিনাল
intimate	ইন্টিমাট
into	ইন্টু
intra	ইন্ট্রা
intracellular	ইন্ট্রাসেলিয়লার
intravenous	ইন্ট্রাভিনস
intriguing	ইন্ট্রিগাং
intrinsic	ইন্ট্রিনসিক
intro	ইন্ট্রো
introduce	ইন্ট্রডিউস
introduced	ইন্ট্রডিউস্ট
introduces	ইন্ট্রডুসিজ
introducing	ইন্ট্রডিউসিং
introduction	ইন্ট্রডাকশন
introductions	ইন্ট্রডাকশনজ
introductory	ইন্ট্রডাক্টারি
intrusion	ইন্ট্রুজন
intuition	ইন্টুইশন
intuitive	ইন্টুঅটিভ
invalid	ইনভালিড
invaluable	ইনভ্যালিয়বল
invariant	ইনভেরিয়ান্ট
invasion	ইনভেজন
invasive	ইনভেসিভ
invented	ইনভেন্টড
invention	ইনভেনশন
inventions	ইনভেনশনজ
inventor	ইনভেন্টার
inventories	ইনভেন্টরিজ
inventory	ইনভেন্টরি
inverness	ইনভারনেস
inverse	ইনভার্স
inverted	ইনভার্টিড
invest	ইনভেস্ট
invested	ইনভেস্টড
investigate	ইনভেস্টিগেট
investigated	ইনভেস্টগেটড
investigating	ইনভেস্টিগেটিং
investigation	ইনভেস্টিগেশন
investigations	ইনভেস্টিগেশনজ
investigative	ইনভেস্টিগেটিভ
investigator	ইনভেস্টিগেটার
investigators	ইনভেস্টিগেটার্জ
investing	ইনভেস্টিং
investment	ইনভেস্টমেন্ট
investments	ইনভেস্টমেন্টস
investor	ইনভেস্টার
investors	ইনভেস্টার্জ
invisible	ইনভিজবল
invitation	ইনভিটেশন
invitational	ইনভিটেশনাল
invitations	ইনভিটেশনজ
invite	ইনভাইট
invited	ইনভাইটড
invites	ইনভাইটস
inviting	ইনভাইটিং
invoice	ইনভয়স
invoices	ইনভয়সিজ
invoke	ইনভোক
invoked	ইনভোক্ট
involve	ইনভলভ
involved	ইনভলভড
involvement	ইনভোলভমন্ট
involves	ইনভলভজ
involving	ইনভলভিং
inward	ইনোয়ার্ড
io	আইও
iomega	আইওমেগা
ion	আইঅন
ionic	আইঅনিক
ions	আইঅনজ
ios	ইওস
iowa	আইঅওয়া
ip	আইপি
ipod	আইপড
ipods	আইপডজ
iq	আইকিউ
ira	আইরা
iran	ইরান
iranian	ইরানিয়ান
iraq	ইরাক
iraqi	ইরাকি
iraqis	ইরাকিজ
ire	আইর
ireland	আইআরলান্ড
irene	আইরিন
iris	আইরিস
irish	আইরিশ
iron	আইআর্ন
ironic	আইরনিক
ironically	আইরোনিকলি
ironing	আইআরনিং
irons	আইআর্নজ
irony	আইরনি
irregular	ইরেগিয়লার
irrelevant	ইরেলেভান্ট
irrigation	ইরিগেশন
irritation	ইরিটেশন
irs	আইঅরেস
irvine	আর্ভাইন
irving	আর্ভিং
irwin	আরোয়ন
is	ইজ
isa	ইসা
isaac	আইজাক
isabel	ইজাবেল
isabella	ইজাবেলা
isaiah	আইজেআ
isbn	আইএসবিএন
ish	ইশ
isis	আইসিস
islam	ইসলাম
islamic	ইজলামিক
island	আইলান্ড
islander	আইলান্ডার
islanders	আইলান্ডার্জ
islands	আইলান্ডজ
isle	আইল
isles	আইলজ
isolate	আইসলেট
isolated	আইসলেটড
isolates	আইসলেটস
isolation	আইসলেশন
israel	ইজরিঅল
israeli	ইজরেলি
israelis	ইজরেলিজ
issuance	ইশুঅনস
issue	ইশু
issued	ইশুড
issuer	ইশুআর
issues	ইশুজ
issuing	ইশুইং
istanbul	ইস্টানবুল
isuzu	ইসুজু
it	ইট
ita	আইটা
italia	ইট্যালিয়া
italian	ইট্যালিয়ন
italiano	ইটোলিয়নো
italic	আইট্যালিক
italy	ইটালি
item	আইটেম
items	আইটেমজ
iteration	ইটারেশন
ithaca	ইথাকা
itinerary	আইটিনারেরি
its	ইটস
itself	ইটসেলফ
itunes	আইটিউনজ
ivan	আইভান
ivory	আইভারি
ivy	আইভি
j	জে
ja	ইয়া
jack	জ্যাক
jacket	জ্যাকেট
jackets	জ্যাকেটস
jackie	জ্যাকি
jacking	জ্যাকিং
jackpot	জ্যাকপট
jacks	জ্যাক্স
jackson	জ্যাক্সন
jacksonville	জ্যাক্সনভিল
jacob	জেকব
jacobs	জেকবজ
jacqueline	জ্যাকোয়লিন
jacques	জাক
jacuzzi	জাকুজি
jade	জেড
jaguar	জ্যাগোয়ার
jail	জেল
jakarta	জাকার্টা
jake	জেক
jam	জ্যাম
jamaica	জামেকা
james	জেমজ
jameson	জেমসন
jamestown	জেমজটাউন
jamie	জেমি
jams	জ্যামজ
jan	জ্যান
jane	জেন
janeiro	জনেরো
janet	জ্যানেট
janice	জ্যানিস
janis	জ্যানিস
janitorial	জ্যানিটরিয়াল
japan	জাপ্যান
japanese	জ্যাপানিজ
jar	জার
jared	জেরিড
jargon	জোর্গন
jars	জার্জ
jarvis	জার্ভিস
jasmine	জ্যাজমিন
jason	জেসন
jasper	জ্যাসপার
java	জাভা
javascript	জাভাসক্রিপ্ট
jaw	জ
jaws	জজ
jays	জেজ
jazz	জ্যাজ
jealous	জেলস
jean	জিন
jeanne	জিন
jeans	জিনজ
jedi	জেডি
jeep	জিপ
jeeves	জিভজ
jeff	জেফ
jefferson	জেফারসন
jeffrey	জেফ্রি
jelly	জেলি
jen	জেন
jenkins	জেংকিনজ
jenna	জেনা
jennifer	জেনিফার
jennings	জেনিংজ
jenny	জেনি
jensen	জেনসেন
jeremiah	জেরমাইআ
jeremy	জেরেমি
jerk	জার্ক
jerking	জার্কিং
jerome	জারোম
jerry	জেরি
jersey	জার্জি
jerseys	জার্জিজ
jerusalem	জারুসালেম
jess	জেস
jesse	জেসি
jessica	জেসিকা
jessie	জেসি
jesus	জিজাস
jet	জেট
jets	জেটস
jew	জু
jewel	জুএল
jewelry	জুএলরি
jewels	জুএলজ
jewish	জুইশ
jews	জুজ
jfk	জিএফকে
ji	জি
jigsaw	জিগস
jihad	জিহ্যাড
jill	জিল
jim	জিম
jimi	জিমি
jimmy	জিমি
jin	জিন
jingle	জিংগল
jive	জাইভ
jo	জো
joan	জোন
joanna	জোঅ্যানা
joanne	জোঅ্যান
joaquin	ওয়োকিন
job	জব
jobs	জবজ
jockey	জকি
joe	জো
joel	জোঅল
joey	জোই
johan	ইয়োহোন
johann	ইয়োহান
johannes	জোহ্যানস
johannesburg	জোহ্যানেসবার্গ
john	জন
johnny	জনি
johns	জনজ
johnson	জনসন
johnston	জনস্টন
joined	জয়ন্ড
joining	জয়নিং
joins	জয়নজ
joint	জয়ন্ট
jointly	জয়ন্টলি
joints	জয়ন্টস
joke	জোক
jokes	জোক্স
jolie	জোলি
jolla	হয়ইয়া
jolly	জলি
jon	জন
jonah	জোনা
jonas	জোনাস
jonathan	জনাথান
jones	জোনজ
jong	জং
joplin	জপলিন
jordan	জর্ডান
jorge	হর্হে
jose	হোজে
josef	জোসেফ
joseph	জোসেফ
josephine	জোসেফিন
josh	জশ
joshua	জোশুআ
jour	জুর
journal	জার্নাল
journalism	জার্নলিজম
journalist	জার্নালিস্ট
journalists	জার্নালিস্টস
journals	জার্নালজ
journey	জার্নি
journeys	জার্নিজ
jovi	জোভি
joy	জয়
joyce	জয়স
joystick	জয়স্টিক
jr	জুনিয়ার
ju	জু
juan	ওয়ান
jubilee	জুবিলি
judaism	জুডেইজম
judd	জাড
jude	জুড
judge	জাজ
judged	জাজড
judgement	জাজমন্ট
judges	জাজিজ
judging	জাজিং
judgment	জাজমেন্ট
judgments	জাজমেন্টস
judicial	জুডিশিল
judiciary	জুডিশিয়েরি
judith	জুডিথ
judy	জুডি
juice	জুস
juices	জুসজ
juicy	জুসি
jukebox	জুকবোক্স
jules	জুলজ
julia	জুলিয়া
julian	জুলিয়ান
julie	জুলি
juliet	জুলিয়েট
julio	জুলিও
julius	জুলিয়স
jumbo	জামবো
jump	জাম্প
jumped	জাম্প্ট
jumper	জাম্পার
jumping	জাম্পিং
jumps	জাম্পস
jun	জান
junction	জাংকশন
jung	ইউং
jungle	জাংগল
junior	জুনিয়ার
juniors	জুনিয়ার্জ
juniper	জুনিপার
junk	জাংক
jupiter	জুপিটার
jurisdiction	জুরিসডিকশন
jurisdictions	জুরিসডিকশনজ
jury	জুরি
just	জাস্ট
justice	জাস্টিস
justification	জস্টিফিকেশন
justified	জাস্টিফাইড
justify	জাস্টিফাই
justin	জাস্টিন
juvenile	জুভেনিল
k	কে
ka	কা
kai	কাই
kaiser	কাইজার
kalamazoo	ক্যালামাজু
kane	কেন
kangaroo	ক্যাংগারু
kansas	ক্যানজাস
kaplan	ক্যাপলান
kappa	ক্যাপা
kara	কেরা
karaoke	কেরিওকি
karate	কারাটি
karen	কেরেন
karl	কার্ল
karma	কার্মা
kashmir	ক্যাশমির
kat	ক্যাট
kate	কেট
katherine	ক্যাথারিন
kathleen	ক্যাথলিন
kathryn	ক্যাথ্রিন
kathy	ক্যাথি
katie	কেটি
katrina	কাট্রিনা
katy	কেটি
katz	ক্যাটস
kauai	কাউআই
kaufman	কফমান
kawasaki	কাওয়াসাকি
kay	কে
kayak	কাইঅ্যাক
kayaking	কাইঅ্যাকিং
kazakhstan	কাজাক্স্টান
keeling	কিলিং
keen	কিন
keep	কিপ
keeper	কিপার
keeping	কিপিং
keeps	কিপস
keith	কিথ
keller	কেলার
kelley	কেলি
kellogg	কেলগ
kelly	কেলি
ken	কেন
kendall	কেন্ডাল
kennedy	কেনেডি
kennel	কেনেল
kenneth	কেনেথ
kenny	কেনি
kensington	কেনজিংটন
kent	কেন্ট
kentucky	কেন্টাকি
kenwood	কেনুড
kenya	কেনিয়া
kept	কেপ্ট
kerala	কেরালা
kern	কার্ন
kernel	কার্নেল
kernels	কার্নেলজ
kerr	কার
kerry	কেরি
kettle	কেটল
kevin	কেভিন
key	কি
keyboard	কিবর্ড
keyboards	কিবর্ডজ
keynes	কেনজ
keynote	কিনোট
keypad	কিপ্যাড
keys	কিজ
keystone	কিস্টোন
keyword	কিওয়ার্ড
keywords	কিওয়ার্ডজ
khan	কান
kia	কিআর
kick	কিক
kicked	কিক্ট
kicking	কিকিং
kicks	কিক্স
kid	কিড
kidding	কিডিং
kidney	কিডনি
kids	কিডজ
kiev	কিয়েভ
kill	কিল
killed	কিল্ড
killer	কিলার
killers	কিলার্জ
killing	কিলিং
kills	কিলজ
kilometers	কিলমটার্জ
kilometres	কিলমটার্জ
kim	কিম
kimberly	কিমবারলি
kin	কিন
kinase	কাইনেজ
kind	কাইন্ড
kinda	কিন্ডা
kindergarten	কিন্ডারগার্টেন
kindly	কাইন্ডলি
kindness	কাইন্ডনেস
kinds	কাইন্ডজ
kinetic	কিনেটিক
kinetics	কিনেটিক্স
king	কিং
kingdom	কিংডম
kings	কিংজ
kingston	কিংস্টন
kinky	কিংকি
kiosk	কিয়সক
kirby	কার্বি
kiribati	কিরিবাটি
kirk	কার্ক
kirsten	কার্স্টেন
kiss	কিস
kissed	কিস্ট
kisses	কিসজ
kissimmee	কিসিমি
kissing	কিসিং
kit	কিট
kitchen	কিচন
kitchens	কিচনজ
kite	কাইট
kits	কিটস
kitten	কিটেন
kittens	কিটেনজ
kitts	কিটস
kitty	কিটি
kiwi	কিউই
klaus	ক্লাউস
klein	ক্লাইন
knee	নি
knees	নিজ
knew	নিউ
knife	নাইফ
knight	নাইট
knights	নাইটস
knit	নিট
knitting	নিটিং
knives	নাইভজ
knob	নব
knobs	নবজ
knock	নক
knocked	নক্ট
knocking	নকিং
knot	নট
knots	নটস
know	নো
knowing	নোইং
knowingly	নোইংলি
knowledge	নলেজ
knowledgeable	নোলজবল
knowles	নোলজ
known	নোন
knows	নোজ
knox	নক্স
knoxville	নক্সভিল
ko	কো
kobe	কোবে
koch	কচ
kodak	কোড্যাক
koh	কো
kona	কোনা
kong	কং
konica	কনিকা
kool	কুল
korea	করিয়া
korean	করিয়ান
korn	কর্ন
kos	কস
kosher	কোশার
kosovo	কোসোভো
kraft	ক্রাফট
kramer	ক্রেমার
kris	ক্রিস
krishna	ক্রিশনা
kristen	ক্রিস্টেন
kristin	ক্রিস্টিন
kruger	ক্রুগার
ku	কু
kuala	কোয়ালা
kumar	কুমার
kung	কাং
kurdish	কার্ডিশ
kurt	কার্ট
kuwait	কুওয়েট
kyle	কাইল
kylie	কাইলি
kyocera	কিয়োসেরা
kyoto	কিয়োটো
kyrgyzstan	কির্গিস্ট্যান
l	এল
la	লা
lab	ল্যাব
label	লেবেল
labeled	লেবেল্ড
labeling	লেবেলিং
labelled	লেবেল্ড
labels	লেবেলজ
labor	লেবার
laboratories	ল্যাব্রটরিজ
laboratory	ল্যাব্রটরি
labour	লেবার
labrador	ল্যাব্রাডর
labs	ল্যাবজ
lac	ল্যাক
lace	লেস
lack	ল্যাক
lacked	ল্যাক্ট
lacking	ল্যাকিং
lacks	ল্যাক্স
lacrosse	লাক্রস
lad	ল্যাড
ladder	ল্যাডার
ladders	ল্যাডার্জ
laden	লেডেন
ladies	লেডিজ
lady	লেডি
lafayette	লাফিয়েট
lag	ল্যাগ
lagoon	লাগুন
laguna	লাগুনা
lai	লাই
laid	লেড
lake	লেক
lakeland	লেকলন্ড
lakers	লেকার্জ
lakes	লেক্স
lakeside	লেক্সাইড
lakewood	লেকুড
lam	ল্যাম
lama	লামা
lamar	লামার
lamb	ল্যাম
lambda	ল্যামডা
lambert	ল্যামবার্ট
lamborghini	ল্যামবারগিনি
lame	লেম
laminate	ল্যামিনাট
laminated	ল্যামনেটড
lamp	ল্যাম্প
lamps	ল্যাম্পস
lan	ল্যান
lancashire	ল্যাংকাশাইর
lancaster	ল্যানক্যাস্টার
lance	ল্যানস
land	ল্যান্ড
landed	ল্যান্ডড
landfill	ল্যান্ডফিল
landing	ল্যান্ডিং
landlord	ল্যান্ডলর্ড
landlords	ল্যান্ডলর্ডজ
landmark	ল্যান্ডমার্ক
landmarks	ল্যান্ডমার্ক্স
lands	ল্যান্ডজ
landscape	ল্যান্ডস্কেপ
landscapes	ল্যান্ডস্কেপস
landscaping	ল্যান্ডস্কেপিং
lane	লেন
lanes	লেনজ
lang	ল্যাং
lange	ল্যাং
langley	ল্যাংলি
language	ল্যাংগোয়জ
languages	ল্যাংগোয়জজ
lanka	ল্যাংকা
lansing	ল্যানসিং
lantern	ল্যান্টার্ন
lao	লাউ
laos	লোওস
lap	ল্যাপ
laps	ল্যাপস
laptops	ল্যাপ্টপস
lara	লারা
large	লার্জ
largely	লার্জলি
larger	লার্জার
largest	লার্জেস্ট
largo	লোর্গো
larry	লেরি
lars	লার্জ
larsen	লার্সেন
larson	লোর্সন
larvae	লার্ভি
las	লাস
laser	লেজার
lasers	লেজার্জ
lasik	লেসিক
last	ল্যাস্ট
lasted	ল্যাস্টড
lasting	ল্যাস্টিং
lastly	ল্যাস্টলি
lasts	ল্যাস্টস
lat	লাট
latch	ল্যাচ
late	লেট
lately	লেটলি
latency	লেটেনসি
latent	লেটেন্ট
later	লেটার
lateral	ল্যাটারাল
latest	লেটেস্ট
latex	লেটেক্স
latin	ল্যাটিন
latina	লাটিনা
latino	লাটিনো
latitude	ল্যাটিটিউড
latter	ল্যাটার
lattice	ল্যাটিস
latvia	ল্যাটভিয়া
latvian	ল্যাটভিয়ান
lauderdale	লডারডেল
laugh	ল্যাফ
laughed	ল্যাফট
laughing	ল্যাফিং
laughs	ল্যাফস
laughter	ল্যাফটার
launch	লন্চ
launched	লন্চট
launches	লন্চজ
launching	লন্চিং
laundering	লন্ডারিং
laundry	লন্ড্রি
laura	লরা
laurel	লরেল
lauren	লরেন
laurence	লরেনস
laurent	লরেন্ট
laurie	লরি
lava	লাভা
lavender	ল্যাভেন্ডার
lavigne	লাভিনি
law	ল
lawful	লফাল
lawmakers	লমেকার্জ
lawn	লন
lawrence	লরেনস
laws	লজ
lawson	লসন
lawsuit	লসুট
lawsuits	লসুটস
lawyer	লইয়ার
lawyers	লইয়ার্জ
lax	ল্যাক্স
lay	লে
layer	লেআর
layered	লেআর্ড
layers	লেআর্জ
laying	লেইং
layout	লেআউট
layouts	লেআউটস
lays	লেজ
lazy	লেজি
lb	পাউন্ড
lbs	পাউন্ডজ
le	লা
lea	লি
lead	লেড
leader	লিডার
leaders	লিডার্জ
leadership	লিডারশিপ
leading	লিডিং
leads	লিডজ
leaf	লিফ
leaflet	লিফলেট
league	লিগ
leagues	লিগজ
leah	লিয়া
leak	লিক
leakage	লিকাজ
leaks	লিক্স
lean	লিন
leaning	লিনিং
leap	লিপ
learn	লার্ন
learned	লার্ন্ড
learner	লার্নার
learners	লার্নার্জ
learning	লার্নিং
learns	লার্নজ
learnt	লার্ন্ট
lease	লিস
leased	লিস্ট
leases	লিসিজ
leasing	লিসিং
least	লিস্ট
leather	লেদার
leave	লিভ
leaves	লিভজ
leaving	লিভিং
lebanese	লেবানিজ
lebanon	লেবানন
lecture	লেকচার
lecturer	লেকচারার
lectures	লেকচার্জ
led	লেড
ledger	লেজার
lee	লি
leeds	লিডজ
left	লেফট
leg	লেগ
legacy	লেগাসি
legal	লিগাল
legally	লিগালি
legend	লেজন্ড
legendary	লেজন্ডেরি
legends	লেজন্ডজ
legion	লিজন
legislation	লেজিসলেশন
legislative	লেজিসলেটিভ
legislators	লেজিসলেটার্জ
legislature	লেজিসলেচার
legitimacy	লেজিটিমাসি
legitimate	লেজিটিমাট
lego	লেগো
legs	লেগজ
lehigh	লিহাই
lei	লে
leicester	লেস্টার
leigh	লি
leipzig	লাইপসিগ
leisure	লেজার
lemma	লেমা
lemon	লেমন
len	লেন
lena	লিনা
lend	লেন্ড
lender	লেন্ডার
lenders	লেন্ডার্জ
lending	লেন্ডিং
length	লেংকথ
lengths	লেংকথস
lengthy	লেংথি
lennon	লেনন
lenny	লেনি
lenox	লেনক্স
lens	লেনজ
lenses	লেনজজ
lent	লেন্ট
leo	লিও
leon	লিয়ন
leonard	লেনার্ড
leonardo	লিয়ানোর্ডো
leone	লিওন
leopard	লেপার্ড
leroy	লিরয়
les	লেস
lesbian	লেজবিয়ান
lesbians	লেজবিয়ানজ
lesions	লিজনজ
leslie	লেসলি
lesotho	লেসোথো
less	লেস
lesser	লেসার
lesson	লেসন
lessons	লেসনজ
lest	লেস্ট
lester	লেস্টার
let	লেট
lethal	লিথাল
lets	লেটস
lett	লেট
lettering	লেটারিং
letters	লেটার্জ
letting	লেটিং
lettuce	লেটাস
leu	লু
leukemia	লুকিমিয়া
lev	লেভ
level	লেভেল
levels	লেভেলজ
lever	লেভার
leverage	লেভারাজ
leveraging	লেভরিজিং
levi	লিভাই
levin	লেভিন
levine	লেভিন
levy	লেভি
lewis	লুইস
lex	লেক্স
lexicon	লেক্সিকন
lexington	লেক্সিংটন
lexmark	লেক্স্মার্ক
lexus	লেক্সাস
li	লি
liabilities	লাইঅবিলটিজ
liability	লাইঅবিলিটি
liable	লাইঅবল
liaison	লিয়েজোন
liam	লিয়াম
liar	লাইআর
lib	লিব
libby	লিবি
liberal	লিবারাল
liberals	লিবারালজ
liberation	লিবারেশন
liberia	লাইবিরিয়া
libertarian	লিবার্টেরিয়ান
liberties	লিবারটিজ
liberty	লিবারটি
librarian	লাইব্রেরিয়ান
librarians	লাইব্রেরিয়ানজ
libraries	লাইব্রারিজ
library	লাইব্রারি
libya	লিবিয়া
libyan	লিবিয়ান
licence	লাইসেনস
licences	লাইসনসিজ
license	লাইসেনস
licensed	লাইসেনস্ট
licensee	লাইসেনসি
licensees	লাইসেনসিজ
licenses	লাইসনসিজ
licensing	লাইসেনসিং
licensure	লাইসেন্চার
lick	লিক
licking	লিকিং
lid	লিড
lie	লাই
liechtenstein	লিক্টেনস্টাইন
lied	লাইড
lien	লিন
liens	লিনজ
lies	লাইজ
lieu	লু
lieutenant	লুটেনান্ট
life	লাইফ
lifecycle	লাইফসাইকিল
lifelong	লাইফলং
lifestyle	লাইফস্টাইল
lifestyles	লাইফস্টাইলজ
lifetime	লাইফটাইম
lift	লিফট
lifted	লিফটড
lifting	লিফটিং
lifts	লিফটস
ligand	লিগান্ড
lighted	লাইটড
lighter	লাইটার
lighthouse	লাইটহাউস
lighting	লাইটিং
lightly	লাইটলি
lightning	লাইটনিং
lights	লাইটস
lightweight	লাইটোয়েট
like	লাইক
liked	লাইক্ট
likelihood	লাইকলিহুড
likely	লাইকলি
likes	লাইক্স
likewise	লাইকোয়াইজ
liking	লাইকিং
lil	লিল
lilac	লাইল্যাক
lilies	লিলিজ
lillian	লিলিয়ান
lilly	লিলি
lily	লিলি
lim	লিম
lima	লাইমা
limb	লিম
limbs	লিমজ
lime	লাইম
limerick	লিমারিক
limestone	লাইমস্টোন
limit	লিমিট
limitation	লিমিটেশন
limitations	লিমিটেশনজ
limited	লিমটড
limiting	লিমিটিং
limits	লিমিটস
limo	লিমো
limousine	লিমজিন
limousines	লিমজিনজ
limp	লিম্প
lin	লিন
lincoln	লিংকন
lincolnshire	লিংকনশির
linda	লিন্ডা
linden	লিন্ডেন
lindsay	লিন্ডজি
lindsey	লিন্ডজি
line	লাইন
lineage	লিনিয়াজ
linear	লিনিআর
lined	লাইন্ড
linen	লিনেন
linens	লিনেনজ
liner	লাইনার
liners	লাইনার্জ
lines	লাইনজ
lineup	লাইনপ
ling	লিং
lingerie	লোনজারে
linguistic	লিংগুইস্টিক
linguistics	লিংগুইস্টিক্স
lining	লাইনিং
link	লিংক
linkage	লিংকাজ
linkages	লিংকিজিজ
linked	লিংক্ট
linker	লিংকার
linking	লিংকিং
links	লিংক্স
linn	লিন
linus	লাইনাস
linux	লিনাক্স
lion	লাইঅন
lionel	লাইঅনল
lions	লাইঅনজ
lip	লিপ
lipid	লাইপিড
liposuction	লিপোসকশন
lips	লিপস
lipstick	লিপস্টিক
liquid	লিকোয়ড
liquidation	লিকুইডেশন
liquidity	লিকুইডিটি
liquids	লিকোয়ডজ
liquor	লিকার
lira	লিরা
lis	লিস
lisa	লিসা
lisbon	লিজবন
lisp	লিসপ
list	লিস্ট
listed	লিস্টড
listen	লিসেন
listened	লিসেন্ড
listener	লিসেনার
listeners	লিসেনার্জ
listening	লিসেনিং
lister	লিস্টার
listing	লিস্টিং
listings	লিস্টিংজ
lists	লিস্টস
lit	লিট
lite	লাইট
liter	লিটার
literacy	লিটারাসি
literal	লিটারাল
literally	লিটারালি
literary	লিটারেরি
literature	লিটারাচার
lithium	লিথিয়াম
lithuania	লিথওয়েনিয়া
lithuanian	লিথওয়েনিয়ান
litigation	লিটিগেশন
litter	লিটার
little	লিটল
liu	লিউ
live	লাইভ
lived	লিভড
lively	লাইভলি
liver	লিভার
liverpool	লিভারপুল
lives	লিভজ
livestock	লাইভস্টোক
living	লিভিং
livingston	লিভিংস্টন
liz	লিজ
lizard	লিজার্ড
llc	এলেলসি
lloyd	লয়ড
ln	লেন
lo	লো
load	লোড
loaded	লোডিড
loader	লোডার
loading	লোডিং
loads	লোডজ
loan	লোন
loans	লোনজ
lob	লব
lobby	লবি
lobbying	লবিইং
lobster	লবস্টার
local	লোকাল
locale	লোক্যাল
localities	লোক্যালিটিজ
locality	লোক্যালিটি
localization	লোকালিজেশন
localized	লোকালাইজড
locally	লোকালি
locals	লোকালজ
locate	লোকেট
located	লোকেটড
locating	লোকেটিং
location	লোকেশন
locations	লোকেশনজ
locator	লোকেটার
loch	লক
lock	লক
locke	লক
locked	লক্ট
locker	লকার
locking	লকিং
locks	লক্স
locus	লোকাস
lodge	লজ
lodged	লজড
lodges	লোজজ
lodging	লজিং
loft	লফট
log	লগ
logan	লোগান
logged	লগড
logger	লগার
logging	লগিং
logic	লজিক
logical	লজিকাল
login	লগিন
logistics	লজিস্টিক্স
logo	লোগো
logos	লোগোজ
logout	লগাউট
logs	লগজ
lois	লোঅস
lol	লল
lola	লোলা
lolita	লোলিটা
lon	লন
lone	লোন
lonely	লোনলি
long	লং
longer	লংগার
longest	লংগেস্ট
longevity	লন্জেভিটি
longhorn	লংহর্ন
longitude	লন্জিটিউড
longitudinal	লন্জিটিউডিনাল
look	লুক
looked	লুক্ট
looking	লুকিং
lookout	লুকাউট
looks	লুক্স
lookup	লুকাপ
loop	লুপ
loops	লুপস
loose	লুস
loosely	লুসলি
lopez	লোপেজ
lord	লর্ড
lords	লর্ডজ
lore	লর
loren	লরেন
lorenzo	লারেনজো
lori	লরি
lorraine	লারেন
los	লোস
lose	লুজ
loser	লুজার
losers	লুজার্জ
loses	লুজজ
losing	লুজিং
loss	লস
losses	লসজ
lost	লস্ট
lot	লট
lotion	লোশন
lots	লটস
lottery	লটারি
lotto	লটো
lotus	লোটাস
lou	লু
loud	লাউড
louis	লুইস
louise	লুইজ
louisiana	লুইজিঅ্যানা
louisville	লুইভিল
lounge	লাউন্জ
love	লাভ
loved	লাভড
lovely	লাভলি
lover	লাভার
lovers	লাভার্জ
loves	লাভজ
loving	লাভিং
low	লো
lowe	লো
lowell	লোএল
lower	লোআর
lowered	লোআর্ড
lowering	লোআরিং
lowest	লোএস্ট
lows	লোজ
loyal	লয়আল
loyalty	লয়আল্টি
loyola	লয়ওলা
lp	এলপি
ls	এলেস
ltd	লিমিটিড
lu	লু
lubbock	লাবক
lubricants	লুব্রিকান্টস
luc	লুক
lucas	লুকাস
lucent	লুসেন্ট
lucia	লুশা
luck	লাক
luckily	লাকিলি
lucky	লাকি
lucy	লুসি
ludwig	লাডুইগ
lug	লাগ
luggage	লাগাজ
luis	লুইস
luke	লুক
lulu	লুলু
lumber	লামবার
lump	লাম্প
lumpur	লম্পুর
luna	লুনা
lunar	লুনার
lunch	লান্চ
luncheon	লান্চন
lund	লান্ড
lung	লাং
lungs	লাংজ
lure	লুর
lush	লাশ
lust	লাস্ট
luther	লুথার
lutheran	লুথারান
luton	লুটন
lux	লাক্স
luxembourg	লাক্সেমবর্গ
luxurious	লগজারিয়াস
luxury	লাগজারি
ly	লাই
lycos	লাইকোস
lydia	লিডিয়া
lying	লাইইং
lyme	লাইম
lymph	লিমফ
lymphoma	লিমফোমা
lynch	লিন্চ
lynn	লিন
lynne	লিন
lynx	লিংক্স
lyon	লাইঅন
lyons	লাইঅনজ
lyric	লিরিক
lyrics	লিরিক্স
m	এম
mac	ম্যাক
macau	মাকাউ
macdonald	মাকডনাল্ড
macedonia	ম্যাসডোনিয়া
mach	মাক
machine	মাশিন
machinery	মাশিনারি
machines	মাশিনজ
machining	মাশিনিং
macintosh	ম্যাকিন্টশ
mack	ম্যাক
mackay	মাকে
mackenzie	মাকেনজি
macmillan	মাকমিলান
macon	মেকন
macro	ম্যাক্রো
macroeconomic	ম্যাক্রোএকনোমিক
macromedia	ম্যাক্রোমিডিয়া
macs	ম্যাক্স
macworld	ম্যাকোয়ার্ল্ড
macy	মেসি
mad	ম্যাড
madagascar	ম্যাডাগ্যাস্কার
madam	ম্যাডাম
madame	ম্যাডাম
madden	ম্যাডেন
made	মেড
madison	ম্যাডিসন
madness	ম্যাডনেস
madonna	মাডনা
madrid	মাড্রিড
mae	মে
maestro	মাইস্ট্রো
mafia	মাফিয়া
mag	ম্যাগ
magazine	ম্যাগাজিন
magazines	ম্যাগাজিনজ
magellan	মাজেলান
magenta	মাজেন্টা
maggie	ম্যাগি
magic	ম্যাজিক
magical	ম্যাজিকাল
magician	মাজিশন
magistrate	ম্যাজিস্ট্রেট
magna	ম্যাগনা
magnesium	ম্যাগনিজিয়াম
magnet	ম্যাগনেট
magnetic	ম্যাগনেটিক
magnets	ম্যাগনেটস
magnificent	ম্যাগনিফিসেন্ট
magnitude	ম্যাগনিটিউড
magnolia	ম্যাগনোলিয়া
magnum	ম্যাগনাম
mags	ম্যাগজ
mah	মা
maharashtra	মাহারাশট্রা
mahogany	মাহগানি
mai	মাই
maid	মেড
maiden	মেডেন
mail	মেল
mailbox	মেলবক্স
mailed	মেল্ড
mailer	মেলার
mailing	মেলিং
mailman	মেলম্যান
mails	মেলজ
main	মেন
maine	মেন
mainframe	মেনফ্রেম
mainland	মেনল্যান্ড
mainly	মেনলি
mains	মেনজ
mainstream	মেনস্ট্রিম
maintain	মেন্টেন
maintained	মেন্টেন্ড
maintaining	মেন্টেনিং
maintains	মেন্টেনজ
maintenance	মেন্টেনানস
mais	মেস
maize	মেজ
majestic	মাজেস্টিক
majesty	ম্যাজেস্টি
major	মেজার
majordomo	মেজারডোমো
majority	মাজরিটি
majors	মেজার্জ
make	মেক
makeover	ম্যাকোভার
maker	মেকার
makers	মেকার্জ
makes	মেক্স
makeup	মেকপ
making	মেকিং
mal	ম্যাল
malaga	ম্যালাগা
malaria	মলেরিয়া
malawi	মালাউই
malay	মেলে
malaysia	মালেজা
malaysian	মালেজন
malcolm	ম্যালকম
maldives	মল্ডাইভজ
male	মেল
males	মেলজ
mali	মালি
malibu	ম্যালিবু
malicious	মালিশিস
malignant	মালিগনান্ট
mall	মল
malls	মলজ
malone	মালোন
malpractice	ম্যালপ্রাক্টিস
malta	মল্টা
maltese	মাল্টিজ
malware	ম্যালোয়ের
mambo	মোমবো
mammalian	মমেলিয়ান
mammals	ম্যামালজ
mammoth	ম্যামথ
man	ম্যান
mana	মানা
manage	ম্যানাজ
managed	ম্যানাজড
management	ম্যানজমন্ট
manager	ম্যানাজার
managerial	ম্যানিজিরিয়াল
managers	ম্যানাজার্জ
manages	ম্যানিজিজ
managing	ম্যানাজিং
manchester	ম্যান্চেস্টার
mandarin	ম্যান্ডারিন
mandate	ম্যান্ডেট
mandated	ম্যান্ডেটিড
mandates	ম্যান্ডেটস
mandatory	ম্যান্ডাটরি
mandrake	ম্যান্ড্রেক
mandy	ম্যান্ডি
manga	ম্যাংগা
mango	ম্যাংগো
manhattan	ম্যানহ্যাটান
mania	মেনিয়া
manifest	ম্যানিফেস্ট
manifesto	ম্যানিফেস্টো
manifold	ম্যানিফোল্ড
manila	মানিলা
manipulate	মানিপিয়লেট
manipulated	মনিপিয়লেটিড
manipulation	মানিপিয়লেশন
manitoba	ম্যানিটোবা
mankind	ম্যানকাইন্ড
mann	ম্যান
manner	ম্যানার
manners	ম্যানার্জ
manning	ম্যানিং
manor	ম্যানার
manpower	ম্যানপাউআর
mans	ম্যানজ
mansfield	ম্যানজফিল্ড
mansion	ম্যানশন
manson	ম্যানসন
mantle	ম্যান্টল
manual	ম্যানিউঅল
manually	ম্যানিউঅলি
manuals	ম্যানিউঅলজ
manuel	মানোয়েল
manufacture	ম্যানিয়ফ্যাকচার
manufactured	ম্যানিয়ফ্যাকচার্ড
manufacturer	ম্যানিয়ফ্যাকচারার
manufacturers	ম্যানিয়ফ্যাকচারার্জ
manufactures	ম্যানিয়ফ্যাকচার্জ
manufacturing	ম্যানিয়ফ্যাকচারিং
manure	মানুর
manuscript	ম্যানিয়সক্রিপ্ট
manuscripts	ম্যানিয়সক্রিপ্টস
many	মেনি
mao	মাউ
maori	মাউরি
map	ম্যাপ
maple	মেপল
mapped	ম্যাপ্ট
mapping	ম্যাপিং
maps	ম্যাপস
mar	মার
mara	মারা
marathon	মেরাথন
marble	মার্বল
marc	মার্ক
marcel	মার্সেল
marching	মার্চিং
marcia	মার্শা
marco	মোর্কো
marcos	মোর্কোস
marcus	মার্কাস
mardi	মার্ডি
mare	মেয়ার
margaret	মার্গারেট
margin	মার্জন
marginal	মার্জনাল
margins	মার্জনজ
maria	মারিয়া
mariah	মারাইআ
marian	মেরিয়ান
mariana	মেরিঅ্যানা
marianne	মেরিঅ্যান
marie	মারি
marietta	মেরিয়েটা
marijuana	মেরিওয়ানা
marilyn	মেরিলিন
marin	মেরিন
marina	মারিনা
marine	মারিন
mariner	মেরিনার
mariners	মেরিনার্জ
marines	মারিনজ
marino	মারিনো
mario	মোরিও
marion	মেরিয়ান
marital	মেরিটাল
maritime	মেরিটাইম
mark	মার্ক
marked	মার্ক্ট
marker	মার্কার
markers	মার্কার্জ
market	মার্কেট
marketed	মার্কটড
marketers	মার্কেটার্জ
marketing	মার্কেটিং
marketplace	মার্কেটপ্লেস
markets	মার্কেটস
marking	মার্কিং
markings	মার্কিংজ
marks	মার্ক্স
markup	মার্কপ
markus	মার্কাস
marlboro	মোর্লবারো
marlborough	মোর্লবারো
marley	মার্লি
marlin	মার্লিন
maroon	মারুন
marquette	মার্কেট
marquis	মার্কি
marriage	মেরিজ
marriages	মেরিজিজ
married	মেরিড
marriott	মেরিয়াট
marrow	মেরো
marry	মেরি
mars	মার্জ
marsh	মার্শ
marshal	মার্শাল
marshall	মার্শাল
mart	মার্ট
martha	মার্থা
martial	মার্শিল
martin	মার্টিন
martinez	মার্টিনেজ
martini	মার্টিনি
martinique	মার্টিনিক
marty	মার্টি
marvel	মার্ভেল
marvelous	মোর্ভেলস
marvin	মার্ভিন
marx	মার্ক্স
mary	মেরি
maryland	মেরিলান্ড
mas	মাজ
maserati	ম্যাসেরাটি
mask	ম্যাসক
masks	ম্যাসক্স
mason	মেসন
masonry	মেসনরি
mass	ম্যাস
massachusetts	ম্যাসাচুসেটস
massacre	ম্যাসকার
massage	মাসাজ
masses	ম্যাসজ
massey	ম্যাসি
massive	ম্যাসিভ
mast	ম্যাস্ট
master	ম্যাস্টার
masterbating	ম্যাস্টারবেটিং
masterbation	ম্যাস্টারবেশন
mastercard	ম্যাস্টারকার্ড
mastering	ম্যাস্টারিং
masterpiece	ম্যাস্টারপিস
masters	ম্যাস্টার্জ
mastery	ম্যাস্টারি
masturbating	ম্যাস্টারবেটিং
masturbation	ম্যাস্টারবেশন
mat	ম্যাট
match	ম্যাচ
matched	ম্যাচট
matches	ম্যাচজ
matching	ম্যাচিং
mate	মেট
mateo	মোটেও
material	মটিরিয়াল
materially	মটিরিয়ালি
materials	মটিরিয়ালজ
maternal	মাটার্নাল
maternity	মাটার্নিটি
mates	মেটস
math	ম্যাথ
mathematical	ম্যাথেম্যাটিকাল
mathematics	ম্যাথেম্যাটিক্স
mating	মেটিং
matrices	মেট্রিসিজ
matrix	মেট্রিক্স
mats	ম্যাটস
matt	ম্যাট
matte	ম্যাট
matter	ম্যাটার
matters	ম্যাটার্জ
matthew	ম্যাথিউ
matthews	ম্যাথিউজ
matthias	মথাইঅস
mattress	ম্যাট্রেস
mattresses	ম্যাট্রসজ
mature	মাচুর
maturity	মাচুরিটি
maui	মাউই
maureen	মারিন
maurice	মারিস
mauritania	মরিটেনিয়া
mauritius	মরিটিয়াস
maven	মেভেন
maverick	ম্যাভারিক
max	ম্যাক্স
maxi	ম্যাক্সি
maxim	ম্যাক্সিম
maximal	ম্যাক্সিমাল
maximize	ম্যাক্সিমাইজ
maximizing	ম্যাক্সিমাইজিং
maximum	ম্যাক্সিমাম
maxtor	ম্যাক্স্টার
maxwell	ম্যাক্সোয়েল
maya	মাইআ
maybe	মেবি
mayer	মেআর
mayhem	মেহেম
mayo	মেও
mayor	মেআর
mayotte	মেঅট
mazda	মাজডা
maze	মেজ
mba	এমবিএ
mc	মিক
mcafee	ম্যাকফি
mcbride	মকব্রাইড
mccain	মকেন
mccarthy	মকার্থি
mccartney	মকার্টনি
mccormick	মকর্মিক
mccoy	মকয়
mcdonald	মকডোনল্ড
mcdowell	মকডাউঅল
mcgee	মগি
mcgill	মগিল
mcgraw	মগ্র
mcgregor	মগ্রেগার
mcguire	মগোয়াইর
mckenzie	মকেনজি
mckinney	মকিনি
mclaren	মকলেরন
mclean	মকলিন
mcmahon	মকমেঅন
md	এমডি
me	মি
mead	মিড
meade	মিড
meadow	মেডো
meadows	মেডোজ
meal	মিল
meals	মিলজ
mean	মিন
meaning	মিনিং
meaningful	মিনিংফাল
meaningless	মিনিংলেস
meanings	মিনিংজ
means	মিনজ
meant	মেন্ট
meantime	মিন্টাইম
meanwhile	মিনোয়াইল
measurable	মেজারবল
measure	মেজার
measured	মেজার্ড
measurement	মেজারমন্ট
measurements	মেজারমন্টস
measures	মেজার্জ
measuring	মেজারিং
meat	মিট
meats	মিটস
mechanic	মেক্যানিক
mechanical	মেক্যানিকাল
mechanics	মেক্যানিক্স
mechanism	মেকনিজম
mechanisms	মেকনিজমজ
med	মেড
medal	মেডাল
medals	মেডালজ
medford	মেডফার্ড
media	মিডিয়া
median	মিডিয়ান
mediated	মিডিয়েটিড
mediation	মিডিয়েশন
mediator	মিডিয়েটার
medicaid	মেডিকেড
medical	মেডিকাল
medically	মেডকলি
medicare	মেডিকেয়ার
medication	মেডিকেশন
medications	মেডিকেশনজ
medicinal	মেডিসিনাল
medicine	মেডিসিন
medicines	মেডিসিনজ
medieval	মেডিভাল
medina	মেডাইনা
meditation	মেডিটেশন
mediterranean	মেডটারেনিয়ান
medium	মিডিয়াম
medley	মেডলি
meet	মিট
meetings	মিটিংজ
meets	মিটস
meetup	মিটপ
meg	মেগ
mega	মেগা
megan	মেগান
mehr	মেয়ার
mel	মেল
melanie	মেলানি
melanoma	মেলানোমা
melinda	মেলিন্ডা
melissa	মেলিসা
mellon	মেলন
melodies	মেলডিজ
melody	মেলডি
melt	মেল্ট
melted	মেল্টড
melting	মেল্টিং
melvin	মেলভিন
member	মেমবার
members	মেমবার্জ
membership	মেমবারশিপ
memberships	মেমবারশিপস
membrane	মেমব্রেন
membranes	মেমব্রেনজ
memo	মেমো
memoir	মেমোয়োর
memoirs	মেমোয়োর্জ
memorabilia	মেমারাবিলিয়া
memorable	মেমারবল
memorandum	মেমারান্ডাম
memorial	মমরিয়াল
memorials	মমরিয়ালজ
memories	মেমারিজ
memory	মেমারি
memphis	মেমফিস
men	মেন
menace	মেনাস
menopause	মেনপাউজ
mens	মেনজ
mental	মেন্টাল
mentally	মেন্টালি
mention	মেনশন
mentioned	মেনশন্ড
mentioning	মেনশনিং
mentions	মেনশনজ
mentor	মেন্টর
mentoring	মেন্টারিং
mentors	মেন্টার্জ
menu	মেনিউ
menus	মেনিউজ
mer	মেয়ার
mercedes	মারসেডিজ
mercer	মার্সার
merchandise	মার্চন্ডাইজ
merchandising	মার্চন্ডাইজিং
merchant	মার্চন্ট
merchants	মার্চন্টস
merck	মার্ক
mercury	মার্কিয়ারি
mercy	মার্সি
mere	মির
meredith	মেরেডিথ
merely	মির্লি
merge	মার্জ
merged	মার্জড
merger	মার্জার
mergers	মার্জার্জ
merging	মার্জিং
meridian	মারিডিয়ান
merit	মেরিট
merits	মেরিটস
merlin	মার্লিন
mermaid	মার্মেড
merriam	মেরিয়াম
merrill	মেরিল
merry	মেরি
mesa	মেসা
mesh	মেশ
mesothelioma	মেসথিলিওমা
mess	মেস
messages	মেসজজ
messaging	মেসাজিং
messenger	মেসেন্জার
messiah	মসাইআ
messy	মেসি
met	মেট
meta	মিটা
metabolic	মেটাবলিক
metabolism	মট্যাবলিজম
metal	মেটাল
metallic	মেট্যালিক
metallica	মেট্যালিকা
metals	মেটালজ
metaphor	মেটাফর
meteorological	মিটিয়রলোজিকল
meteorology	মিটিআরোলজি
meter	মিটার
metering	মিটারিং
meters	মিটার্জ
meth	মেথ
methane	মেথেন
method	মেথড
methodist	মেথডিস্ট
methodologies	মেথোডলজিজ
methodology	মেথডলজি
methods	মেথডজ
methyl	মেথিল
metre	মিটার
metres	মিটার্জ
metric	মেট্রিক
metrics	মেট্রিক্স
metro	মেট্রো
metropolis	মেট্রপলিস
metropolitan	মেট্রপলিটান
mets	মেটস
mexican	মেক্সিকান
mexico	মেক্সিকো
meyer	মাইআর
mg	এমগি
mgm	এমগিএম
mh	এমেচ
mi	মি
mia	মিয়া
miami	মাইঅ্যামি
mib	মিব
mic	মিক
micah	মাইকা
mice	মাইস
michael	মাইকাল
michaels	মাইকালজ
michel	মিশেল
michele	মিশেল
michelle	মিশেল
michigan	মিশিগান
mick	মিক
mickey	মিকি
micro	মাইক্রো
microbial	মাইক্রোবিয়াল
microbiology	মাইক্রোবাইঅলজি
micron	মাইক্রন
micronesia	মাইক্রোনিজা
microphone	মাইক্রফোন
microphones	মাইক্রোফোনজ
microscope	মাইক্রস্কোপ
microscopic	মাইক্রস্কপিক
microscopy	মাইক্রাস্কপি
microsoft	মাইক্রোসফট
microsystems	মাইক্রোসিস্টেমজ
microwave	মাইক্রওয়েভ
mid	মিড
middle	মিডল
middlesex	মিডেলসেক্স
middleton	মিডেল্টন
middletown	মিডেল্টাউন
midget	মিজেট
midi	মিডি
midland	মিডল্যান্ড
midlands	মিডল্যান্ডজ
midnight	মিডনাইট
midst	মিডস্ট
midtown	মিডটাউন
midway	মিডোয়ে
midwest	মিডোয়েস্ট
mifflin	মিফলিন
might	মাইট
mighty	মাইটি
migraine	মাইগ্রেন
migrant	মাইগ্রান্ট
migrants	মাইগ্রান্টস
migrate	মাইগ্রেট
migrating	মাইগ্রেটিং
migration	মাইগ্রেশন
miguel	মিগেল
mike	মাইক
mikes	মাইক্স
mil	মিল
milan	মিলান
milano	মিলোনো
mild	মাইল্ড
mileage	মাইলেজ
miles	মাইলজ
milestone	মাইলস্টোন
milestones	মাইলস্টোনজ
milford	মিলফার্ড
military	মিলিটেরি
militia	মিলিশা
milk	মিলক
mill	মিল
millennium	মলেনিয়াম
miller	মিলার
milling	মিলিং
million	মিলিয়ন
millionaire	মিলিয়নেয়ার
millions	মিলিয়নজ
mills	মিলজ
milton	মিল্টন
milwaukee	মিলোয়াকি
mime	মাইম
mimi	মিমি
min	মিন
mind	মাইন্ড
minded	মাইন্ডড
mindless	মাইন্ডলেস
minds	মাইন্ডজ
mine	মাইন
miner	মাইনার
mineral	মিনারাল
minerals	মিনারালজ
miners	মাইনার্জ
mines	মাইনজ
ming	মিং
minh	মিন
mini	মিনি
miniature	মিনিয়াচুর
miniatures	মিনিয়াচার্জ
minimal	মিনিমাল
minimize	মিনিমাইজ
minimizing	মিনিমাইজিং
minimum	মিনিমাম
mining	মাইনিং
minister	মিনিস্টার
ministerial	মিনিস্টিরিয়াল
ministers	মিনিস্টার্জ
ministries	মিনিস্ট্রিজ
ministry	মিনিস্ট্রি
minneapolis	মিনিঅ্যাপলিস
minnesota	মিনেসোটা
minnie	মিনি
minolta	মিনল্টা
minor	মাইনার
minorities	মাইনরিটিজ
minority	মাইনরিটি
minors	মাইনার্জ
mint	মিন্ট
minus	মাইনাস
mips	মিপস
mir	মির
mira	মিরা
miracle	মিরকল
miracles	মিরকলজ
mirage	মারাজ
miranda	মারান্ডা
miriam	মিরিয়াম
mirror	মিরার
mirrors	মিরার্জ
mis	মিস
miscellaneous	মিসলেনিয়াস
misconduct	মিস্কন্ডাক্ট
miserable	মিজারবল
misery	মিজারি
misleading	মিসলিডিং
misplace	মিসপ্লেস
miss	মিস
missed	মিস্ট
misses	মিসজ
missile	মিসিল
missiles	মিসিলজ
missing	মিসিং
mission	মিশন
missionaries	মিশনেরিজ
missionary	মিশনেরি
missions	মিশনজ
mississauga	মিসিসগা
mississippi	মিসিসিপি
missouri	মিজুরি
missy	মিসি
mist	মিস্ট
mistake	মিস্টেক
mistaken	মিস্টেকেন
mistakes	মিস্টেক্স
mister	মিস্টার
mistress	মিস্ট্রেস
misty	মিস্টি
misuse	মিসিউজ
mit	এমাইটি
mitch	মিচ
mitchell	মিচেল
mitigate	মিটিগেট
mitigation	মিটিগেশন
mitochondrial	মাইটকোন্ড্রিয়াল
mitsubishi	মিটসুবিশি
mix	মিক্স
mixed	মিক্স্ট
mixer	মিক্সার
mixers	মিক্সার্জ
mixes	মিক্সজ
mixing	মিক্সিং
mixture	মিক্স্চার
mixtures	মিক্স্চার্জ
mm	ম
mo	মো
mob	মব
mobil	মোবিল
mobile	মোবিল
mobiles	মোবিলজ
mobility	মোবিলিটি
mobilization	মোবিলিজেশন
moby	মোবি
mock	মক
mod	মড
modal	মোডাল
mode	মোড
model	মডেল
modeled	মডেল্ড
modeling	মডেলিং
modelling	মডেলিং
models	মডেলজ
modem	মোডেম
modems	মোডেমজ
moderate	মডারাট
moderated	মোডারেটিড
moderately	মোডারটলি
moderation	মডারেশন
moderator	মডারেটার
moderators	মডারেটার্জ
modern	মডার্ন
modernization	মডারনিজেশন
modes	মোডজ
modest	মডেস্ট
modification	মডিফিকেশন
modifications	মডিফিকেশনজ
modified	মডিফাইড
modify	মডিফাই
modifying	মডিফাইইং
modular	মজালার
modulation	মজালেশন
module	মজুল
modules	মজুলজ
moe	মো
mohammed	মোহ্যামিড
moi	মোয়ো
moines	ময়নজ
moist	ময়স্ট
moisture	ময়স্চার
mojo	মোজো
mol	মল
mold	মোল্ড
molded	মোল্ডড
molding	মোল্ডিং
moldova	মোল্ডোভা
mole	মোল
molecular	মলেকিয়লার
molecule	মলেকিউল
molecules	মলেকিউলজ
molly	মলি
mom	মম
moment	মোমেন্ট
moments	মোমেন্টস
momentum	মোমেন্টাম
momma	মমা
mommy	মমি
moms	মমজ
mona	মোনা
monaco	মনাকো
monastery	মনাস্টেরি
mondays	মান্ডিজ
monde	মন্ড
mondo	মন্ডো
monetary	মনেটেরি
money	মানি
mongolia	মোংগোলিয়া
monica	মনিকা
monies	মানিজ
monitor	মনিটার
monitored	মনিটার্ড
monitoring	মনিটারিং
monitors	মনিটার্জ
monk	মাংক
monkey	মাংকি
monkeys	মাংকিজ
monks	মাংক্স
monmouth	মনমথ
mono	মোনো
monoclonal	মনকলোনাল
monogram	মনগ্রাম
monophonic	মনফনিক
monopoly	মনপলি
monroe	মনরো
monster	মনস্টার
monsters	মনস্টার্জ
mont	মন্ট
montana	মন্ট্যানা
monte	মোন্টি
montenegro	মন্টেনেগ্রো
monterey	মন্টারে
montgomery	মোন্টগামরি
monthly	মানথলি
months	মানথস
montreal	মন্ট্রিয়ল
montserrat	মনসারোট
monty	মন্টি
monument	মনিউমেন্ট
monuments	মনিয়মেন্টস
moo	মু
mood	মুড
moody	মুডি
moon	মুন
moonlight	মুনলাইট
moore	মুর
moose	মুস
mop	মপ
moral	মরাল
morale	মারাল
morales	মারালজ
morality	মারালিটি
moran	মারান
more	মর
moreover	মরোভার
morgan	মর্গান
mormon	মর্মন
morning	মর্নিং
mornings	মর্নিংজ
moroccan	মারকান
morocco	মারকো
morphology	মর্ফলজি
morris	মরিস
morrison	মরিসন
morrow	মরো
morse	মর্স
mortal	মর্টাল
mortality	মর্ট্যালিটি
mortar	মর্টার
mortgage	মর্গাজ
mortgages	মর্গজজ
morton	মর্টন
mos	মস
mosaic	মোজেইক
moscow	মস্কো
moses	মোজস
mosque	মোসক
mosquito	মস্কিটো
moss	মস
most	মোস্ট
mostly	মোস্টলি
motel	মোটেল
motels	মোটেলজ
mother	মাদার
motherboard	মাদারবর্ড
mothers	মাদার্জ
motif	মোটিফ
motion	মোশন
motions	মোশনজ
motivate	মোটিভেট
motivated	মোটভেটড
motivation	মোটিভেশন
motivational	মোটিভেশনাল
motive	মোটিভ
motives	মোটিভজ
motley	মটলি
moto	মোটো
motor	মোটার
motorcycle	মোটারসাইকল
motorcycles	মোটারসাইকলজ
motoring	মোটারিং
motorized	মোটারাইজড
motorola	মোটারোলা
motors	মোটার্জ
motto	মটো
mound	মাউন্ড
mount	মাউন্ট
mountain	মাউন্টান
mountains	মাউন্টানজ
mounted	মাউন্টড
mounting	মাউন্টিং
mounts	মাউন্টস
mourning	মর্নিং
mouse	মাউস
mouth	মাউথ
movable	মুভবল
move	মুভ
moved	মুভড
movement	মুভমন্ট
movements	মুভমন্টস
mover	মুভার
movers	মুভার্জ
moves	মুভজ
movie	মুভি
movies	মুভিজ
moving	মুভিং
mozambique	মোজ্যামবিক
mozart	মোজার্ট
mpeg	এম্পেগ
mpg	এম্পিজি
mph	এম্পিএচ
mr	মিস্টার
mri	এমোরাই
mrs	মিসিজ
ms	মিজ
mt	মাউন্ট
mtv	এমটিভি
mu	মু
much	মাচ
mud	মাড
muddy	মাডি
mueller	মিউলার
mug	মাগ
mugs	মাগজ
muhammad	মাহামাড
mule	মিউল
muller	মালার
multi	মাল্টি
multicultural	মল্টিকালচারাল
multilateral	মল্টিল্যাটারাল
multilingual	মল্টিলিংওয়ল
multimedia	মল্টিমিডিয়া
multinational	মল্টাইন্যাশনাল
multiplayer	মাল্টিপলেআর
multiple	মাল্টপল
multiplication	মল্টিপলিকেশন
multiplied	মাল্টিপলাইড
multiply	মাল্টিপলাই
multitude	মাল্টিটিউড
mum	মাম
mumbai	মুমবাই
mummy	মামি
mundo	মান্ডো
munich	মিউনিক
municipal	মিউনিসিপাল
municipalities	মিউনিসিপ্যালিটিজ
municipality	মিউনিসিপ্যালিটি
murakami	মারাকামি
murder	মার্ডার
murdered	মার্ডার্ড
murders	মার্ডার্জ
murphy	মার্ফি
murray	মারি
muscle	মাসল
muscles	মাসলজ
muscular	মাস্কিয়লার
muse	মিউজ
museum	মিউজিয়াম
museums	মিউজিয়ামজ
mushroom	মাশ্রুম
mushrooms	মাশ্রুমজ
music	মিউজিক
musica	মিউজিকা
musical	মিউজিকাল
musicals	মিউজিকালজ
musician	মিউজিশন
musicians	মিউজিশনজ
musings	মিউজিংজ
muslim	মাজলিম
muslims	মাজলিমজ
must	মাস্ট
mustang	মাস্ট্যাং
mustard	মাস্টার্ড
mutant	মিউটান্ট
mutants	মিউটান্টস
mutation	মিউটেশন
mutations	মিউটেশনজ
mute	মিউট
mutual	মিউচুঅল
mutually	মিউচুঅলি
my	মাই
myanmar	মিয়ানমার
myers	মাইআর্জ
myocardial	মাইঅকোর্ডিয়াল
myriad	মিরিয়াড
myrtle	মার্টল
myself	মাইসেলফ
myspace	মাইসপেস
mysteries	মিস্টারিজ
mysterious	মিস্টিরিয়াস
mystery	মিস্টারি
mystic	মিস্টিক
mystical	মিস্টিকাল
myth	মিথ
mythology	মিথলজি
myths	মিথস
n	এন
nacional	নেসিয়ানল
nad	ন্যাড
nail	নেল
nails	নেলজ
nairobi	নাইরোবি
naive	নাইইভ
naked	নেকড
name	নেম
named	নেমড
namely	নেমলি
names	নেমজ
namibia	নমিবিয়া
naming	নেমিং
nan	ন্যান
nancy	ন্যানসি
nanny	ন্যানি
nano	নোনো
nanotechnology	ন্যানোটেকনলজি
naomi	নেওমি
nap	ন্যাপ
napa	ন্যাপা
naples	নেপলজ
napoleon	নপোলিয়ান
napster	ন্যাপস্টার
narnia	নার্নিয়
narrative	ন্যারাটিভ
narrator	নেরেটার
narrow	নেরো
nasa	ন্যাসা
nasal	নেজাল
nascar	ন্যাস্কার
nasdaq	ন্যাজড্যাক
nash	ন্যাশ
nashville	ন্যাশভিল
nassau	ন্যাসা
nasty	ন্যাস্টি
nat	ন্যাট
natal	নেটাল
natalie	ন্যাটালি
natasha	নাটাশা
nate	নেট
nathan	নেথান
nathaniel	নাথ্যানিয়ল
nation	নেশন
national	ন্যাশনাল
nationalism	ন্যাশনলিজম
nationalist	ন্যাশনালিস্ট
nationality	ন্যাশন্যালিটি
nationally	ন্যাশনালি
nationals	ন্যাশনালজ
nations	নেশনজ
nationwide	নেশনোয়াইড
native	নেটিভ
natives	নেটিভজ
nato	নেটো
natural	ন্যাচারাল
naturally	ন্যাচারালি
nature	নেচার
naughty	নটি
nausea	নজিয়া
nautical	নটিকাল
nav	ন্যাভ
navajo	নোভাহো
naval	নেভাল
navigate	ন্যাভিগেট
navigation	ন্যাভিগেশন
navigational	ন্যাভিগেশনাল
navigator	ন্যাভিগেটার
navy	নেভি
nay	নে
nazi	নাটসি
nazis	নাটসিজ
nba	এনবিএ
nbc	এনবিসি
ne	নি
neal	নিল
near	নির
nearby	নির্বাই
nearest	নিরেস্ট
nearly	নির্লি
neat	নিট
nebraska	নেব্রাস্কা
nec	নেক
necessarily	নেসেসেরিলি
necessary	নেসেসেরি
necessity	নেসেসিটি
neck	নেক
necklace	নেকলাস
necklaces	নেকলসিজ
ned	নেড
nederland	নেডারলান্ড
need	নিড
needed	নিডড
needing	নিডিং
needle	নিডল
needles	নিডলজ
needless	নিডলেস
needs	নিডজ
needy	নিডি
negative	নেগাটিভ
negatively	নেগটিভলি
neglect	নেগলেক্ট
neglected	নগলেক্টড
negligence	নেগলিজনস
negligible	নেগলজবল
negotiable	নগোশবল
negotiate	নগোশিয়েট
negotiated	নগোশিয়েটড
negotiating	নিগোশিয়েটিং
negotiation	নিগোশিয়েশন
negotiations	নগোশিয়েশনজ
negro	নিগ্রো
neighbor	নেবার
neighborhood	নেবারহুড
neighborhoods	নেবারহুডজ
neighboring	নেবারিং
neighbors	নেবার্জ
neighbour	নেবার
neighbourhood	নেবারহুড
neighbouring	নেবারিং
neighbours	নেবার্জ
neil	নিল
neither	নিদার
nel	নেল
nelly	নেলি
nelson	নেলসন
nemo	নেমো
neo	নিও
neon	নিয়ন
neonatal	নিওনেটল
nepal	নেপল
nephew	নেফিউ
neptune	নেপ্টিউন
nerd	নার্ড
nero	নিরো
nerve	নার্ভ
nerves	নার্ভজ
nervous	নার্ভস
nes	নেস
ness	নেস
nest	নেস্ট
nested	নেস্টড
nesting	নেস্টিং
net	নেট
netherlands	নেদারলান্ডজ
nets	নেটস
netscape	নেটস্কেপ
netware	নেটোয়ের
network	নেটোয়ার্ক
networked	নেটোয়ার্ক্ট
networking	নেটোয়ার্কিং
networks	নেটোয়ার্ক্স
neu	নয়
neural	নুরাল
neurological	নুরলজিকাল
neurology	নেরলজি
neurons	নুরনজ
neuroscience	নিউরোসাইঅনস
neutral	নিউট্রাল
neutron	নিউট্রন
nevada	নেভাডা
never	নেভার
nevertheless	নেভারদেলেস
neville	নেভিল
nevis	নেভিস
new	নিউ
newark	নিউআর্ক
newbie	নিউবি
newborn	নিউবর্ন
newbury	নিউবেরি
newcastle	নুক্যাসল
newcomers	নিউকমার্জ
newer	নিউআর
newest	নিউএস্ট
newfoundland	নিউফন্ডলান্ড
newly	নিউলি
newman	নিউমান
newport	নিউপর্ট
news	নিউজ
newsgroup	নিউজগ্রুপ
newsgroups	নিউজগ্রুপস
newsletter	নিউজলেটার
newsletters	নিউজলেটার্জ
newspaper	নিউজপেপার
newspapers	নিউজপেপার্জ
newsroom	নিউজরুম
newsweek	নিউজুইক
newswire	নিউজোয়াইর
newton	নিউটন
nextel	নেক্স্টেল
nexus	নেক্সাস
nfl	এনেফেল
ng	এং
ngo	এংগো
ngos	এংগোজ
nguyen	নিউইয়েন
ni	নি
niagara	নাইঅ্যাগ্রা
nib	নিব
nic	নিক
nicaragua	নিকারাগোয়া
nice	নাইস
nicely	নাইসলি
nicholas	নিকলাস
nichols	নিকলজ
nicholson	নিকলসন
nick	নিক
nickel	নিকেল
nickname	নিকনেম
nicolas	নিকলাস
nicole	নিকোল
nicotine	নিকটিন
nie	নি
nielsen	নিলসেন
nifty	নিফটি
nigel	নাইজেল
niger	নাইজার
nigeria	নাইজিরিয়া
nigerian	নাইজিরিয়ান
night	নাইট
nightclub	নাইটক্লব
nightlife	নাইটলাইফ
nightly	নাইটলি
nightmare	নাইটমেয়ার
nights	নাইটস
nike	নাইকি
nikki	নিকি
nikon	নাইকন
nil	নিল
nile	নাইল
nina	নিনা
nine	নাইন
nineteenth	নাইন্টিনথ
ninety	নাইন্টি
ninja	নিন্জা
nintendo	নিন্টেন্ডো
ninth	নাইনথ
nip	নিপ
nipple	নিপল
nipples	নিপলজ
nirvana	নির্ভানা
nissan	নিসান
nist	নিস্ট
nite	নাইট
nitrate	নাইট্রেট
nitro	নিট্রো
nitrogen	নাইট্রজন
nixon	নিক্সন
nmr	এনেমোর
no	নো
noaa	নোআ
noah	নোআ
nobel	নোবেল
noble	নোবল
nobody	নোবডি
nod	নড
nodded	নোডড
node	নোড
nodes	নোডজ
noel	নোএল
noir	নয়র
noise	নয়জ
noisy	নয়জি
nokia	নোকিয়া
nolan	নোলান
nom	নম
nominal	নমিনাল
nominate	নমিনাট
nominated	নোমনেটড
nomination	নমিনেশন
nominations	নমিনেশনজ
nominee	নমিনি
nominees	নমিনিজ
non	নন
noncommercial	ননকমার্শিল
none	নান
nonetheless	ননদলেস
nonfiction	ননফিকশন
nonlinear	নোনলিনিআর
nonprofit	ননপ্রফিট
nonsense	ননসেনস
noodles	নুডলজ
noon	নুন
nope	নোপ
nor	নর
nora	নরা
nord	নর্ড
nordic	নর্ডিক
norfolk	নর্ফক
norm	নর্ম
norma	নর্মা
normal	নর্মাল
normalized	নর্মালাইজড
normally	নর্মালি
norman	নর্মান
norms	নর্মজ
norris	নরিস
nortel	নর্টেল
north	নর্থ
northampton	নর্থ্যাম্প্টন
northeast	নর্থিস্ট
northeastern	নর্থিস্টার্ন
northern	নর্দার্ন
northwest	নর্থোয়েস্ট
northwestern	নর্থোয়েস্টার্ন
norton	নর্টন
norway	নরোয়ে
norwegian	নরুইজন
norwich	নরুইচ
norwood	নরুড
nose	নোজ
nostalgia	নস্ট্যালজা
not	নট
notable	নোটবল
notably	নোটাবলি
notation	নোটেশন
notch	নচ
note	নোট
notebook	নোটবুক
notebooks	নোটবুক্স
noted	নোটড
notes	নোটস
noteworthy	নোটোয়ার্দি
nothing	নাথিং
notice	নোটিস
noticeable	নোটসবল
noticed	নোটিস্ট
notices	নোটসজ
notification	নোটিফিকেশন
notifications	নোটিফিকেশনজ
notified	নোটিফাইড
notify	নোটিফাই
noting	নোটিং
notion	নোশন
notions	নোশনজ
notorious	নোটরিয়াস
notre	নোট্রা
nottingham	নটিংহ্যাম
notwithstanding	নটুইথস্ট্যান্ডিং
noun	নাউন
nous	নুস
nouveau	নুভো
nov	নোভ
nova	নোভা
novel	নভেল
novell	নোভেল
novels	নভেলজ
novelties	নভেল্টিজ
novelty	নভেল্টি
novice	নভিস
novo	নোভো
now	নাউ
nowadays	নাউআডেজ
nowhere	নোওয়ের
nozzle	নোজল
npr	এনপিঅর
nu	নিউ
nuclear	নুকলিআর
nuclei	নুকলিআই
nucleic	নুকলেইক
nucleotide	নুকলিয়াটাইড
nucleus	নুকলিয়াস
nude	নিউড
nudes	নিউডজ
nudist	নিউডিস্ট
nudity	নিউডিটি
nuevo	নোয়েভো
nuggets	নাগেটস
nuisance	নিউসানস
nuke	নিউক
null	নাল
number	নামবার
numbered	নামবার্ড
numbering	নামবারিং
numbers	নামবার্জ
numeric	নিউমেরিক
numerical	নিউমেরিকাল
numerous	নিউমারস
nunavut	নিউনাভাট
nur	নুর
nurse	নার্স
nursery	নার্সারি
nurses	নার্সজ
nursing	নার্সিং
nut	নাট
nutrient	নুট্রিয়ান্ট
nutrients	নুট্রিয়ান্টস
nutrition	নিউট্রিশন
nutritional	নিউট্রিশনাল
nuts	নাটস
nvidia	এনভিডিয়া
nylon	নাইলন
nylons	নাইলনজ
oahu	ওঅহু
oak	ওক
oakland	ওকলান্ড
oakley	ওকলি
oaks	ওক্স
oakwood	ওকুড
oasis	ওএসিস
oath	ওথ
obedience	ওবিডিয়ানস
obese	ওবিস
obesity	ওবিসিটি
obey	ওবে
obituaries	ওবিচুএরিজ
obituary	ওবিচুএরি
object	অবজেক্ট
objection	অবজেকশন
objectionable	অবজেকশনবল
objections	অবজেকশনজ
objective	অবজেক্টিভ
objectives	অবজেক্টিভজ
objects	অবজেক্টস
obligated	অবলগেটিড
obligation	অবলিগেশন
obligations	অবলিগেশনজ
obliged	অবলাইজড
oblique	অবলিক
obscene	অবসিন
obscure	অবস্কিউর
observation	অবজারভেশন
observations	অবজারভেশনজ
observatory	অবজার্ভাটরি
observe	অবজার্ভ
observed	অবজার্ভড
observer	অবজার্ভার
observers	অবজার্ভার্জ
observing	অবজার্ভিং
obsessed	অবসেস্ট
obsession	অবসেশন
obsolete	অবসলিট
obstacle	অবস্টকল
obstacles	অবস্টকলজ
obstetrics	অবস্টেট্রিক্স
obstruction	অবস্ট্রাকশন
obtain	অবটেন
obtained	অবটেন্ড
obtaining	অবটেনিং
obvious	অবভিয়াস
obviously	অবভিয়াসলি
occasion	অকেজন
occasional	অকেজনাল
occasionally	অকেজনালি
occasions	অকেজনজ
occult	অকাল্ট
occupancy	অকিয়পানসি
occupation	অকিয়পেশন
occupational	অকিয়পেশনাল
occupations	অকিয়পেশনজ
occupied	অকিয়পাইড
occupy	অকিয়পাই
occur	অকার
occurred	অকার্ড
occurrence	অকারেনস
occurrences	অকারনসিজ
occurring	অকারিং
occurs	অকার্জ
ocean	ওশন
oceania	ওশিঅ্যানিয়া
oceanic	ওশিঅ্যানিক
oceans	ওশনজ
och	অক
oct	অক্ট
octave	অক্টাভ
octet	অক্টেট
odd	অড
odds	অডজ
ode	ওড
odessa	ওডেসা
odor	ওডার
odyssey	অডিসি
oecd	ওইসিডি
off	অফ
offended	অফেন্ডড
offender	অফেন্ডার
offenders	অফেন্ডার্জ
offense	অফেনস
offenses	অফেনসিজ
offensive	অফেনসিভ
offer	অফার
offered	অফার্ড
offering	অফারিং
offerings	অফারিংজ
offers	অফার্জ
officer	অফিসার
officers	অফিসার্জ
offices	অফসজ
official	অফিশিল
officially	অফিশিলি
officials	অফিশিলজ
offs	অফস
offset	অফসেট
offshore	অফশর
offspring	অফসপ্রিং
often	অফেন
og	অগ
ogden	অগডেন
ogg	অগ
oh	ও
ohio	ওহাইও
ohm	ওম
oil	অয়ল
oils	অয়লজ
oj	ওজে
oki	ওকি
oklahoma	ওকলাহোমা
old	ওল্ড
older	ওল্ডার
oldest	ওল্ডেস্ট
oldham	ওল্ডাম
oldies	ওল্ডিজ
olds	ওল্ডজ
oldsmobile	ওল্ডজমোবিল
ole	ওল
olive	অলিভ
oliver	অলিভার
olivia	ওলিভিয়া
olivier	ওলিভিয়ে
olsen	ওলসেন
olson	ওলসন
olympia	ওলিম্পিয়া
olympic	ওলিম্পিক
olympics	ওলিম্পিক্স
olympus	ওলিম্পাস
om	অম
omaha	ওমাহো
oman	ওমোন
omar	ওমার
ombudsman	অমবাডজমান
omega	ওমেগা
omission	ওমিশন
omissions	ওমিশনজ
omit	ওমিট
omitted	ওমিটড
omni	অমনি
on	অন
onboard	অনবর্ড
once	ওয়ানস
oncology	অংকলজি
one	ওয়ান
ones	ওয়ানজ
oneself	ওয়নসেলফ
ongoing	অনগোইং
onion	আনিয়ন
onions	আনিয়নজ
only	ওনলি
ons	অনজ
onset	অনসেট
onsite	অনসাইট
ontario	অন্টেরিও
onto	অন্টু
ontology	অন্টলজি
onwards	অনোয়ার্ডজ
onyx	অনিক্স
ooh	উ
oops	উপস
op	অপ
opal	ওপাল
opaque	ওপেক
open	ওপেন
opened	ওপেন্ড
opener	ওপেনার
opening	ওপেনিং
openings	ওপেনিংজ
openly	ওপেনলি
openness	ওপেননেস
opens	ওপেনজ
opera	অপ্রা
operate	অপারেট
operated	অপারেটড
operates	অপারেটস
operating	অপারেটিং
operation	অপারেশন
operational	অপারেশনাল
operations	অপারেশনজ
operative	অপারাটিভ
operator	অপারেটার
operators	অপারেটার্জ
ophthalmology	অপথামলজি
opinion	অপিনিয়ন
opinions	অপিনিয়নজ
opp	অপ
opponent	অপোনেন্ট
opponents	অপোনেন্টস
opportunities	অপারটিউনিটিজ
opportunity	অপারটিউনিটি
oppose	অপোজ
opposed	অপোজড
opposing	অপোজিং
opposite	অপজিট
opposition	অপজিশন
oppression	অপ্রেশন
oprah	ওপ্রা
ops	অপস
opt	অপ্ট
opted	অপ্টিড
optic	অপ্টিক
optical	অপ্টিকাল
optics	অপ্টিক্স
optimal	অপ্টিমাল
optimism	অপ্টমিজম
optimistic	অপ্টিমিস্টিক
optimization	অপ্টিমিজেশন
optimize	অপ্টিমাইজ
optimized	অপ্টিমাইজড
optimizing	অপ্টিমাইজিং
optimum	অপ্টিমাম
option	অপশন
optional	অপশনাল
options	অপশনজ
opus	ওপাস
oracle	অরকল
oral	অরাল
orange	অরান্জ
orb	অর্ব
orbit	অর্বিট
orbital	অর্বিটাল
orchard	অর্চার্ড
orchestra	অর্কেস্ট্রা
orchid	অর্কিড
ord	অর্ড
order	অর্ডার
ordered	অর্ডার্ড
ordering	অর্ডারিং
orders	অর্ডার্জ
ordinance	অর্ডিনানস
ordinances	অর্ডননসিজ
ordinary	অর্ডিনেরি
ordination	অর্ডিনেশন
ore	অর
oregon	অরেগন
orf	অর্ফ
org	অর্গ
organ	অর্গান
organic	অর্গ্যানিক
organisation	অর্গানিজেশন
organisations	অর্গানিজেশনজ
organism	অর্গনিজম
organisms	অর্গনিজমজ
organization	অর্গানিজেশন
organizational	অর্গানিজেশনাল
organizations	অর্গানিজেশনজ
organize	অর্গানাইজ
organized	অর্গানাইজড
organizer	অর্গানাইজার
organizers	অর্গানাইজার্জ
organizing	অর্গানাইজিং
organs	অর্গানজ
orgasm	অর্গ্যাজম
orgasms	অর্গ্যাজমজ
orgies	অর্জিজ
orgy	অর্জি
orient	অরিয়েন্ট
oriental	অরিয়েন্টল
orientation	অরিয়েন্টেশন
oriented	অরিয়েন্টড
origin	অরিজন
original	আরিজনাল
originally	আরিজনালি
originals	আরিজনালজ
originated	আরিজনেটড
originating	আরিজনেটিং
originator	আরিজনেটার
origins	অরিজিনজ
orioles	অরিওলজ
orion	ওরাইঅন
orlando	অর্ল্যান্ডো
orleans	অর্লিয়ানজ
ornament	অর্নামেন্ট
ornamental	অর্নামেন্টাল
ornaments	অর্নামেন্টস
oro	অরো
orphan	অর্ফান
ortho	অর্থো
orthodox	অর্থডক্স
orthopedic	অর্থপিডিক
os	অস
osaka	ওসোকা
osama	ওসোমা
osborne	অজবর্ন
oscar	অস্কার
osha	ওশা
oslo	অজলো
oss	অস
osteoporosis	অস্টিয়পারোসিস
ot	অট
other	আদার
others	আদার্জ
otherwise	আদারোয়াইজ
otis	ওটিস
ottawa	অটাওয়া
otter	অটার
otto	অটো
ottoman	অটমান
ou	উ
ought	অট
ounce	আউনস
ounces	আউনসজ
our	আউআর
ours	আউআর্জ
ourselves	আউআরসেলভজ
out	আউট
outback	আউটব্যাক
outbound	আউটবাউন্ড
outbreak	আউটব্রেক
outcome	আউটকম
outcomes	আউটকমজ
outdated	আউটডেটিড
outdoor	আউটডর
outdoors	আউটডর্জ
outer	আউটার
outerwear	আউটারোয়ের
outfit	আউটফিট
outfits	আউটফিটস
outfitters	আউটফিটার্জ
outgoing	আউটগোইং
outing	আউটিং
outlaw	আউটল
outlet	আউটলেট
outlets	আউটলেটস
outline	আউটলাইন
outlined	আউটলাইন্ড
outlines	আউটলাইনজ
outlook	আউটলুক
outlying	আউটলাইইং
outpatient	আউটপেশন্ট
outpost	আউটপোস্ট
output	আউটপুট
outputs	আউটপুটস
outrageous	আউট্রেজেস
outreach	আউট্রিচ
outright	আউট্রাইট
outs	আউটস
outside	আউটসাইড
outsourcing	আউটসর্সিং
outstanding	আউটস্ট্যান্ডিং
outward	আউটোয়ার্ড
oval	ওভাল
ovarian	ওভেরিয়ান
oven	আভেন
ovens	আভেনজ
over	ওভার
overall	ওভারল
overcast	ওভারক্যাস্ট
overcome	ওভারকম
overcoming	ওভারকমিং
overdose	ওভারডোস
overdrive	ওভারড্রাইভ
overflow	ওভারফলো
overhaul	ওভারহল
overhead	ওভারহেড
overland	ওভারল্যান্ড
overlap	ওভারল্যাপ
overlapping	ওভারল্যাপিং
overlay	ওভারলে
overload	ওভারলোড
overlooked	ওভারলুক্ট
overlooking	ওভারলুকিং
overly	ওভারলি
overnight	ওভারনাইট
override	ওভাররাইড
overseas	ওভারসিজ
oversee	ওভারসি
oversight	ওভারসাইট
oversized	ওভারসাইজড
overstock	ওভারস্টক
overtime	ওভারটাইম
overture	ওভারচার
overview	ওভারভিউ
overweight	ওভারোয়েট
overwhelmed	ওভারোয়েলমড
overwhelming	ওভারোয়েলমিং
ow	ও
owe	ও
owed	ওড
owen	ওএন
owens	ওএনজ
owing	ওইং
owl	আউল
owls	আউলজ
own	ওন
owned	ওন্ড
owner	ওনার
owners	ওনার্জ
ownership	ওনারশিপ
owning	ওনিং
owns	ওনজ
ox	অক্স
oxford	অক্সফার্ড
oxidation	অক্সিডেশন
oxide	অক্সাইড
oxley	অক্স্লি
oxygen	অক্সিজন
oyster	অয়স্টার
oz	অজ
ozone	ওজোন
p	পি
pablo	পোবলো
pac	প্যাক
pace	পেস
paced	পেস্ট
pacific	পাসিফিক
pack	প্যাক
package	প্যাকাজ
packaged	প্যাকাজড
packages	প্যাকজজ
packaging	প্যাকাজিং
packard	প্যাকার্ড
packed	প্যাক্ট
packers	প্যাকার্জ
packet	প্যাকেট
packets	প্যাকেটস
packs	প্যাক্স
pact	প্যাক্ট
pad	প্যাড
padded	প্যাডিড
padding	প্যাডিং
paddle	প্যাডল
paddy	প্যাডি
padres	প্যাড্রেজ
pads	প্যাডজ
pagan	পেগান
page	পেজ
pager	পেজার
pages	পেজজ
paging	পেজিং
paid	পেড
paige	পেজ
pain	পেন
painful	পেনফাল
pains	পেনজ
paint	পেন্ট
paintball	পেন্টবাল
painted	পেন্টিড
painter	পেন্টার
painters	পেন্টার্জ
painting	পেন্টিং
paintings	পেন্টিংজ
paints	পেন্টস
pair	পেয়ার
paired	পের্ড
pairs	পের্জ
pak	প্যাক
pakistan	প্যাকিস্ট্যান
pakistani	প্যাকিস্ট্যানি
pal	প্যাল
palace	প্যালাস
palau	প্যালাউ
pale	পেল
palestine	প্যালেস্টাইন
palestinian	প্যালিস্টিনিয়ান
palestinians	প্যালিস্টিনিয়ানজ
palette	প্যালেট
pallet	প্যালেট
palm	পাম
palma	পালমা
palmer	পামার
palms	পামজ
palo	প্যালো
pals	প্যালজ
pam	প্যাম
pamela	প্যামেলা
pan	প্যান
panama	প্যানামা
panasonic	প্যানাসনিক
pancreatic	প্যানক্রিঅ্যাটিক
panda	প্যান্ডা
pandemic	প্যান্ডেমিক
pane	পেন
panel	প্যানেল
panels	প্যানেলজ
panic	প্যানিক
panorama	প্যানারামা
panoramic	প্যানারামিক
pans	প্যানজ
pant	প্যান্ট
pantera	প্যান্টেরা
panther	প্যানথার
panthers	প্যানথার্জ
panties	প্যান্টিজ
pants	প্যান্টস
panty	প্যান্টি
pantyhose	প্যান্টিহোজ
paolo	পাউলো
pap	প্যাপ
papa	পাপা
paper	পেপার
paperback	পেপারব্যাক
paperbacks	পেপারব্যাক্স
papers	পেপার্জ
paperwork	পেপারোয়ার্ক
papua	প্যাপিউআ
par	পার
para	পেরা
parade	পারেড
paradigm	পেরাডাইম
paradise	পেরাডাইস
paradox	পেরাডক্স
paragon	পেরাগন
paragraph	প্যারাগ্রাফ
paragraphs	প্যারাগ্রাফস
paraguay	পেরাগোয়ে
paralegal	পেরালিগাল
parallel	পেরালেল
parameter	পারামেটার
parameters	পারামেটার্জ
paramount	পেরামাউন্ট
paranoid	পেরানয়ড
paranormal	পারানর্মাল
parcel	পার্সেল
parcels	পার্সেলজ
pardon	পোর্ডন
parent	পেরেন্ট
parental	পারেন্টাল
parentheses	পারেনথসিজ
parenting	পেরেন্টিং
parents	পেরেন্টস
parish	প্যারিশ
parity	পেরিটি
park	পার্ক
parked	পার্ক্ট
parker	পার্কার
parking	পার্কিং
parkinson	পোর্কিনসন
parks	পার্ক্স
parkway	পার্কোয়ে
parliament	পার্লিমেন্ট
parliamentary	পার্লিমেন্টারি
parody	পেরডি
parole	পারোল
parrot	পেরট
parse	পার্স
parser	পার্সার
parsing	পার্সিং
parsons	পোর্সনজ
part	পার্ট
partial	পার্শিল
partially	পার্শিলি
participant	পার্টিসিপান্ট
participants	পার্টিসিপান্টস
participate	পার্টিসিপেট
participated	পার্টিসপেটিড
participates	পার্টিসিপেটস
participating	পার্টিসিপেটিং
participation	পার্টিসিপেশন
participatory	পোর্টিসিপাটরি
particle	পার্টকল
particles	পার্টকলজ
particular	পারটিকিয়লার
particularly	পার্টিকিয়লারলি
particulars	পারটিকিয়লার্জ
particulate	পারটিকিয়লাট
parties	পার্টিজ
partisan	পার্টিজান
partition	পার্টিশন
partitioning	পার্টিশনিং
partitions	পার্টিশনজ
partly	পার্টলি
partner	পার্টনার
partnering	পার্টনারিং
partners	পার্টনার্জ
partnership	পার্টনারশিপ
partnerships	পার্টনারশিপস
parts	পার্টস
party	পার্টি
pas	পাজ
pasadena	প্যাসাডিনার
pascal	প্যাস্ক্যাল
paso	প্যাসো
pass	প্যাস
passage	প্যাসাজ
passages	প্যাসজজ
passed	প্যাস্ট
passenger	প্যাসেন্জার
passengers	প্যাসেন্জার্জ
passes	প্যাসজ
passing	প্যাসিং
passion	প্যাশন
passionate	প্যাশনাট
passions	প্যাশনজ
passive	প্যাসিভ
passport	প্যাসপর্ট
passwords	প্যাসোয়ার্ডজ
past	প্যাস্ট
pasta	পাস্টা
paste	পেস্ট
pastel	প্যাস্টেল
pastor	প্যাস্টার
pastoral	প্যাস্টারাল
pastry	পেস্ট্রি
pasture	প্যাস্চার
pat	প্যাট
patagonia	প্যাটগোনিয়া
patch	প্যাচ
patches	প্যাচজ
patent	প্যাটেন্ট
patented	প্যাটন্টিড
patents	প্যাটেন্টস
paterson	প্যাটারসন
path	প্যাথ
pathetic	পাথেটিক
pathfinder	প্যাথফাইন্ডার
pathogens	প্যাথজনজ
pathology	পাথলজি
paths	প্যাদজ
pathway	প্যাথোয়ে
pathways	প্যাথোয়েজ
patience	পেশনস
patient	পেশন্ট
patients	পেশন্টস
patio	প্যাটিও
patricia	পাট্রিশা
patrick	প্যাট্রিক
patriot	পেট্রিয়াট
patriotic	পেট্রিয়টিক
patriots	পেট্রিয়াটস
patrol	পাট্রোল
patron	পেট্রন
patrons	পেট্রনজ
pattern	প্যাটার্ন
patterns	প্যাটার্নজ
patterson	প্যাটারসন
patti	প্যাটি
patton	প্যাটন
patty	প্যাটি
paul	পল
paula	পলা
pauline	পালিন
paulo	পলো
pause	পজ
paved	পেভড
pavement	পেভমন্ট
pavilion	পাভিলিয়ন
paving	পেভিং
paw	প
pax	প্যাক্স
pay	পে
payable	পেঅবল
payday	পেডে
paying	পেইং
payload	পেলোড
payment	পেমেন্ট
payments	পেমেন্টস
payne	পেন
payout	পেআউট
payouts	পেআউটস
paypal	পেপল
payroll	পেরোল
pays	পেজ
paz	পাজ
pc	পিসি
pcs	পিসিজ
pdf	পিডিএফ
pea	পি
peace	পিস
peaceful	পিসফল
peach	পিচ
peacock	পিকক
peak	পিক
peaks	পিক্স
peanut	পিনাট
peanuts	পিনাটস
pear	পেয়ার
pearce	পির্স
pearl	পার্ল
pearls	পার্লজ
pearson	পির্সন
peas	পিজ
peck	পেক
peculiar	পেকিউলিয়ার
pedal	পেডাল
pedals	পেডালজ
pedestal	পেডেস্টাল
pedestrian	পডেস্ট্রিয়ান
pediatric	পিডিঅ্যাট্রিক
pediatrics	পিডিঅ্যাট্রিক্স
pedigree	পেডিগ্রি
pedro	পেড্রো
pee	পি
peeing	পিইং
peek	পিক
peel	পিল
peer	পির
peers	পির্জ
peg	পেগ
pegasus	পেগাসাস
peggy	পেগি
pei	পে
pelican	পেলিকান
pembroke	পেমব্রোক
pen	পেন
penalties	পেনাল্টিজ
penalty	পেনাল্টি
pencil	পেনসিল
pencils	পেনসিলজ
pendant	পেন্ডান্ট
pending	পেন্ডিং
penetration	পেনেট্রেশন
penguin	পেংগোয়ন
penguins	পেংগোয়নজ
peninsula	পেনিনসালা
penis	পিনিস
penn	পেন
pennsylvania	পেনসিলভেনিয়া
penny	পেনি
pens	পেনজ
pensacola	পেনসাকোলা
pension	পেনশন
pensions	পেনশনজ
pentagon	পেন্টাগন
pentax	পেন্ট্যাক্স
penthouse	পেন্টহাউস
pentium	পেন্টিয়াম
people	পিপল
peoples	পিপলজ
peoria	পিয়রিয়া
pep	পেপ
pepper	পেপার
peppers	পেপার্জ
pepsi	পেপসি
peptide	পেপ্টাইড
peptides	পেপ্টাইডজ
per	পার
perceive	পারসিভ
perceived	পারসিভড
percent	পারসেন্ট
percentage	পারসেন্টাজ
percentages	পারসেন্টিজিজ
percentile	পারসেন্টাইল
perception	পারসেপশন
perceptions	পারসেপশনজ
percussion	পারকাশন
percy	পার্সি
perennial	পারেনিয়াল
perez	পেরেজ
perfect	পারফেক্ট
perfection	পারফেকশন
perfectly	পার্ফেক্টলি
perform	পারফর্ম
performance	পারফর্মানস
performances	পারফর্মনসজ
performed	পারফর্মড
performer	পারফর্মার
performers	পারফর্মার্জ
performing	পারফর্মিং
performs	পারফর্মজ
perfume	পারফিউম
perfumes	পারফিউমজ
perhaps	পারহ্যাপস
perimeter	পারিমেটার
period	পিরিয়াড
periodic	পিরিয়ডিক
periodical	পিরিয়ডিকল
periodically	পিরিয়ডিকলি
periodicals	পিরিয়ডিকলজ
periods	পিরিয়াডজ
peripheral	পারিফারাল
peripherals	পারিফারালজ
perkins	পার্কিনজ
perl	পার্ল
permanent	পার্মানেন্ট
permanently	পার্মানেন্টলি
permissible	পারমিসবল
permission	পারমিশন
permissions	পারমিশনজ
permit	পারমিট
permits	পারমিটস
permitted	পারমিটিড
permitting	পারমিটিং
perpetual	পারপেচুঅল
perry	পেরি
pers	পার্স
persecution	পার্সেকিউশন
persia	পার্জা
persian	পার্জন
persist	পারসিস্ট
persistence	পারসিস্টেনস
persistent	পারসিস্টেন্ট
person	পার্সন
personal	পার্সনাল
personalities	পার্সন্যালিটিজ
personality	পার্সন্যালিটি
personalize	পার্সনালাইজ
personalized	পার্সনালাইজড
personally	পার্সনালি
personals	পার্সনালজ
personnel	পার্সনেল
persons	পার্সনজ
perspective	পারসপেক্টিভ
perspectives	পারসপেক্টিভজ
persuade	পারসোয়েড
persuasion	পারসোয়েজন
pertaining	পারটেনিং
pertinent	পার্টিনেন্ট
peru	পারু
peruvian	পারুভিয়ান
pervasive	পারভেসিভ
peso	পেসো
pesos	পেসোজ
pest	পেস্ট
pesticide	পেস্টিসাইড
pesticides	পেস্টিসাইডজ
pests	পেস্টস
pet	পেট
pete	পিট
peter	পিটার
peterborough	পিটারবারো
peters	পিটার্জ
petersburg	পিটারজবার্গ
petersen	পিটারসেন
peterson	পিটারসন
petit	পেটি
petite	পেটিট
petition	পেটিশন
petitioner	পেটিশনার
petitions	পেটিশনজ
petrol	পেট্রোল
petroleum	পট্রোলিয়াম
pets	পেটস
petty	পেটি
peugeot	পিউজো
pewter	পিউটার
pfizer	ফাইজার
pga	পিজিএ
ph	পিএচ
phantom	ফ্যান্টম
pharma	ফার্মা
pharmaceutical	ফার্মাসুটিকাল
pharmaceuticals	ফার্মাসুটিকালজ
pharmacies	ফার্মাসিজ
pharmacist	ফার্মাসিস্ট
pharmacists	ফার্মাসিস্টস
pharmacology	ফোর্মাকলজি
pharmacy	ফার্মাসি
phase	ফেজ
phases	ফেজজ
phd	পিএচডি
phelps	ফেলপস
phenomena	ফেনমেনা
phenomenon	ফেনমেনন
phenotype	ফিনটাইপ
phi	ফাই
phil	ফিল
philadelphia	ফিলডেলফিয়া
philanthropy	ফিল্যানথ্রপি
philip	ফিলিপ
philippe	ফিলিপে
philippine	ফিলিপিন
philippines	ফিলিপিনজ
philips	ফিলিপস
phillies	ফিলিজ
phillip	ফিলিপ
phillips	ফিলিপস
philly	ফিলি
philosopher	ফিলসফার
philosophers	ফিলসফার্জ
philosophical	ফিলসফিকাল
philosophy	ফিলসফি
phishing	ফিশিং
phoenix	ফিনিক্স
phones	ফোনজ
phosphate	ফসফেট
phosphorus	ফসফারাস
photograph	ফোটগ্রাফ
photographed	ফোটগ্রাফট
photographer	ফটগ্রাফার
photographers	ফটগ্রাফার্জ
photographic	ফোটগ্রাফিক
photographs	ফোটগ্রাফস
photography	ফটগ্রাফি
photon	ফোটন
photos	ফোটোজ
photoshop	ফোটোশপ
php	পিএচপি
phrase	ফ্রেজ
phrases	ফ্রেজজ
phyllis	ফিলিস
physical	ফিজিকাল
physically	ফিজিকালি
physician	ফিজিশন
physicians	ফিজিশনজ
physics	ফিজিক্স
physiological	ফিজিয়ালোজিকল
physiology	ফিজিয়লজি
pi	পাই
pianist	পিঅ্যানস্ট
piano	পিঅ্যানো
piazza	পিঅ্যাজা
pic	পিক
picasso	পিকোসো
pick	পিক
picked	পিক্ট
picking	পিকিং
picks	পিক্স
pickup	পিকপ
picnic	পিকনিক
pictorial	পিক্টরিয়াল
picture	পিকচার
pictured	পিকচার্ড
pictures	পিকচার্জ
picturesque	পিকচারসক
pie	পাই
piece	পিস
pieces	পিসজ
piedmont	পিডমন্ট
pier	পির
pierce	পির্স
pierced	পির্স্ট
piercing	পির্সিং
pierre	পিয়ের
pies	পাইজ
pig	পিগ
pigeon	পিজন
pigment	পিগমেন্ট
pigs	পিগজ
pike	পাইক
pilates	পিলাটিস
pile	পাইল
piles	পাইলজ
pilgrim	পিলগ্রিম
pill	পিল
pillar	পিলার
pillars	পিলার্জ
pillow	পিলো
pillows	পিলোজ
pills	পিলজ
pilot	পাইলট
pilots	পাইলটস
pimp	পিম্প
pin	পিন
pinball	পিনবল
pinch	পিন্চ
pine	পাইন
pineapple	পাইন্যাপল
pines	পাইনজ
ping	পিং
pink	পিংক
pinnacle	পিনকল
pins	পিনজ
pint	পাইন্ট
pioneer	পাইঅনির
pioneering	পাইঅনিরিং
pioneers	পাইঅনির্জ
pipe	পাইপ
pipeline	পাইপলাইন
pipelines	পাইপলাইনজ
piper	পাইপার
pipes	পাইপস
piping	পাইপিং
piracy	পাইরাসি
pirate	পাইরাট
pirates	পাইরাটস
piss	পিস
pissed	পিস্ট
pissing	পিসিং
pistol	পিস্টল
pistols	পিস্টলজ
piston	পিস্টন
pistons	পিস্টনজ
pit	পিট
pitch	পিচ
pitched	পিচট
pitcher	পিচার
pitching	পিচিং
pits	পিটস
pitt	পিট
pittsburgh	পিটসবার্গ
pity	পিটি
pivot	পিভট
pix	পিক্স
pixar	পিক্সার
pixel	পিক্সেল
pixels	পিক্সেলজ
pizza	পিটসা
place	প্লেস
placebo	প্লাসিবো
placed	প্লেস্ট
placement	প্লেসমন্ট
placements	প্লেসমন্টস
places	প্লেসজ
placing	প্লেসিং
plague	প্লেগ
plaid	প্ল্যাড
plain	প্লেন
plains	প্লেনজ
plaintiff	প্লেন্টিফ
plaintiffs	প্লেন্টিফস
plan	প্ল্যান
planar	প্লেনার
plane	প্লেন
planes	প্লেনজ
planet	প্ল্যানেট
planetary	প্ল্যানেটেরি
planets	প্ল্যানেটস
planned	প্ল্যান্ড
planner	প্ল্যানার
planners	প্ল্যানার্জ
planning	প্ল্যানিং
plano	প্লেনো
plans	প্ল্যানজ
plant	প্ল্যান্ট
plantation	প্ল্যান্টেশন
planted	প্ল্যান্টিড
planting	প্ল্যান্টিং
plantronics	প্ল্যান্ট্রনিক্স
plants	প্ল্যান্টস
plaque	প্ল্যাক
plaques	প্ল্যাক্স
plasma	প্ল্যাজমা
plaster	প্ল্যাস্টার
plastic	প্ল্যাস্টিক
plastics	প্ল্যাস্টিক্স
plate	প্লেট
plateau	প্ল্যাটো
plated	প্লেটিড
plates	প্লেটস
platform	প্ল্যাটফর্ম
platforms	প্ল্যাটফর্মজ
platinum	প্ল্যাটনম
plato	প্লেটো
plausible	প্লজবল
play	প্লে
playa	প্লাইআ
playback	প্লেব্যাক
playboy	প্লেবয়
played	প্লেড
player	প্লেআর
players	প্লেআর্জ
playful	প্লেফাল
playground	প্লেগ্রাউন্ড
playhouse	প্লেহাউস
playing	প্লেইং
playlist	প্লেলিস্ট
playlists	প্লেলিস্টস
playoff	প্লেঅফ
playoffs	প্লেঅফস
plays	প্লেজ
playstation	প্লেস্টেশন
plaza	প্লাজা
plea	প্লি
pleasant	প্লেজান্ট
pleased	প্লিজড
pleasing	প্লিজিং
pleasure	প্লেজার
pleasures	প্লেজার্জ
pledge	প্লেজ
pledged	প্লেজড
plenary	প্লেনারি
plenty	প্লেন্টি
plot	প্লট
plots	প্লটস
plotting	প্লটিং
plug	প্লাগ
plugged	প্লাগড
plugin	প্লাগিন
plugins	প্লাগিনজ
plugs	প্লাগজ
plum	প্লাম
plumbers	প্লামার্জ
plumbing	প্লামিং
plump	প্লাম্প
plunge	প্লান্জ
plural	প্লুরাল
plus	প্লাস
plush	প্লাশ
pluto	প্লুটো
ply	প্লাই
plymouth	প্লিমথ
pm	পিএম
pneumatic	নিউম্যাটিক
pneumonia	নিউমোনিয়া
po	পো
pocket	পকেট
pockets	পকেটস
pod	পড
podcast	পডক্যাস্ট
podcasting	পডক্যাস্টিং
poe	পো
poem	পোঅম
poems	পোঅমজ
poet	পোঅট
poetic	পোএটিক
poetry	পোঅট্রি
poets	পোঅটস
pogo	পোগো
point	পয়ন্ট
pointe	পয়ন্ট
pointed	পয়ন্টিড
pointer	পয়ন্টার
pointers	পয়ন্টার্জ
pointing	পয়ন্টিং
pointless	পয়ন্টলেস
points	পয়ন্টস
poised	পয়জড
poison	পয়জন
poisoning	পয়জনিং
pokemon	পোকেমন
poker	পোকার
pol	পল
poland	পোলান্ড
polar	পোলার
polarization	পোলারিজেশন
polarized	পোলারাইজড
polaroid	পোলারয়ড
pole	পোল
poles	পোলজ
police	পলিস
policies	পলিসিজ
policing	পলিসিং
policy	পলিসি
polish	পলিশ
polished	পলিশট
polishing	পলিশিং
polite	পলাইট
political	পলিটিকাল
politically	পলিটিকালি
politician	পলিটিশন
politicians	পলিটিশনজ
politics	পলিটিক্স
polk	পোক
poll	পোল
pollen	পলেন
polling	পোলিং
polls	পোলজ
pollutant	পলুটান্ট
pollutants	পলুটান্টস
pollution	পলুশন
polly	পলি
polo	পোলো
poly	পলি
polyester	পলিয়েস্টার
polymer	পলিমার
polymerase	পলিমারেস
polymers	পলিমার্জ
polynesia	পলিনিজা
polynomial	পোলিনোমিয়াল
polyphonic	পলিফনিক
polytechnic	পলিটেকনিক
pond	পন্ড
ponds	পন্ডজ
pong	পং
pontiac	পোন্টিঅ্যাক
pony	পোনি
pooh	পু
pool	পুল
poole	পুল
pools	পুলজ
poor	পুর
poorest	পুরেস্ট
poorly	পুর্লি
pop	পপ
popcorn	পপকর্ন
pope	পোপ
popped	পপ্ট
poppy	পপি
pops	পপস
popular	পপিয়লার
popularity	পপিয়লেরিটি
populated	পোপিয়লেটিড
population	পপিয়লেশন
populations	পপিয়লেশনজ
popup	পপপ
porcelain	পর্সেলান
porch	পর্চ
pork	পর্ক
porn	পর্ন
porno	পর্নো
pornography	পর্নগ্রাফি
porsche	পর্শা
port	পর্ট
portability	পর্টাবিলিটি
portable	পর্টবল
portage	পর্টাজ
portal	পর্টাল
portals	পর্টালজ
porter	পর্টার
portfolio	পর্টফোলিও
portfolios	পর্টফোলিওজ
portion	পর্শন
portions	পর্শনজ
portland	পর্টলান্ড
porto	পর্টো
portrait	পর্ট্রাট
portraits	পর্ট্রাটস
portrayed	পর্ট্রেড
ports	পর্টস
portsmouth	পর্টস্মথ
portugal	পর্চাগাল
portuguese	পর্চাগিজ
pos	পস
pose	পোজ
posed	পোজড
poses	পোজজ
posing	পোজিং
position	পজিশন
positioned	পজিশন্ড
positioning	পজিশনিং
positions	পজিশনজ
positive	পজিটিভ
positively	পোজটিভলি
positives	পজিটিভজ
possess	পজেস
possessed	পজেস্ট
possesses	পজেসজ
possession	পজেশন
possessions	পজেশনজ
possibilities	পসিবিলিটিজ
possibility	পসিবিলিটি
possible	পোসবল
possibly	পসিবলি
post	পোস্ট
postage	পোস্টাজ
postal	পোস্টাল
postcard	পোস্টকোর্ড
postcards	পোস্টকোর্ডজ
posted	পোস্টিড
poster	পোস্টার
posterior	পস্টিরিয়ার
posters	পোস্টার্জ
posting	পোস্টিং
postings	পোস্টিংজ
postponed	পোস্টপোন্ড
posts	পোস্টস
postscript	পোসক্রিপ্ট
posture	পস্চার
pot	পট
potassium	পট্যাসিয়াম
potato	পটেটো
potatoes	পটেটোজ
potent	পোটেন্ট
potential	পটেনশিল
potentially	পটেনশিলি
potentials	পটেনশিলজ
pots	পটস
potter	পটার
pottery	পটারি
pouch	পাউচ
poultry	পোল্ট্রি
pound	পাউন্ড
pounding	পাউন্ডিং
pounds	পাউন্ডজ
pour	পর
poured	পর্ড
pouring	পরিং
poverty	পভারটি
pow	পাউ
powder	পাউডার
powell	পাউএল
power	পাউআর
powerbook	পাউআরবুক
powered	পাউআর্ড
powerful	পাউআরফাল
powerpc	পাউআরপিসি
powerpoint	পাউআরপয়ন্ট
powers	পাউআর্জ
ppm	পিপিএম
pr	পিঅর
practicable	প্রাক্টকবল
practical	প্রাক্টিকাল
practically	প্রাক্টিকলি
practice	প্রাক্টিস
practiced	প্রাক্টিস্ট
practices	প্রাক্টসজ
practicing	প্রাক্টিসিং
practise	প্রাক্টিস
practitioner	প্রাক্টিশনার
practitioners	প্রাক্টিশনার্জ
prada	প্রাডা
pradesh	প্রাডেশ
pragmatic	প্রাগম্যাটিক
prague	প্রাগ
prairie	প্রেরি
praise	প্রেজ
praised	প্রেজড
pratt	প্রাট
pray	প্রে
prayer	প্রেয়ার
prayers	প্রের্জ
praying	প্রেইং
pre	প্রি
preacher	প্রিচার
preaching	প্রিচিং
precautions	প্রিকশনজ
preceded	প্রিসিডিড
precedence	প্রেসেডেনস
precedent	প্রেসেডেন্ট
preceding	প্রিসিডিং
precinct	প্রিসিংক্ট
precious	প্রেশিস
precipitation	প্রেসিপিটেশন
precise	প্রেসাইস
precisely	প্রিসাইসলি
precision	প্রিসিজন
precursor	প্রিকার্সার
predator	প্রেডাটার
predators	প্রেডাটার্জ
predecessor	প্রেডেসেসার
predicate	প্রেডিকেট
predict	প্রেডিক্ট
predictable	প্রিডিক্টবল
predicted	প্রিডিক্টিড
predicting	প্রেডিক্টিং
prediction	প্রিডিকশন
predictions	প্রিডিকশনজ
predictive	প্রেডিক্টিভ
predicts	প্রেডিক্টস
predominantly	প্রিডমিনান্টলি
preface	প্রেফাস
prefer	প্রেফার
preferable	প্রেফারবল
preferably	প্রেফারাবলি
preference	প্রেফারেনস
preferences	প্রেফারনসিজ
preferred	প্রেফার্ড
prefers	প্রেফার্জ
prefix	প্রিফিক্স
pregnancy	প্রেগনানসি
pregnant	প্রেগনান্ট
prejudice	প্রেজাডিস
preliminary	প্রেলিমিনেরি
prelude	প্রেলুড
premature	প্রিমাচুর
premier	প্রেমির
premiere	প্রেমির
premiership	প্রেমির্শিপ
premise	প্রেমিস
premises	প্রেমসজ
premium	প্রিমিয়াম
premiums	প্রিমিয়ামজ
prenatal	প্রিনেটাল
prentice	প্রেন্টিস
prep	প্রেপ
prepaid	প্রিপেড
preparation	প্রেপারেশন
preparations	প্রেপারেশনজ
preparatory	প্রেপেরাটরি
prepare	প্রিপেয়ার
prepared	প্রিপের্ড
preparedness	প্রিপেরেডনেস
prepares	প্রিপের্জ
preparing	প্রিপেরিং
prerequisite	প্রিরেকোয়জিট
prerequisites	প্রিরেকোয়জিটস
pres	প্রেজ
presario	প্রিসোরিও
presbyterian	প্রেসবিটিরিয়ান
preschool	প্রিস্কুল
prescott	প্রেস্কট
prescribe	প্রেসক্রাইব
prescribed	প্রিসক্রাইবড
prescribing	প্রিসক্রাইবিং
prescription	প্রেসক্রিপশন
prescriptions	প্রেসক্রিপশনজ
presence	প্রেজেনস
present	প্রেজেন্ট
presentation	প্রেজেন্টেশন
presentations	প্রেজেন্টেশনজ
presented	প্রিজেন্টিড
presenter	প্রেজেন্টার
presenters	প্রেজেন্টার্জ
presenting	প্রেজেন্টিং
presently	প্রেজেন্টলি
presents	প্রেজেন্টস
preservation	প্রেজারভেশন
preserve	প্রেজার্ভ
preserved	প্রেজার্ভড
preserves	প্রেজার্ভজ
preserving	প্রেজার্ভিং
preset	প্রিসেট
presidency	প্রেজিডেনসি
president	প্রেজিডেন্ট
presidential	প্রেজিডেনশিল
presidents	প্রেজিডেন্টস
presiding	প্রেজাইডিং
presley	প্রেসলি
press	প্রেস
pressed	প্রেস্ট
presses	প্রেসজ
pressing	প্রেসিং
pressure	প্রেশার
pressures	প্রেশার্জ
prestige	প্রেস্টিজ
prestigious	প্রেস্টিজিস
preston	প্রেস্টন
presumably	প্রেজুমাবলি
presumed	প্রেজুমড
preteen	প্রিটিন
pretend	প্রিটেন্ড
pretoria	প্রিটরিয়া
pretty	প্রিটি
prevail	প্রেভেল
prevailing	প্রেভেলিং
prevalence	প্রেভালেনস
prevalent	প্রেভালেন্ট
prevent	প্রেভেন্ট
prevented	প্রিভেন্টিড
preventing	প্রেভেন্টিং
prevention	প্রিভেনশন
preventive	প্রেভেন্টিভ
prevents	প্রেভেন্টস
preview	প্রিভিউ
previews	প্রিভিউজ
previous	প্রিভিয়াস
previously	প্রিভিয়াসলি
prey	প্রে
pri	প্রাই
price	প্রাইস
priced	প্রাইস্ট
prices	প্রাইসজ
pricing	প্রাইসিং
pride	প্রাইড
priest	প্রিস্ট
priests	প্রিস্টস
prima	প্রিমা
primarily	প্রাইমেরিলি
primary	প্রাইমেরি
prime	প্রাইম
primer	প্রাইমার
primitive	প্রিমিটিভ
prince	প্রিনস
princes	প্রিনসজ
princess	প্রিনসেস
princeton	প্রিনস্টন
principal	প্রিনসিপাল
principally	প্রিনসিপলি
principals	প্রিনসিপালজ
principe	প্রিন্চিপি
principle	প্রিনসপল
principles	প্রিনসপলজ
print	প্রিন্ট
printable	প্রিন্টবল
printed	প্রিন্টিড
printer	প্রিন্টার
printers	প্রিন্টার্জ
printing	প্রিন্টিং
prints	প্রিন্টস
prior	প্রাইআর
priorities	প্রাইঅরটিজ
priority	প্রাইঅরটি
prism	প্রিজম
prison	প্রিজন
prisoner	প্রিজনার
prisoners	প্রিজনার্জ
prisons	প্রিজনজ
pristine	প্রিস্টিন
privacy	প্রাইভাসি
private	প্রাইভাট
privately	প্রাইভটলি
privatization	প্রাইভাটিজেশন
privilege	প্রিভলজ
privileged	প্রিভলজড
privileges	প্রিভলিজেজ
prix	প্রি
prize	প্রাইজ
prizes	প্রাইজজ
pro	প্রো
proactive	প্রোঅ্যাক্টিভ
prob	প্রব
probabilities	প্রবাবিলিটিজ
probability	প্রবাবিলিটি
probable	প্রোববল
probably	প্রবাবলি
probate	প্রোবেট
probation	প্রোবেশন
probe	প্রোব
probes	প্রোবজ
probing	প্রোবিং
problematic	প্রবলেম্যাটিক
problems	প্রবলেমজ
procedural	প্রসিজারাল
procedure	প্রসিজার
procedures	প্রসিজার্জ
proceed	প্রসিড
proceeded	প্রসিডিড
proceeding	প্রসিডিং
proceedings	প্রোসিডিংজ
proceeds	প্রসিডজ
process	প্রসেস
processed	প্রসেস্ট
processes	প্রোসেসজ
processing	প্রসেসিং
processor	প্রসেসার
processors	প্রসেসার্জ
proclaimed	প্রোকলেমড
procurement	প্রোকিউর্মন্ট
prod	প্রড
produce	প্রডিউস
produced	প্রডিউস্ট
producer	প্রডিউসার
producers	প্রডিউসার্জ
produces	প্রডুসজ
producing	প্রডিউসিং
product	প্রডাক্ট
production	প্রডাকশন
productions	প্রডাকশনজ
productive	প্রডাক্টিভ
productivity	প্রোডাক্টিভিটি
products	প্রডাক্টস
profession	প্রফেশন
professional	প্রফেশনাল
professionalism	প্রফেশনলিজম
professionally	প্রফেশনালি
professionals	প্রফেশনালজ
professions	প্রফেশনজ
professor	প্রফেসার
professors	প্রফেসার্জ
proficiency	প্রফিশনসি
proficient	প্রফিশন্ট
profile	প্রোফাইল
profiles	প্রোফাইলজ
profiling	প্রোফাইলিং
profit	প্রফিট
profitability	প্রফিটাবিলিটি
profitable	প্রোফটবল
profits	প্রফিটস
profound	প্রোফাউন্ড
prognosis	প্রগনোসিস
program	প্রোগ্রাম
programmable	প্রোগ্রামবল
programme	প্রোগ্রাম
programmed	প্রোগ্রামড
programmer	প্রোগ্রামার
programmers	প্রোগ্রামার্জ
programming	প্রোগ্রামিং
programs	প্রোগ্রামজ
progress	প্রগ্রেস
progression	প্রগ্রেশন
progressive	প্রগ্রেসিভ
prohibit	প্রোহিবিট
prohibited	প্রোহিবটড
prohibition	প্রোইবিশন
prohibits	প্রোহিবিটস
projected	প্রজেক্টড
projection	প্রজেকশন
projections	প্রজেকশনজ
projector	প্রজেক্টার
projectors	প্রজেক্টার্জ
projects	প্রজেক্টস
proliferation	প্রোলিফারেশন
prolonged	প্রলংড
prom	প্রম
prominent	প্রমিনেন্ট
promise	প্রমিস
promised	প্রমিস্ট
promises	প্রোমসজ
promising	প্রমিসিং
promo	প্রোমো
promote	প্রমোট
promoted	প্রমোটিড
promoter	প্রমোটার
promoters	প্রমোটার্জ
promotes	প্রমোটস
promoting	প্রমোটিং
promotion	প্রমোশন
promotional	প্রমোশনাল
promotions	প্রমোশনজ
prompt	প্রম্প্ট
prompted	প্রোম্প্টিড
promptly	প্রম্প্টলি
prompts	প্রম্প্টস
prone	প্রোন
pronounced	প্রনাউনস্ট
pronunciation	প্রোননসিয়েশন
proof	প্রুফ
proofs	প্রুফস
prop	প্রপ
propaganda	প্রপাগ্যান্ডা
propagation	প্রপাগেশন
propane	প্রোপেন
proper	প্রপার
properly	প্রপারলি
properties	প্রপারটিজ
property	প্রপারটি
prophecy	প্রফেসি
prophet	প্রফেট
prophets	প্রফেটস
proportion	প্রপর্শন
proportional	প্রপর্শনাল
proportions	প্রপর্শনজ
proposal	প্রপোজাল
proposals	প্রপোজালজ
propose	প্রপোজ
proposed	প্রপোজড
proposes	প্রপোজিজ
proposing	প্রপোজিং
proposition	প্রপজিশন
proprietary	প্রপ্রাইঅটেরি
props	প্রপস
propulsion	প্রপালশন
pros	প্রোজ
prose	প্রোজ
prosecution	প্রসেকিউশন
prosecutor	প্রসেকিউটার
prosecutors	প্রসেকিউটার্জ
prospect	প্রসপেক্ট
prospective	প্রসপেক্টিভ
prospects	প্রসপেক্টস
prospectus	প্রসপেক্টাস
prosperity	প্রসপেরিটি
prostate	প্রস্টেট
prostitution	প্রস্টিটিউশন
protect	প্রটেক্ট
protected	প্রটেক্টিড
protecting	প্রটেক্টিং
protection	প্রটেকশন
protections	প্রটেকশনজ
protective	প্রটেক্টিভ
protector	প্রটেক্টার
protectors	প্রটেক্টার্জ
protects	প্রটেক্টস
protein	প্রোটিন
proteins	প্রোটিনজ
protest	প্রোটেস্ট
protestant	প্রটেস্টান্ট
protesters	প্রোটেস্টার্জ
protests	প্রোটেস্টস
proto	প্রোটা
protocol	প্রোটকল
protocols	প্রোটকলজ
proton	প্রোটন
prototype	প্রোটটাইপ
prototypes	প্রোটটাইপস
proud	প্রাউড
proudly	প্রাউডলি
prove	প্রুভ
proved	প্রুভড
proven	প্রুভেন
provence	প্রোভেনস
proverbs	প্রভার্বজ
proves	প্রুভজ
provide	প্রভাইড
provided	প্রভাইডিড
providence	প্রভিডেনস
provider	প্রভাইডার
providers	প্রভাইডার্জ
provides	প্রভাইডজ
providing	প্রভাইডিং
province	প্রভিনস
provinces	প্রোভনসজ
provincial	প্রভিনশিল
proving	প্রুভিং
provision	প্রভিজন
provisional	প্রভিজনাল
provisioning	প্রভিজনিং
provisions	প্রভিজনজ
provost	প্রোভোস্ট
proximity	প্রক্সিমিটি
proxy	প্রক্সি
prozac	প্রোজ্যাক
prudent	প্রুডেন্ট
prudential	প্রুডেনশিল
psalm	সালম
psalms	সালমজ
pseudo	সুডো
psi	সাই
psychiatric	সাইকিঅ্যাট্রিক
psychiatry	সাইকাইঅট্রি
psychic	সাইকিক
psycho	সাইকো
psychological	সাইকলজিকাল
psychologist	সাইকলজিস্ট
psychologists	সাইকলজিস্টস
psychology	সাইকলজি
psychotherapy	সাইকোথেরাপি
pty	টাই
pu	পু
pub	পাব
public	পাবলিক
publication	পবলিকেশন
publications	পবলিকেশনজ
publicity	পাবলিসিটি
publicly	পাবলিকলি
publish	পাবলিশ
published	পাবলিশট
publisher	পাবলিশার
publishers	পাবলিশার্জ
publishes	পাবলিশজ
publishing	পাবলিশিং
pubs	পাবজ
pudding	পুডিং
pueblo	পোয়েবলো
puerto	পোয়ের্টো
puff	পাফ
puffy	পাফি
pull	পুল
pulled	পুল্ড
pulling	পুলিং
pulls	পুলজ
pulmonary	পুলমনেরি
pulp	পালপ
pulse	পালস
pulses	পালসিজ
puma	পুমা
pump	পাম্প
pumped	পাম্প্ট
pumping	পাম্পিং
pumpkin	পাম্পকিন
pumps	পাম্পস
punch	পান্চ
punctuation	পংকচুএশন
pundit	পান্ডিট
punish	পানিশ
punished	পানিশট
punishment	পানিশমেন্ট
punjab	পান্জাব
punk	পাংক
punt	পান্ট
punta	পুন্টার
pupil	পিউপিল
pupils	পিউপিলজ
puppet	পাপেট
puppets	পাপেটস
puppies	পাপিজ
puppy	পাপি
purchase	পার্চাস
purchased	পার্চাস্ট
purchaser	পার্চাসার
purchases	পার্চসজ
purchasing	পার্চাসিং
purdue	পারডিউ
pure	পিউর
purely	পিউর্লি
purification	পিউরিফিকেশন
purified	পিউরিফাইড
purifier	পিউরফাইআর
purity	পিউরিটি
purple	পার্পল
purpose	পার্পস
purposes	পার্পসজ
purse	পার্স
purses	পার্সিজ
pursuant	পারসুঅন্ট
pursue	পারসু
pursued	পারসুড
pursuing	পারসুইং
pursuit	পারসুট
push	পুশ
pushed	পুশট
pushes	পুশজ
pushing	পুশিং
pussies	পুসিজ
pussy	পুসি
pussycat	পুসিক্যাট
put	পুট
putative	পিউটাটিভ
putin	পুটিন
putnam	পাটনাম
puts	পুটস
putting	পাটিং
puzzle	পাজল
puzzles	পাজলজ
pvc	পিভিসি
pyramid	পিরামিড
python	পাইথন
q	কিউ
qaeda	কাইডা
qatar	কটার
qi	কি
quad	কোয়াড
quake	কোয়েক
qualification	কোয়োলিফিকেশন
qualifications	কোয়োলিফিকেশনজ
qualified	কোয়ালিফাইড
qualifier	কোয়ালফাইআর
qualifies	কোয়ালিফাইজ
qualify	কোয়ালিফাই
qualifying	কোয়ালিফাইইং
qualitative	কোয়ালিটেটিভ
qualities	কোয়ালিটিজ
quality	কোয়ালিটি
quan	কোয়ন
quantitative	কোয়ান্টিটেটিভ
quantities	কোয়ান্টিটিজ
quantity	কোয়ান্টিটি
quantum	কোয়ান্টাম
quark	কোয়ার্ক
quarry	কোয়রি
quart	কোয়র্ট
quarter	কোয়র্টার
quarterback	কোয়র্টারব্যাক
quarterly	কোয়র্টারলি
quarters	কোয়র্টার্জ
quartet	কোয়র্টেট
quartz	কোয়র্টস
quasi	কোয়াসি
quay	কি
que	কিউ
quebec	কোয়বেক
queen	কুইন
queens	কুইনজ
queensland	কুইনজল্যান্ড
queer	কুইর
queries	কুইরিজ
query	কুইরি
quest	কোয়েস্ট
questionable	কোয়েশ্চনবল
questioned	কোয়েশ্চন্ড
questioning	কোয়েশ্চনিং
questionnaire	কোয়েশ্চনেয়ার
questionnaires	কোয়েশ্চনের্জ
questions	কোয়েশ্চনজ
queue	কিউ
qui	কি
quick	কুইক
quicker	কুইকার
quickly	কুইকলি
quicktime	কুইক্টাইম
quiet	কোয়াইঅট
quietly	কোয়াইঅটলি
quilt	কুইল্ট
quilting	কুইল্টিং
quilts	কুইল্টস
quincy	কুইনসি
quinn	কুইন
quinta	কুইন্টা
quit	কুইট
quite	কোয়াইট
quiz	কুইজ
quizzes	কুইজিজ
quo	কোয়ো
quorum	কোয়রাম
quota	কোয়োটা
quotation	কোয়োটেশন
quotations	কোয়োটেশনজ
quote	কোয়োট
quoted	কোয়োটিড
quotes	কোয়োটস
quoting	কোয়োটিং
r	অর
rabbi	রাবাই
rabbit	রাবিট
rabbits	রাবিটস
race	রেস
racer	রেসার
races	রেসজ
rachel	রেচেল
racial	রেশিল
racing	রেসিং
racism	রেসিজম
racist	রেসিস্ট
rack	রাক
racks	রাক্স
rad	রাড
radar	রেডার
radial	রেডিয়াল
radiant	রেডিয়ান্ট
radiation	রেডিয়েশন
radiator	রেডিয়েটার
radical	রাডিকাল
radio	রেডিও
radioactive	রেডিওঅ্যাক্টিভ
radiology	রেডিয়লজি
radios	রেডিওজ
radisson	রাডিসন
radius	রেডিয়াস
rae	রে
raf	রাফ
rafael	রাফাইএল
rafting	রাফটিং
rag	রাগ
rage	রেজ
raging	রেজিং
rai	রাই
raid	রেড
raider	রেডার
raiders	রেডার্জ
rail	রেল
railroad	রেলরোড
rails	রেলজ
railway	রেলোয়ে
railways	রেলোয়েজ
rain	রেন
rainbow	রেনবো
rainfall	রেনফল
rainforest	রাইনফরেস্ট
rains	রেনজ
rainy	রেনি
raise	রেজ
raised	রেজড
raises	রেজজ
raising	রেজিং
rake	রেক
raleigh	রলি
rally	রালি
ralph	রালফ
ram	রাম
rama	রামা
ramada	রামাডা
ramon	রামোন
ramp	রাম্প
ramps	রাম্পস
rams	রামজ
ramsey	রামজি
ran	রান
ranch	রান্চ
rancho	রান্চো
rand	রান্ড
randall	রান্ডাল
randolph	রান্ডলফ
random	রান্ডম
randomized	রান্ডমাইজড
randomly	রান্ডমলি
randy	রান্ডি
rang	রাং
range	রেন্জ
ranged	রেন্জড
ranger	রেন্জার
rangers	রেন্জার্জ
ranges	রেন্জজ
ranging	রেন্জিং
rank	রাংক
ranked	রাংক্ট
ranking	রাংকিং
rankings	রাংকিংজ
ranks	রাংক্স
rant	রান্ট
rao	রাউ
rap	রাপ
rape	রেপ
raped	রেপ্ট
raphael	রাফাইএল
rapid	রাপিড
rapidly	রাপিডলি
rapids	রাপিডজ
rare	রেয়ার
rarely	রের্লি
ras	রাস
rash	রাশ
raspberry	রাজবেরি
rat	রাট
rate	রেট
rated	রেটিড
rates	রেটস
rather	রাদার
ratification	রাটিফিকেশন
rating	রেটিং
ratings	রেটিংজ
ratio	রেশিও
rational	রাশনাল
rationale	রাশন্যাল
ratios	রেশিওজ
raton	রাটোন
rats	রাটস
rave	রেভ
raven	রেভেন
ravens	রেভেনজ
raw	রা
ray	রে
raymond	রেমন্ড
rays	রেজ
razor	রেজার
razr	রাজর
rca	আর্সিএ
rea	রে
reach	রিচ
reached	রিচট
reaches	রিচজ
reaching	রিচিং
react	রিঅ্যাক্ট
reaction	রিঅ্যাকশন
reactions	রিঅ্যাকশনজ
reactive	রিঅ্যাক্টিভ
reactor	রিঅ্যাক্টার
read	রেড
readable	রিডবল
reader	রিডার
readers	রিডার্জ
readily	রেডিলি
readiness	রেডিনেস
reading	রিডিং
readings	রিডিংজ
reads	রিডজ
ready	রেডি
reagan	রেগান
real	রিল
realise	রিয়ালাইজ
realised	রিয়ালাইজড
realism	রিয়ালিজম
realistic	রিয়ালিস্টিক
realities	রিঅ্যালটিজ
reality	রিঅ্যালটি
realization	রিলিজেশন
realize	রিয়ালাইজ
realized	রিয়ালাইজড
realizing	রিয়ালাইজিং
realm	রেলম
realms	রেলমজ
realtime	রিয়াল্টাইম
realtor	রিয়াল্টার
realtors	রিয়াল্টার্জ
realty	রিয়াল্টি
reap	রিপ
rear	রির
reason	রিজন
reasonable	রিজনবল
reasonably	রিজনাবলি
reasoning	রিজনিং
reasons	রিজনজ
rebate	রিবেট
rebates	রিবেটস
rebecca	রেবেকা
rebel	রেবেল
rebellion	রেবেলিয়ন
rebels	রেবেলজ
reboot	রিবুট
rebound	রিবাউন্ড
rebounds	রিবাউন্ডজ
rebuild	রিবিল্ড
rebuilding	রিবিল্ডিং
rebuilt	রিবিল্ট
rec	রেক
recall	রিকল
recalled	রেকল্ড
recalls	রিকলজ
recap	রিক্যাপ
receipt	রেসিট
receipts	রেসিটস
receivable	রিসিভবল
receive	রেসিভ
received	রেসিভড
receiver	রেসিভার
receivers	রেসিভার্জ
receives	রেসিভজ
receiving	রেসিভিং
recent	রিসেন্ট
recently	রিসেন্টলি
reception	রেসেপশন
receptor	রিসেপ্টার
receptors	রেসেপ্টার্জ
recess	রেসেস
recession	রেসেশন
recharge	রিচার্জ
rechargeable	রিচার্জবল
recipe	রেসপি
recipes	রেসপিজ
recipient	রসিপিয়ান্ট
recipients	রিসিপিয়ান্টস
reciprocal	রেসিপ্রকাল
reclamation	রেকলামেশন
recognise	রেকগনাইজ
recognised	রেকগনাইজড
recognition	রেকগনিশন
recognize	রেকগনাইজ
recognized	রেকগনাইজড
recognizes	রেকগনাইজজ
recognizing	রেকগনাইজিং
recombinant	রেকমবিনান্ট
recommend	রেকমেন্ড
recommendation	রেকমেন্ডেশন
recommendations	রেকমেন্ডেশনজ
recommended	রেকমেন্ডিড
recommending	রেকমেন্ডিং
recommends	রেকমেন্ডজ
recon	রিকন
reconciliation	রেকনসিলিয়েশন
reconditioned	রিকন্ডিশন্ড
reconstruction	রিকনস্ট্রাকশন
record	রেকর্ড
recorded	রকর্ডিড
recorder	রেকর্ডার
recorders	রেকর্ডার্জ
recording	রেকর্ডিং
recordings	রেকর্ডিংজ
records	রেকর্ডজ
recover	রেকাভার
recovered	রেকাভার্ড
recovering	রেকাভারিং
recovery	রিকাভরি
recreation	রেক্রিয়েশন
recreational	রেক্রিয়েশনল
recruit	রেক্রুট
recruited	রিক্রুটিড
recruiter	রেক্রুটার
recruiters	রেক্রুটার্জ
recruiting	রেক্রুটিং
recruitment	রেক্রুটমেন্ট
recruits	রেক্রুটস
rectal	রেক্টাল
rectangle	রেক্ট্যাংগল
rectangular	রেক্ট্যাংগিয়লার
recurrence	রেকারেনস
recurrent	রেকারেন্ট
recurring	রেকারিং
recursive	রিকার্সিভ
recycle	রিসাইকল
recycled	রিসাইকল্ড
recycling	রিসাইকলিং
red	রেড
redeem	রেডিম
redemption	রেডেম্পশন
redesign	রিডেজাইন
redevelopment	রিডেভেলপমেন্ট
redhead	রেডহেড
redirect	রিডারেক্ট
redirected	রিডারেক্টিড
redistribute	রিডিস্ট্রিবিউট
redistributed	রিডিস্ট্রিবিউটিড
redistribution	রিডিস্ট্রিবিউশন
redmond	রেডমন্ড
reds	রেডজ
redskins	রেডস্কিনজ
reduce	রেডিউস
reduced	রেডিউস্ট
reduces	রডুসজ
reducing	রেডিউসিং
reduction	রেডাকশন
reductions	রিডাকশনজ
redundancy	রেডান্ডানসি
redundant	রেডান্ডান্ট
redwood	রেডুড
reebok	রিবক
reed	রিড
reef	রিফ
reel	রিল
reels	রিলজ
reese	রিস
reeves	রিভজ
ref	রেফ
refer	রেফার
referee	রেফারি
reference	রেফারেনস
referenced	রেফারেনস্ট
references	রেফারনসিজ
referendum	রেফারেন্ডাম
referral	রেফারাল
referrals	রেফারালজ
referred	রেফার্ড
referring	রেফারিং
refers	রেফার্জ
refill	রিফিল
refills	রিফিলজ
refinance	রিফিন্যানস
refinancing	রিফিন্যানসিং
refine	রেফাইন
refined	রেফাইন্ড
refinement	রফাইনমন্ট
refining	রেফাইনিং
reflect	রেফলেক্ট
reflected	রিফলেক্টিড
reflecting	রেফলেক্টিং
reflection	রেফলেকশন
reflections	রেফলেকশনজ
reflective	রেফলেক্টিভ
reflector	রেফলেক্টার
reflects	রেফলেক্টস
reflex	রিফলেক্স
reform	রেফর্ম
reformed	রেফর্মড
reforms	রেফর্মজ
refrain	রেফ্রেন
refresh	রেফ্রেশ
refreshing	রেফ্রেশিং
refrigeration	রেফ্রিজারেশন
refrigerator	রেফ্রিজারেটার
refrigerators	রেফ্রিজারেটার্জ
refuge	রেফিউজ
refugee	রেফিউজি
refugees	রেফিউজিজ
refund	রেফান্ড
refundable	রিফান্ডবল
refunds	রেফান্ডজ
refurbished	রিফার্বিশট
refusal	রেফিউজাল
refuse	রেফিউজ
refused	রেফিউজড
refuses	রফিউজজ
refusing	রেফিউজিং
reg	রেগ
regain	রেগেন
regal	রিগাল
regard	রেগার্ড
regarded	রিগার্ডিড
regarding	রেগার্ডিং
regardless	রেগার্ডলেস
regards	রেগার্ডজ
regency	রিজনসি
regeneration	রিজেনারেশন
regent	রিজন্ট
regents	রিজন্টস
reggae	রেগে
regime	রেজিম
regimen	রেজিমেন
regiment	রেজিমেন্ট
regimes	রেজিমজ
regina	রেজিনা
region	রিজন
regional	রিজনাল
regions	রিজনজ
regis	রিজিস
register	রেজিস্টার
registered	রেজিস্টার্ড
registering	রেজিস্টারিং
registers	রেজিস্টার্জ
registrant	রেজিস্ট্রান্ট
registrar	রেজিস্ট্রার
registration	রেজিস্ট্রেশন
registrations	রেজিস্ট্রেশনজ
registry	রেজিস্ট্রি
regression	রেগ্রেশন
regret	রেগ্রেট
regs	রেগজ
regular	রেগিয়লার
regularly	রেগিয়লারলি
regulate	রেগিয়লেট
regulated	রেগিয়লেটিড
regulating	রেগিয়লেটিং
regulation	রেগিয়লেশন
regulations	রেগিয়লেশনজ
regulator	রেগিয়লেটার
regulators	রেগিয়লেটার্জ
regulatory	রেগিয়লাটরি
rehab	রিহ্যাব
rehabilitation	রিহাবিলিটেশন
rehearsal	রেহার্সাল
reich	রাইক
reid	রিড
reign	রেন
reiki	রেকি
reilly	রাইলি
reimbursement	রিআমবার্স্মেন্ট
reinforce	রিইনফর্স
reinforced	রিইনফর্স্ট
reinforcement	রিঅনফর্স্মেন্ট
reits	রাইটস
reject	রেজেক্ট
rejected	রিজেক্টিড
rejection	রেজেকশন
rejects	রেজেক্টস
relate	রেলেট
related	রিলেটিড
relates	রেলেটস
relating	রেলেটিং
relation	রিলেশন
relational	রিলেশনাল
relations	রিলেশনজ
relationship	রিলেশনশিপ
relationships	রিলেশনশিপস
relative	রেলাটিভ
relatively	রেলটিভলি
relatives	রেলাটিভজ
relativity	রেলাটিভিটি
relax	রেল্যাক্স
relaxation	রিল্যাক্সেশন
relaxed	রেল্যাক্স্ট
relaxing	রেল্যাক্সিং
relay	রিলে
relays	রিলেজ
release	রিলিস
released	রিলিস্ট
releases	রিলিসিজ
releasing	রিলিসিং
relevance	রেলেভানস
relevant	রেলেভান্ট
reliability	রিলাইঅবিলটি
reliable	রিলাইঅবল
reliably	রিলাইঅবলি
reliance	রিলাইঅনস
relied	রেলাইড
relief	রেলিফ
relies	রেলাইজ
relieve	রেলিভ
relieved	রেলিভড
religion	রেলিজন
religions	রিলিজনজ
religious	রেলিজিস
reload	রিলোড
relocate	রিলোকেট
relocating	রিলোকেটিং
relocation	রিলোকেশন
reluctant	রেলাক্টান্ট
rely	রেলাই
relying	রিলাইইং
rem	রেম
remain	রেমেন
remainder	রেমেন্ডার
remained	রেমেন্ড
remaining	রেমেনিং
remains	রেমেনজ
remake	রিমেক
remark	রেমার্ক
remarkable	রিমার্কবল
remarkably	রেমার্কাবলি
remarked	রেমার্ক্ট
remarks	রেমার্ক্স
remedial	রিমিডিয়াল
remediation	রিমিডিয়েশন
remedies	রেমেডিজ
remedy	রেমেডি
remember	রেমেমবার
remembered	রেমেমবার্ড
remembering	রেমেমবারিং
remembers	রেমেমবার্জ
remembrance	রিমেমব্রানস
remind	রিমাইন্ড
reminded	রিমাইন্ডিড
reminder	রিমাইন্ডার
reminders	রিমাইন্ডার্জ
reminds	রিমাইন্ডজ
remington	রেমিংটন
remodeling	রেমডেলিং
remote	রেমোট
remotely	রিমোটলি
removable	রিমুভবল
removal	রেমুভাল
remove	রিমুভ
removed	রিমুভড
remover	রেমুভার
removes	রিমুভজ
removing	রিমুভিং
remuneration	রেমিউনারেশন
ren	রেন
renaissance	রেনাসানস
renal	রিনাল
rename	রিনেম
renamed	রিনেমড
renault	রেনো
render	রেন্ডার
rendered	রেন্ডার্ড
rendering	রেন্ডারিং
renders	রেন্ডার্জ
rene	রনে
renee	রেনে
renew	রেনিউ
renewable	রিনুঅবল
renewal	রেনিউআল
renewed	রেনিউড
reno	রিনো
renovated	রেনভেটিড
renovation	রেনভেশন
renovations	রেনভেশনজ
renowned	রেনাউন্ড
rent	রেন্ট
rental	রেন্টাল
rentals	রেন্টালজ
rented	রেন্টিড
renting	রেন্টিং
rents	রেন্টস
reorganization	রিয়র্গনজেশন
rep	রেপ
repair	রেপেয়ার
repaired	রেপের্ড
repairing	রেপেরিং
repairs	রেপের্জ
repay	রিপে
repayment	রিপেমেন্ট
repeal	রেপিল
repealed	রেপিল্ড
repeat	রেপিট
repeated	রিপিটিড
repeatedly	রেপিটেডলি
repeating	রেপিটিং
repeats	রেপিটস
repertoire	রেপারটোয়োর
repetition	রেপেটিশন
repetitive	রেপেটিটিভ
replace	রিপলেস
replaced	রিপলেস্ট
replacement	রিপলেসমন্ট
replacements	রিপলেসমন্টস
replaces	রিপলেসিজ
replacing	রেপলেসিং
replay	রিপলে
replica	রেপলিকা
replication	রেপলিকেশন
replied	রেপলাইড
replies	রেপলাইজ
reply	রেপলাই
reported	রিপর্টিড
reportedly	রেপর্টেডলি
reporter	রেপর্টার
reporters	রেপর্টার্জ
reporting	রিপর্টিং
reports	রেপর্টস
repository	রিপজিটরি
represent	রেপ্রেজেন্ট
representation	রেপ্রেজেন্টেশন
representations	রেপ্রেজেন্টেশনজ
representative	রেপ্রেজেন্টাটিভ
representatives	রেপ্রেজেন্টাটিভজ
represented	রেপ্রিজেন্টিড
representing	রেপ্রেজেন্টিং
represents	রেপ্রেজেন্টস
reprint	রিপ্রিন্ট
reprinted	রিপ্রিন্টিড
reprints	রিপ্রিন্টস
reproduce	রিপ্রডিউস
reproduced	রিপ্রডিউস্ট
reproduction	রিপ্রডাকশন
reproductions	রিপ্রডাকশনজ
reproductive	রিপ্রডাক্টিভ
reps	রেপস
reptiles	রেপ্টাইলজ
republic	রিপাবলিক
republican	রেপাবলিকান
republicans	রেপাবলিকানজ
reputable	রেপিয়টবল
reputation	রেপিয়টেশন
request	রেকোয়েস্ট
requested	রিকোয়েস্টিড
requesting	রেকোয়েস্টিং
require	রিকোয়াইআর
required	রিকোয়াইআর্ড
requirement	রিকোয়াইর্মন্ট
requirements	রিকোয়াইর্মন্টস
requires	রিকোয়াইআর্জ
requiring	রিকোয়াইআরিং
requisite	রেকোয়জিট
res	রেজ
resale	রিসেল
rescue	রেস্কিউ
rescued	রেস্কিউড
research	রিসার্চ
researched	রিসার্চট
researcher	রিসারচার
researchers	রিসারচার্জ
researching	রিসার্চিং
reseller	রিসেলার
resellers	রিসেলার্জ
resemble	রিজেমবল
reservation	রেজারভেশন
reservations	রেজারভেশনজ
reserve	রেজার্ভ
reserved	রেজার্ভড
reserves	রেজার্ভজ
reservoir	রেজেভোয়োর
reset	রিসেট
resets	রিসেটস
reside	রেজাইড
residence	রেজিডেনস
residences	রেজিডনসিজ
residency	রেজিডেনসি
resident	রেজিডেন্ট
residential	রেজিডেনশিল
residents	রেজিডেন্টস
resides	রেজাইডজ
residing	রেজাইডিং
residual	রিজিজুঅল
residue	রেজিডিউ
residues	রেজিডিউজ
resign	রেজাইন
resignation	রেজিগনেশন
resigned	রেজাইন্ড
resin	রেজিন
resist	রেজিস্ট
resistance	রেজিস্টানস
resistant	রেজিস্টান্ট
resistor	রেজিস্টার
resolution	রেজলুশন
resolutions	রেজলুশনজ
resolve	রিজলভ
resolved	রিজলভড
resolving	রিজলভিং
resonance	রেজনানস
resort	রেজর্ট
resorts	রেজর্টস
resource	রিসর্স
resources	রিসর্সিজ
respect	রেসপেক্ট
respected	রিসপেক্টিড
respectful	রেসপেক্টফাল
respectfully	রেসপেক্টফালি
respecting	রিসপেক্টিং
respective	রেসপেক্টিভ
respectively	রিসপেক্টিভলি
respects	রেসপেক্টস
respiratory	রেসপারাটরি
respond	রেসপন্ড
responded	রিসপোন্ডিড
respondent	রেসপন্ডেন্ট
respondents	রেসপন্ডেন্টস
responding	রেসপন্ডিং
responds	রেসপন্ডজ
response	রেসপনস
responses	রিসপোনসিজ
responsibilities	রিসপনসিবিলিটিজ
responsibility	রিসপনসিবিলিটি
responsible	রিসপোনসবল
responsive	রেসপনসিভ
rest	রেস্ট
restart	রিস্টার্ট
restaurants	রেস্টারান্টস
resting	রেস্টিং
restless	রেস্টলেস
restoration	রেস্টারেশন
restore	রেস্টর
restored	রেস্টর্ড
restoring	রেস্টরিং
restraint	রেস্ট্রেন্ট
restrict	রিস্ট্রিক্ট
restricted	রিস্ট্রিক্টড
restricting	রিস্ট্রিক্টিং
restriction	রিস্ট্রিকশন
restrictions	রিস্ট্রিকশনজ
restrictive	রিস্ট্রিক্টিভ
restructuring	রিস্ট্রাকচারিং
rests	রেস্টস
result	রেজাল্ট
resulted	রিজাল্টিড
resulting	রেজাল্টিং
results	রেজাল্টস
resume	রেজুম
resumed	রেজুমড
resumes	রেজুমজ
resurrection	রেজারেকশন
ret	রেট
retail	রিটেল
retailer	রিটেলার
retailers	রিটেলার্জ
retailing	রিটেলিং
retain	রেটেন
retained	রেটেন্ড
retaining	রেটেনিং
retains	রেটেনজ
retardation	রিটার্ডেশন
retention	রিটেনশন
retire	রেটাইর
retired	রেটাইর্ড
retirement	রিটাইআরমেন্ট
retiring	রেটাইরিং
retractable	রিট্রাক্টবল
retreat	রিট্রিট
retreats	রিট্রিটস
retried	রিট্রাইড
retrieval	রেট্রিভাল
retrieve	রেট্রিভ
retrieved	রিট্রিভড
retriever	রিট্রিভার
retrieving	রিট্রিভিং
retro	রেট্রো
retrospective	রেট্রসপেক্টিভ
retry	রিট্রাই
retrying	রিট্রাইইং
return	রেটার্ন
returned	রেটার্ন্ড
returning	রেটার্নিং
returns	রেটার্নজ
reunion	রিউনিয়ন
reusable	রিউজবল
reuse	রিইউস
reuters	রয়টার্জ
rev	রেভ
reveal	রেভিল
revealed	রেভিল্ড
revealing	রেভিলিং
reveals	রেভিলজ
revelation	রেভেলেশন
revenge	রিভেন্জ
revenue	রেভেনিউ
revenues	রেভেনিউজ
reverend	রেভারেন্ড
reversal	রেভার্সাল
reverse	রেভার্স
reversed	রেভার্স্ট
reversible	রিভার্সবল
reverted	রিভার্টিড
review	রিভিউ
reviewed	রিভিউড
reviewer	রিভিউআর
reviewers	রিভিউআর্জ
reviewing	রিভিউইং
reviews	রিভিউজ
revise	রেভাইজ
revised	রেভাইজড
revision	রিভিজন
revisions	রিভিজনজ
revisited	রিভিজটিড
revival	রেভাইভাল
revocation	রেভকেশন
revoked	রেভোক্ট
revolt	রেভোল্ট
revolution	রেভলুশন
revolutionary	রেভলুশনেরি
revolving	রিভলভিং
reward	রেওয়ার্ড
rewarded	রিওর্ডিড
rewarding	রেওয়ার্ডিং
rewards	রেওয়ার্ডজ
rewrite	রিরাইট
rewritten	রিরিটেন
rex	রেক্স
rey	রে
reyes	রেইস
reynolds	রেনল্ডজ
rhapsody	রাপসডি
rhetoric	রেটারিক
rheumatoid	রুমাটয়ড
rhino	রাইনো
rhode	রোড
rhodes	রোডজ
rhymes	রাইমজ
rhythm	রিদম
rhythms	রিদমজ
rib	রিব
ribbon	রিবন
ribbons	রিবনজ
ribs	রিবজ
ric	রিক
rica	রিকা
rican	রিকান
ricardo	রিকোর্ডো
rice	রাইস
rich	রিচ
richard	রিচার্ড
richards	রিচার্ডজ
richardson	রিচারডসন
richer	রিচার
riches	রিচজ
richest	রিচেস্ট
richie	রিচি
richland	রিচলান্ড
richmond	রিচমন্ড
richter	রিক্টার
rick	রিক
ricky	রিকি
rico	রিকো
ricoh	রিকো
rid	রিড
riddle	রিডল
ride	রাইড
rider	রাইডার
riders	রাইডার্জ
rides	রাইডজ
ridge	রিজ
ridiculous	রিডিকিয়লস
riding	রাইডিং
rifle	রাইফল
rifles	রাইফলজ
rig	রিগ
right	রাইট
righteous	রাইচেস
righteousness	রাইচেসনেস
rightly	রাইটলি
rights	রাইটস
rigid	রিজিড
rigorous	রিগারস
rihanna	রিহানা
riley	রাইলি
rim	রিম
rims	রিমজ
ring	রিং
ringer	রিংআর
ringing	রিংইং
rings	রিংজ
rinse	রিনস
rio	রিও
riot	রাইঅট
rip	রিপ
ripe	রাইপ
ripley	রিপলি
ripped	রিপ্ট
ripper	রিপার
rise	রাইজ
risen	রিজেন
rises	রাইজজ
rising	রাইজিং
risk	রিসক
risks	রিসক্স
risky	রিস্কি
rita	রিটা
ritchie	রিচি
rite	রাইট
ritual	রিচুঅল
rituals	রিচুঅলজ
ritz	রিটস
rival	রাইভাল
rivals	রাইভালজ
river	রিভার
rivera	রিভেরা
rivers	রিভার্জ
riverside	রিভারসাইড
riviera	রিভিয়েরা
rna	আরেনে
ro	রো
roach	রোচ
road	রোড
roadmap	রোডম্যাপ
roads	রোডজ
roadside	রোডসাইড
roadway	রোডোয়ে
roaming	রোমিং
roanoke	রোঅনোক
roast	রোস্ট
roasted	রোস্টড
rob	রব
robbery	রবারি
robbie	রবি
robbins	রবিনজ
robe	রোব
robert	রবার্ট
roberto	রবের্টো
roberts	রবার্টস
robertson	রবারটসন
robin	রবিন
robinson	রবিনসন
robot	রোবট
robotic	রোবটিক
robotics	রোবটিক্স
robots	রোবটস
robust	রোবাস্ট
roc	রক
roche	রোচ
rochester	রচেস্টার
rock	রক
rocker	রকার
rocket	রকেট
rockets	রকেটস
rockford	রকফার্ড
rockies	রকিজ
rocking	রকিং
rockport	রকপর্ট
rocks	রক্স
rockville	রকভিল
rockwell	রকোয়েল
rocky	রকি
rode	রোড
rodeo	রোডিও
rodgers	রজার্জ
rodney	রডনি
rodriguez	রড্রিগাজ
rods	রডজ
roe	রো
roger	রজার
rogers	রজার্জ
rogue	রোগ
roi	রয়
roland	রোলান্ড
role	রোল
roles	রোলজ
rolex	রোলেক্স
roll	রোল
rolled	রোল্ড
roller	রোলার
rollers	রোলার্জ
rolling	রোলিং
rollover	রোলোভার
rolls	রোলজ
rom	রম
roma	রোমা
roman	রোমান
romance	রোম্যানস
romania	রোমেনিয়া
romanian	রোমেনিয়ান
romans	রোমানজ
romantic	রোম্যান্টিক
rome	রোম
romeo	রোমিও
roms	রমজ
ron	রন
ronald	রনাল্ড
ronnie	রনি
roof	রুফ
roofing	রুফিং
rookie	রুকি
room	রুম
roommate	রুমেট
roommates	রুমেটস
rooms	রুমজ
roosevelt	রোজেভেল্ট
root	রুট
rooted	রুটড
roots	রুটস
rope	রোপ
ropes	রোপস
ros	রস
rosa	রোজা
rose	রোজ
rosemary	রোজমেরি
rosen	রোজেন
rosenberg	রোজেনবার্গ
roses	রোজিজ
rosie	রোজি
ross	রস
rossi	রসি
roster	রস্টার
roswell	রসোয়েল
rot	রট
rotary	রোটারি
rotate	রোটেট
rotating	রোটেটিং
rotation	রোটেশন
roth	রথ
rotor	রোটার
rotten	রটেন
rotterdam	রটারড্যাম
rouge	রুজ
rough	রাফ
roughly	রাফলি
roulette	রুলেট
round	রাউন্ড
rounded	রাউন্ডড
rounding	রাউন্ডিং
rounds	রাউন্ডজ
roundtable	রাউন্ডটেবল
roundup	রাউন্ডপ
route	রুট
routed	রুটিড
router	রুটার
routers	রুটার্জ
routes	রুটস
routine	রুটিন
routinely	রুটিনলি
routines	রুটিনজ
routing	রাউটিং
rove	রোভ
rover	রোভার
row	রো
rowan	রোআন
rowe	রো
rowing	রোইং
rows	রোজ
roxy	রক্সি
roy	রয়
royal	রয়আল
royale	রয়অ্যাল
royals	রয়আলজ
royalties	রয়আল্টিজ
royalty	রয়আল্টি
royce	রয়স
rpm	অর্পিএম
rsvp	অরেসভিপি
ru	রু
rub	রাব
rubber	রাবার
rubbing	রাবিং
rubbish	রাবিশ
rubin	রুবিন
ruby	রুবি
rude	রুড
rudolph	রুডলফ
rudy	রুডি
rue	রু
rug	রাগ
rugby	রাগবি
rugged	রাগড
rugs	রাগজ
ruin	রুঅন
ruined	রুঅন্ড
ruins	রুঅনজ
rule	রুল
ruled	রুল্ড
rulemaking	রুলমেকিং
ruler	রুলার
rulers	রুলার্জ
rules	রুলজ
ruling	রুলিং
rulings	রুলিংজ
rum	রাম
rumble	রামবল
rumor	রুমার
rumors	রুমার্জ
rumsfeld	রামজফেল্ড
run	রান
runaway	রানাওয়ে
runner	রানার
runners	রানার্জ
running	রানিং
runoff	রানফ
runs	রানজ
runway	রানোয়ে
rupee	রুপি
rupert	রুপার্ট
rural	রুরাল
rus	রাস
rush	রাশ
rushed	রাশট
rushing	রাশিং
russ	রাস
russell	রাসেল
russia	রাশা
russian	রাশন
russians	রাশনজ
rust	রাস্ট
rustic	রাস্টিক
rusty	রাস্টি
rutgers	রাটগার্জ
ruth	রুথ
rutherford	রাথারফার্ড
rutland	রাটলান্ড
rwanda	রওয়ান্ডা
ryan	রাইআন
ryder	রাইডার
rye	রাই
s	এস
sa	সা
saab	সাব
sabbath	স্যাবাথ
sac	স্যাক
sack	স্যাক
sacks	স্যাক্স
sacramento	স্যাক্রামেন্টো
sacred	সেক্রড
sacrifice	স্যাক্রিফাইস
sad	স্যাড
saddam	সাডাম
saddle	স্যাডল
sadly	স্যাডলি
sadness	স্যাডনেস
safari	সাফারি
safaris	সাফারিজ
safe	সেফ
safeguard	সেফগার্ড
safeguards	সেফগার্ডজ
safely	সেফলি
safer	সেফার
safety	সেফটি
saga	সাগা
sage	সেজ
sahara	সাহেরা
said	সেড
sail	সেল
sailing	সেলিং
sailor	সেলার
sailors	সেলার্জ
saint	সেন্ট
saints	সেন্টস
sakai	সাকাই
sake	সেক
sal	স্যাল
salad	স্যালাড
salads	স্যালাডজ
salaries	স্যালারিজ
salary	স্যালারি
sale	সেল
salem	সেলেম
sales	সেলজ
saline	সালিন
salisbury	স্যালজবারি
sally	স্যালি
salmon	স্যামন
salomon	স্যালমন
salon	সালন
salons	সালনজ
saloon	সালুন
salsa	সলসা
salt	সল্ট
salts	সল্টস
saltwater	সল্টোয়াটার
salute	সালুট
salvador	স্যালভাডর
salvage	স্যালভাজ
salvation	স্যালভেশন
salzburg	সলজবার্গ
sam	স্যাম
samantha	সাম্যানথা
samba	সামবা
same	সেম
sammy	স্যামি
samoa	সমোআ
sample	স্যাম্পল
sampled	স্যাম্পল্ড
sampler	স্যাম্প্লার
samples	স্যাম্পলজ
sampling	স্যাম্প্লিং
samson	স্যামসন
samsung	স্যামসং
samuel	স্যামিউল
samurai	স্যামারাই
san	স্যান
sanchez	স্যান্চেজ
sanction	স্যাংকশন
sanctions	স্যাংকশনজ
sanctuary	স্যাংকচুএরি
sand	স্যান্ড
sandal	স্যান্ডাল
sandals	স্যান্ডালজ
sandbox	স্যান্ডবক্স
sander	স্যান্ডার
sanders	স্যান্ডার্জ
sandra	স্যান্ড্রা
sands	স্যান্ডজ
sandwich	স্যান্ডুইচ
sandwiches	স্যান্ডুইচিজ
sandy	স্যান্ডি
sane	সেন
sanford	স্যানফার্ড
sang	স্যাং
sanitary	স্যানিটেরি
sanitation	স্যানিটেশন
sanity	স্যানিটি
sans	স্যানজ
santa	স্যান্টা
santana	স্যান্ট্যানা
santiago	স্যান্টিয়গো
santo	স্যান্টো
santos	স্যান্টোস
sanyo	সোনিয়ো
sao	সাউ
sap	স্যাপ
sapiens	সেপিয়ানজ
sapphire	স্যাফাইআর
sar	সার
sara	সেরা
sarah	সেরা
sarasota	সেরাসোটা
saratoga	সেরাটোগা
sarbanes	সার্বেনজ
sars	সার্জ
sas	স্যাস
saskatchewan	স্যাস্ক্যাচেওয়ান
saskatoon	স্যাস্কাটুন
sassy	স্যাসি
sat	স্যাট
satan	সেটান
satellite	স্যাটেলাইট
satellites	স্যাটেলাইটস
satin	স্যাটিন
satire	স্যাটাইআর
satisfaction	স্যাটিসফ্যাকশন
satisfactory	স্যাটসফ্যাক্ট্রি
satisfied	স্যাটিসফাইড
satisfies	স্যাটিসফাইজ
satisfy	স্যাটিসফাই
satisfying	স্যাটিসফাইইং
saturated	স্যাচারেটিড
saturation	স্যাচারেশন
saturdays	স্যাটারডিজ
saturn	স্যাটার্ন
sauce	সস
sauces	সসজ
saudi	সডি
saul	সল
sauna	সনা
saunders	সন্ডার্জ
sausage	সসাজ
sauvignon	সভিনিয়োন
savage	স্যাভাজ
savanna	সাভ্যানা
savannah	সাভ্যানা
save	সেভ
saved	সেভড
saver	সেভার
savers	সেভার্জ
saves	সেভজ
saving	সেভিং
savings	সেভিংজ
savior	সেভিয়ার
savvy	স্যাভি
saw	স
saws	সজ
sawyer	সইয়ার
sax	স্যাক্স
saxon	স্যাক্সন
saxophone	স্যাক্সফোন
say	সে
saying	সেইং
says	সেজ
sba	এসবিএ
scalability	স্কেলাবিলিটি
scalable	স্কেলবল
scalar	স্কেলার
scale	স্কেল
scaled	স্কেল্ড
scales	স্কেলজ
scaling	স্কেলিং
scam	স্ক্যাম
scams	স্ক্যামজ
scan	স্ক্যান
scandal	স্ক্যান্ডাল
scandinavia	স্ক্যান্ডিনেভিয়া
scandinavian	স্ক্যান্ডিনেভিয়ান
scanned	স্ক্যান্ড
scanner	স্ক্যানার
scanners	স্ক্যানার্জ
scanning	স্ক্যানিং
scans	স্ক্যানজ
scar	স্কার
scarborough	স্কোর্বারো
scarce	স্কের্স
scare	স্কেয়ার
scared	স্কের্ড
scarf	স্কার্ফ
scarface	স্কার্ফেস
scarlet	স্কার্লেট
scars	স্কার্জ
scarves	স্কার্ভজ
scary	স্কেরি
scat	স্ক্যাট
scattered	স্ক্যাটার্ড
scattering	স্ক্যাটারিং
scenario	সিনেরিও
scenarios	সিনেরিওজ
scene	সিন
scenery	সিনারি
scenes	সিনজ
scenic	সিনিক
scent	সেন্ট
scented	সেন্টিড
scheduled	স্কেজাল্ড
scheduler	স্কেজালার
schedules	স্কেজালজ
scheduling	স্কেজালিং
schema	স্কিমা
schematic	স্কেম্যাটিক
scheme	স্কিম
schemes	স্কিমজ
schizophrenia	স্কিটসফ্রিনিয়া
schmidt	শ্মিট
schneider	শ্নাইডার
scholar	স্কলার
scholarly	স্কলারলি
scholars	স্কলার্জ
scholarship	স্কলারশিপ
scholarships	স্কলারশিপস
scholastic	স্কল্যাস্টিক
school	স্কুল
schoolgirl	স্কুলগার্ল
schooling	স্কুলিং
schools	স্কুলজ
schultz	শুল্টস
schwartz	শোয়ার্টস
schwarzenegger	শোয়ার্জেনেগার
sci	সি
science	সাইঅনস
sciences	সাইঅনসজ
scientific	সাইঅন্টিফিক
scientist	সাইঅন্টিস্ট
scientists	সাইঅন্টিস্টস
scientology	সাইঅন্টোলজি
scion	সাইঅন
scissors	সিজার্জ
sclerosis	স্ক্লারোসিস
scooby	স্কুবি
scoop	স্কুপ
scooter	স্কুটার
scooters	স্কুটার্জ
scope	স্কোপ
scopes	স্কোপস
score	স্কর
scoreboard	স্কর্বর্ড
scorecard	স্কর্কোর্ড
scored	স্কর্ড
scores	স্কর্জ
scoring	স্করিং
scorpio	স্কর্পিও
scotch	স্কচ
scotia	স্কোশা
scotland	স্কটলান্ড
scots	স্কটস
scott	স্কট
scottish	স্কটিশ
scottsdale	স্কটসডেল
scout	স্কাউট
scouting	স্কাউটিং
scouts	স্কাউটস
scrabble	স্ক্রাবল
scrap	স্ক্রাপ
scrapbook	স্ক্রাপবুক
scraps	স্ক্রাপস
scratch	স্ক্রাচ
scratches	স্ক্রাচজ
scream	স্ক্রিম
screaming	স্ক্রিমিং
screen	স্ক্রিন
screened	স্ক্রিন্ড
screening	স্ক্রিনিং
screenplay	স্ক্রিনপ্লে
screens	স্ক্রিনজ
screenshot	স্ক্রিনশট
screenshots	স্ক্রিনশটস
screw	স্ক্রু
screwed	স্ক্রুড
screws	স্ক্রুজ
script	স্ক্রিপ্ট
scripts	স্ক্রিপ্টস
scripture	স্ক্রিপচার
scriptures	স্ক্রিপচার্জ
scroll	স্ক্রোল
scrolling	স্ক্রোলিং
scrolls	স্ক্রোলজ
scrub	স্ক্রাব
scrutiny	স্ক্রুটিনি
scsi	স্কুজি
scuba	স্কুবা
sculpture	স্কালপচার
sculptures	স্কালপচার্জ
sdn	এসডিএন
sea	সি
seafood	সিফুড
seagate	সিগেট
seahawks	সিহক্স
seal	সিল
sealed	সিল্ড
sealing	সিলিং
seals	সিলজ
seam	সিম
seamless	সিমলেস
sean	শন
search	সার্চ
searched	সার্চট
searches	সার্চিজ
searching	সার্চিং
sears	সির্জ
seas	সিজ
seaside	সিসাইড
season	সিজন
seasonal	সিজনাল
seasoned	সিজন্ড
seasons	সিজনজ
seat	সিট
seated	সিটিড
seating	সিটিং
seats	সিটস
seattle	সিঅ্যাটল
sebastian	সেব্যাশ্চন
sec	সেক
second	সেকন্ড
secondary	সেকন্ডেরি
seconded	সেকন্ডিড
secondly	সেকন্ডলি
seconds	সেকন্ডজ
secrecy	সিক্রেসি
secret	সিক্রেট
secretarial	সেক্রটেরিয়াল
secretariat	সেক্রিটেরিয়াট
secretaries	সেক্রেটেরিজ
secretary	সেক্রেটেরি
secretion	সেক্রিশন
secretly	সিক্রেটলি
secrets	সিক্রেটস
sect	সেক্ট
section	সেকশন
sectional	সেকশনাল
sections	সেকশনজ
sector	সেক্টার
sectors	সেক্টার্জ
secular	সেকিয়লার
secure	সেকিউর
secured	সেকিউর্ড
securely	সিকিউর্লি
securing	সেকিউরিং
securities	সেকিউরিটিজ
security	সেকিউরিটি
sedan	সেড্যান
sediment	সেডিমেন্ট
sediments	সেডিমেন্টস
sedona	সেডোনা
see	সি
seed	সিড
seeds	সিডজ
seeing	সিইং
seek	সিক
seeker	সিকার
seekers	সিকার্জ
seeking	সিকিং
seeks	সিক্স
seem	সিম
seemed	সিমড
seemingly	সিমিংলি
seems	সিমজ
seen	সিন
sees	সিজ
sega	সিগা
segment	সেগমেন্ট
segmentation	সেগমেন্টেশন
segments	সেগমেন্টস
segregation	সেগ্রেগেশন
seiko	সেকো
seismic	সাইজমিক
seize	সিজ
seized	সিজড
seizure	সিজার
seizures	সিজার্জ
seldom	সেল্ডম
select	সেলেক্ট
selected	সলেক্টিড
selecting	সেলেক্টিং
selection	সেলেকশন
selections	সেলেকশনজ
selective	সেলেক্টিভ
selects	সেলেক্টস
self	সেলফ
selfish	সেলফিশ
sell	সেল
seller	সেলার
sellers	সেলার্জ
selling	সেলিং
sells	সেলজ
semantic	সেম্যান্টিক
semantics	সেম্যান্টিক্স
semester	সেমেস্টার
semi	সেমি
semiconductor	সেমিকন্ডাক্টার
semiconductors	সেমিকন্ডাক্টার্জ
seminar	সেমিনার
seminars	সেমিনার্জ
seminary	সেমিনেরি
sen	সেন
senate	সেনাট
senator	সেনাটার
senators	সেনাটার্জ
send	সেন্ড
sender	সেন্ডার
sending	সেন্ডিং
sendo	সেন্ডো
sends	সেন্ডজ
seneca	সেনেকা
senegal	সেনেগল
senior	সিনিয়ার
seniors	সিনিয়ার্জ
sensation	সেনসেশন
sensations	সেনসেশনজ
sense	সেনস
senses	সেনসিজ
sensible	সেনসবল
sensing	সেনসিং
sensitive	সেনসিটিভ
sensitivity	সেনসিটিভিটি
sensor	সেনসার
sensors	সেনসার্জ
sensory	সেনসারি
sensual	সেনশওয়ল
sent	সেন্ট
sentence	সেন্টেনস
sentenced	সেন্টেনস্ট
sentences	সেন্টনসজ
sentencing	সেন্টেনসিং
sentiment	সেন্টিমেন্ট
sentinel	সেন্টিনেল
seo	সিও
seoul	সোল
sep	সেপ
separate	সেপারেট
separated	সেপারেটিড
separately	সেপারটলি
separates	সেপারেটস
separating	সেপারেটিং
separation	সেপারেশন
separator	সেপারেটার
sept	সেপ্ট
septic	সেপ্টিক
sequel	সিকোয়ল
sequence	সিকোয়নস
sequences	সিকোয়নসজ
sequencing	সিকোয়নসিং
sequential	সেকোয়েনশিল
serbia	সার্বিয়া
serbian	সার্বিয়ান
serena	সেরিনা
serenity	সারেনিটি
sergeant	সার্জন্ট
sergio	সার্জিয়ো
serial	সিরিয়াল
serials	সিরিয়ালজ
series	সিরিজ
serious	সিরিয়াস
seriously	সিরিয়াসলি
sermon	সার্মন
sermons	সার্মনজ
serpent	সার্পেন্ট
serum	সিরাম
serv	সার্ভ
servant	সার্ভান্ট
servants	সার্ভান্টস
serve	সার্ভ
served	সার্ভড
server	সার্ভার
servers	সার্ভার্জ
serves	সার্ভজ
service	সার্ভিস
serviced	সার্ভিস্ট
services	সার্ভসজ
servicing	সার্ভিসিং
serving	সার্ভিং
servings	সার্ভিংজ
sesame	সেসমি
session	সেশন
sessions	সেশনজ
set	সেট
seth	সেথ
sets	সেটস
setting	সেটিং
settings	সেটিংজ
settle	সেটল
settled	সেটল্ড
settlement	সেটেলমেন্ট
settlements	সেটেলমেন্টস
settlers	সেটলার্জ
settling	সেটলিং
setup	সেটপ
seven	সেভেন
seventeen	সেভেন্টিন
seventh	সেভেনথ
seventy	সেভেন্টি
several	সেভরল
severe	সেভির
severely	সভির্লি
severity	সেভেরিটি
seville	সেভিল
sew	সো
sewage	সুআজ
sewer	সুআর
sewing	সোইং
sex	সেক্স
sexes	সেক্সজ
sexual	সেকশুঅল
sexuality	সেকশুঅ্যালটি
sexually	সেকশুঅলি
sexy	সেক্সি
seychelles	সেশেলজ
seymour	সিমর
sgt	সোর্জন্ট
sh	শ
sha	শা
shack	শ্যাক
shade	শেড
shaded	শেডিড
shades	শেডজ
shadow	শ্যাডো
shadows	শ্যাডোজ
shady	শেডি
shaft	শ্যাফট
shah	শা
shake	শেক
shaker	শেকার
shakes	শেক্স
shakespeare	শেক্স্পির
shaking	শেকিং
shakira	শ্যাকিরা
shall	শ্যাল
shallow	শ্যালো
shalt	শ্যাল্ট
shame	শেম
shampoo	শ্যাম্পু
shane	শেন
shanghai	শ্যাংহাই
shannon	শ্যানন
shape	শেপ
shaped	শেপ্ট
shapes	শেপস
shaping	শেপিং
shapiro	শাপিরো
share	শেয়ার
shared	শের্ড
shareholder	শের্হোল্ডার
shareholders	শের্হোল্ডার্জ
shares	শের্জ
shareware	শেরোয়ের
sharing	শেরিং
shark	শার্ক
sharks	শার্ক্স
sharon	শ্যারন
sharp	শার্প
sharper	শার্পার
sharply	শার্প্লি
shattered	শ্যাটার্ড
shaun	শন
shave	শেভ
shaved	শেভড
shaving	শেভিং
shaw	শ
shawn	শন
she	শি
shea	শে
shear	শির
shed	শেড
sheds	শেডজ
sheehan	শিয়ান
sheep	শিপ
sheer	শির
sheet	শিট
sheets	শিটস
sheffield	শেফিল্ড
sheikh	শিক
sheila	শিলা
shelby	শেলবি
sheldon	শেল্ডন
shelf	শেলফ
shell	শেল
shelley	শেলি
shellfish	শেলফিশ
shells	শেলজ
shelter	শেল্টার
shelters	শেল্টার্জ
shelton	শেল্টন
shelves	শেলভজ
shelving	শেলভিং
shenzhen	শেনজেন
shepherd	শেপার্ড
sheraton	শেরাটন
sheridan	শেরিডান
sheriff	শেরিফ
sherman	শার্মান
sherry	শেরি
sherwood	শারুড
shi	শি
shield	শিল্ড
shields	শিল্ডজ
shift	শিফট
shifted	শিফটিড
shifting	শিফটিং
shifts	শিফটস
shilling	শিলিং
shim	শিম
shin	শিন
shine	শাইন
shines	শাইনজ
shining	শাইনিং
shiny	শাইনি
ship	শিপ
shipment	শিপমেন্ট
shipments	শিপমেন্টস
shipped	শিপ্ট
shipping	শিপিং
ships	শিপস
shire	শাইর
shirley	শার্লি
shirt	শার্ট
shirts	শার্টস
shit	শিট
shock	শক
shocked	শক্ট
shocking	শকিং
shocks	শক্স
shockwave	শকোয়েভ
shoe	শু
shoes	শুজ
shook	শুক
shoot	শুট
shooter	শুটার
shooting	শুটিং
shoots	শুটস
shop	শপ
shoppe	শপ
shopper	শপার
shoppers	শপার্জ
shopping	শপিং
shops	শপস
shore	শর
shoreline	শর্লাইন
shores	শর্জ
short	শর্ট
shortage	শর্টাজ
shortages	শর্টজজ
shortcut	শর্টকট
shortcuts	শর্টকটস
shorter	শর্টার
shortest	শর্টেস্ট
shortly	শর্টলি
shorts	শর্টস
shot	শট
shotgun	শটগন
shots	শটস
should	শুড
shoulder	শোল্ডার
shoulders	শোল্ডার্জ
shout	শাউট
shouted	শাউটিড
shouting	শাউটিং
shouts	শাউটস
show	শো
showcase	শোকেস
showdown	শোডাউন
showed	শোড
shower	শাউআর
showers	শাউআর্জ
showing	শোইং
shown	শোন
showroom	শোরুম
shows	শোজ
shrek	শ্রেক
shreveport	শ্রিভপর্ট
shrimp	শ্রিম্প
shrine	শ্রাইন
shrink	শ্রিংক
shropshire	শ্রপশাইর
shrubs	শ্রাবজ
shuffle	শাফল
shui	শুই
shut	শাট
shutdown	শাটডাউন
shutter	শাটার
shuttle	শাটল
shy	শাই
si	সি
siam	সাইঅ্যাম
siberian	সাইবিরিয়ান
sibling	সিবলিং
siblings	সিবলিংজ
sic	সিক
sicily	সিসিলি
sick	সিক
sickness	সিকনেস
sid	সিড
side	সাইড
sidebar	সাইডবার
sided	সাইডিড
sides	সাইডজ
sidewalk	সাইডোয়ক
siding	সাইডিং
sidney	সিডনি
sie	সি
siege	সিজ
siemens	সিমেনজ
sierra	সিয়েরা
sig	সিগ
sigh	সাই
sight	সাইট
sights	সাইটস
sightseeing	সাইটসিইং
sigma	সিগমা
sign	সাইন
signage	সাইনাজ
signal	সিগনাল
signaling	সিগনালিং
signalling	সিগনালিং
signals	সিগনালজ
signature	সিগনাচার
signatures	সিগনাচার্জ
signed	সাইন্ড
significance	সিগনিফিকানস
significant	সিগনিফিকান্ট
significantly	সিগনিফিকান্টলি
signifies	সিগনিফাইজ
signing	সাইনিং
signs	সাইনজ
silence	সাইলেনস
silent	সাইলেন্ট
silently	সাইলেন্টলি
silhouette	সিলওয়েট
silica	সিলিকা
silicon	সিলিকন
silicone	সিলিকোন
silk	সিলক
silky	সিলকি
silly	সিলি
silva	সিলভা
silver	সিলভার
sim	সিম
similar	সিমিলার
similarities	সিমিলেরিটিজ
similarity	সিমিলেরিটি
similarly	সিমিলারলি
simmons	সিমনজ
simon	সাইমন
simone	সিমোন
simple	সিম্পল
simpler	সিম্পলার
simplest	সিম্প্লেস্ট
simplicity	সিম্প্লিসিটি
simplified	সিম্প্লিফাইড
simplify	সিম্প্লিফাই
simply	সিম্প্লি
simpson	সিম্পসন
simpsons	সিম্পসনজ
sims	সিমজ
simulate	সিমিয়লাট
simulated	সিমিয়লেটিড
simulation	সিমিয়লেশন
simulations	সিমিউলেশনজ
simulator	সিমিয়লেটার
simultaneous	সাইমল্টেনিয়াস
simultaneously	সাইমল্টেনিয়াসলি
sin	সিন
sinatra	সিনাট্রা
since	সিনস
sincere	সিনসির
sincerely	সিনসির্লি
sinclair	সিনক্লেয়ার
sind	সিন্ড
sing	সিং
singer	সিংআর
singers	সিংআর্জ
singh	সিং
singing	সিংইং
single	সিংগল
singled	সিংগল্ড
singles	সিংগলজ
sings	সিংজ
singular	সিংগিয়লার
sinister	সিনিস্টার
sink	সিংক
sinking	সিংকিং
sinks	সিংক্স
sins	সিনজ
sinus	সাইনাস
sioux	সু
sip	সিপ
sir	সার
sire	সাইআর
sirius	সিরিয়াস
sis	সিস
sister	সিস্টার
sisters	সিস্টার্জ
sit	সিট
site	সাইট
sites	সাইটস
sits	সিটস
sitting	সিটিং
situated	সিচুএটিড
situation	সিচুএশন
situations	সিচুএশনজ
six	সিক্স
sixteen	সিক্স্টিন
sixth	সিক্সথ
sixty	সিক্স্টি
size	সাইজ
sized	সাইজড
sizes	সাইজজ
sizing	সাইজিং
ska	স্কা
skate	স্কেট
skateboard	স্কেটবর্ড
skateboarding	স্কেটবর্ডিং
skates	স্কেটস
skating	স্কেটিং
skeletal	স্কেলেটাল
skeleton	স্কেলেটন
skeptical	স্কেপ্টিকাল
sketch	স্কেচ
sketches	স্কেচজ
ski	স্কি
skies	স্কাইজ
skiing	স্কিইং
skill	স্কিল
skilled	স্কিল্ড
skills	স্কিলজ
skin	স্কিন
skinner	স্কিনার
skinny	স্কিনি
skins	স্কিনজ
skip	স্কিপ
skipped	স্কিপ্ট
skipping	স্কিপিং
skirt	স্কার্ট
skirts	স্কার্টস
skis	স্কিজ
skull	স্কাল
sky	স্কাই
skye	স্কাই
skyline	স্কাইলাইন
skype	স্কাইপ
slab	স্ল্যাব
slack	স্ল্যাক
slam	স্ল্যাম
slang	স্ল্যাং
slap	স্ল্যাপ
slash	স্ল্যাশ
slate	স্লেট
slater	স্লেটার
slaughter	স্লটার
slave	স্লেভ
slavery	স্লেভারি
slaves	স্লেভজ
slayer	স্লেআর
sleek	স্লিক
sleep	স্লিপ
sleeper	স্লিপার
sleeping	স্লিপিং
sleeps	স্লিপস
sleepy	স্লিপি
sleeve	স্লিভ
sleeves	স্লিভজ
slender	স্লেন্ডার
slept	স্লেপ্ট
slice	স্লাইস
sliced	স্লাইস্ট
slices	স্লাইসজ
slick	স্লিক
slide	স্লাইড
slider	স্লাইডার
slides	স্লাইডজ
sliding	স্লাইডিং
slight	স্লাইট
slightly	স্লাইটলি
slim	স্লিম
sling	স্লিং
slip	স্লিপ
slipped	স্লিপ্ট
slippers	স্লিপার্জ
slippery	স্লিপারি
slips	স্লিপস
sloan	স্লোন
slogan	স্লোগান
slope	স্লোপ
slopes	স্লোপস
slot	স্লট
slots	স্লটস
slovak	স্লোভ্যাক
slovakia	স্লোভোকিয়া
slovenia	স্লোভিনিয়া
slovenian	স্লোভিনিয়ান
slow	স্লো
slowed	স্লোড
slower	স্লোআর
slowing	স্লোইং
slowly	স্লোলি
sludge	স্লাজ
slug	স্লাগ
slut	স্লাট
sluts	স্লাটস
small	স্মল
smaller	স্মলার
smallest	স্মলেস্ট
smart	স্মার্ট
smarter	স্মার্টার
smartphone	স্মোর্টফোন
smash	স্ম্যাশ
smashing	স্ম্যাশিং
smell	স্মেল
smells	স্মেলজ
smile	স্মাইল
smiled	স্মাইল্ড
smiles	স্মাইলজ
smiley	স্মাইলি
smiling	স্মাইলিং
smith	স্মিথ
smithsonian	স্মিথসোনিয়ান
smoke	স্মোক
smoked	স্মোক্ট
smoker	স্মোকার
smokers	স্মোকার্জ
smoking	স্মোকিং
smoky	স্মোকি
smooth	স্মুদ
smoothly	স্মুদলি
sms	এসেমেস
snack	স্ন্যাক
snacks	স্ন্যাক্স
snake	স্নেক
snakes	স্নেক্স
snap	স্ন্যাপ
snapshot	স্ন্যাপশট
snapshots	স্ন্যাপশটস
snatch	স্ন্যাচ
sneak	স্নিক
sniper	স্নাইপার
snippets	স্নিপেটস
snooker	স্নুকার
snoop	স্নুপ
snorkeling	স্নর্কেলিং
snow	স্নো
snowboard	স্নোবর্ড
snowmobile	স্নোমোবিল
snowy	স্নোই
snyder	স্নাইডার
so	সো
soak	সোক
soap	সোপ
soaps	সোপস
soar	সর
soaring	সরিং
sober	সোবার
soccer	সকার
social	সোশিল
socialism	সোশলিজম
socialist	সোশিলিস্ট
socially	সোশিলি
societal	সসাইইটল
societies	সসাইঅটিজ
society	সসাইঅটি
socio	সোসিও
sociology	সোসিয়লজি
sock	সক
socket	সকেট
sockets	সকেটস
socks	সক্স
soda	সোডা
sodium	সোডিয়াম
sofa	সোফা
sofas	সোফাজ
sofia	সোফিয়া
soft	সফট
softball	সফটবল
softly	সফটলি
software	সফটোয়ের
soho	সোহো
soil	সয়ল
soils	সয়লজ
sol	সল
solar	সোলার
solaris	সোলেরিস
sold	সোল্ড
solder	সডার
soldier	সোলজার
soldiers	সোলজার্জ
sole	সোল
soleil	সোলেল
solely	সোএলি
solicitation	সলিসিটেশন
solicitor	সলিসিটার
solicitors	সলিসিটার্জ
solid	সলিড
solidarity	সলিডেরিটি
solids	সলিডজ
solitaire	সলিটেয়ার
solitary	সলিটেরি
solo	সোলো
solomon	সলমন
soluble	সোলিয়বল
solution	সলুশন
solutions	সলুশনজ
solve	সলভ
solved	সলভড
solvent	সলভেন্ট
solving	সলভিং
som	সম
soma	সোমা
somalia	সমোলিয়া
some	সাম
somebody	সামবোডি
someday	সামডে
somehow	সামহাউ
someone	সামোয়ন
somerset	সামারসেট
something	সামথিং
sometime	সামটাইম
sometimes	সমটাইমজ
somewhat	সামোয়াট
somewhere	সামোয়ের
son	সান
sonata	সনোটা
song	সং
songs	সংজ
songwriter	সংরাইটার
sonia	সোনিয়ো
sonic	সনিক
sonny	সানি
sonoma	সনোমা
sons	সানজ
sony	সোনি
soo	সু
soon	সুন
sooner	সুনার
soonest	সুনেস্ট
soothing	সুদিং
sophia	সোফিয়া
sophie	সোফি
sophisticated	সফিস্টকেটিড
sophomore	সোফমর
soprano	সপ্রোনো
sore	সর
sorority	সাররিটি
sorrow	সরো
sort	সর্ট
sorted	সর্টিড
sorting	সর্টিং
sorts	সর্টস
sos	এওএস
sought	সট
soul	সোল
souls	সোলজ
sound	সাউন্ড
sounded	সাউন্ডিড
sounding	সাউন্ডিং
sounds	সাউন্ডজ
soundtrack	সাউন্ডট্রাক
soundtracks	সাউন্ডট্রাক্স
soup	সুপ
soups	সুপস
sour	সাউআর
source	সর্স
sources	সর্সজ
sourcing	সর্সিং
south	সাউথ
southampton	সাউথহ্যাম্প্টন
southeast	সাউথিস্ট
southeastern	সাউথিস্টার্ন
southern	সাদার্ন
southwest	সাউথোয়েস্ট
southwestern	সাউথোয়েস্টার্ন
souvenir	সুভেনির
souvenirs	সুভেনির্জ
sovereign	সোভরন
sovereignty	সোভরন্টি
soviet	সোভিয়াট
sox	সক্স
soy	সয়
soybean	সয়বিন
spa	স্পা
space	স্পেস
spacecraft	স্পেসক্রাফট
spaced	স্পেস্ট
spaces	স্পেসজ
spacing	স্পেসিং
spacious	স্পেশিস
spades	স্পেডজ
spaghetti	স্পাগেটি
spain	স্পেন
spam	স্প্যাম
span	স্প্যান
spanish	স্প্যানিশ
spank	স্প্যাংক
spanking	স্প্যাংকিং
spanning	স্প্যানিং
spans	স্প্যানজ
sparc	স্পার্ক
spare	স্পেয়ার
spares	স্পের্জ
spark	স্পার্ক
sparkle	স্পার্কল
sparkling	স্পার্ক্লিং
sparks	স্পার্ক্স
sparrow	স্পেরো
sparse	স্পার্স
spas	স্পাজ
spatial	স্পেশিল
spawn	স্পান
speak	স্পিক
speaker	স্পিকার
speakers	স্পিকার্জ
speaking	স্পিকিং
speaks	স্পিক্স
spear	স্পির
spears	স্পির্জ
spec	স্পেক
special	স্পেশিল
specialist	স্পেশিলিস্ট
specialists	স্পেশিলিস্টস
speciality	স্পেশিঅ্যালিটি
specialization	স্পেশিলিজেশন
specialize	স্পেশিলাইজ
specialized	স্পেশিলাইজড
specializes	স্পেশলাইজজ
specializing	স্পেশিলাইজিং
specially	স্পেশিলি
specials	স্পেশিলজ
specialties	স্পেশিল্টিজ
specialty	স্পেশিল্টি
species	স্পিশিজ
specific	স্পেসিফিক
specifically	স্পসিফিকলি
specification	স্পেসিফিকেশন
specifications	স্পেসিফিকেশনজ
specificity	স্পেসিফিসিটি
specifics	স্পেসিফিক্স
specified	স্পেসিফাইড
specifies	স্পেসিফাইজ
specify	স্পেসিফাই
specifying	স্পেসিফাইইং
specimen	স্পেসিমেন
specimens	স্পেসিমেনজ
specs	স্পেক্স
spectacular	স্পেক্ট্যাকিয়লার
spectator	স্পেক্টেটার
spectra	স্পেক্ট্রা
spectral	স্পেক্ট্রাল
spectroscopy	স্পেক্ট্রস্কপি
spectrum	স্পেক্ট্রাম
speculation	স্পেকিয়লেশন
speech	স্পিচ
speeches	স্পিচজ
speed	স্পিড
speeding	স্পিডিং
speeds	স্পিডজ
speedway	স্পিডোয়ে
speedy	স্পিডি
spell	স্পেল
spelled	স্পেল্ড
spelling	স্পেলিং
spells	স্পেলজ
spencer	স্পেনসার
spend	স্পেন্ড
spending	স্পেন্ডিং
spends	স্পেন্ডজ
spent	স্পেন্ট
sperm	স্পার্ম
sphere	স্ফির
spheres	স্ফির্জ
spherical	স্ফেরিকাল
spice	স্পাইস
spices	স্পাইসজ
spicy	স্পাইসি
spider	স্পাইডার
spiderman	স্পাইডারম্যান
spiders	স্পাইডার্জ
spies	স্পাইজ
spike	স্পাইক
spikes	স্পাইক্স
spill	স্পিল
spin	স্পিন
spinach	স্পিনাচ
spinal	স্পাইনাল
spindle	স্পিন্ডল
spine	স্পাইন
spinning	স্পিনিং
spiral	স্পাইরাল
spires	স্পাইর্জ
spirit	স্পিরিট
spirited	স্পিরিটিড
spirits	স্পিরিটস
spiritual	স্পিরিচুঅল
spirituality	স্পিরিচুঅ্যালটি
spit	স্পিট
spite	স্পাইট
splash	স্প্ল্যাশ
splendid	স্প্লেন্ডিড
splinter	স্প্লিন্টার
split	স্প্লিট
splits	স্প্লিটস
splitter	স্প্লিটার
splitting	স্প্লিটিং
spoiler	স্পয়লার
spoilers	স্পয়লার্জ
spokane	স্পোক্যান
spoke	স্পোক
spoken	স্পোকেন
spokesman	স্পোক্স্মন
spokesperson	স্পোক্স্পারসন
sponge	স্পান্জ
spongebob	স্পান্জবোব
sponsor	স্পনসার
sponsored	স্পনসার্ড
sponsoring	স্পনসারিং
sponsors	স্পনসার্জ
sponsorship	স্পনসারশিপ
spontaneous	স্পোন্টেনিয়াস
spoon	স্পুন
sport	স্পর্ট
sporting	স্পর্টিং
sports	স্পর্টস
sportswear	স্পর্টসোয়ের
spot	স্পট
spotlight	স্পটলাইট
spots	স্পটস
spotted	স্পোটিড
spotting	স্পটিং
spouse	স্পাউস
spouses	স্পাউসিজ
spray	স্প্রে
spread	স্প্রেড
spreading	স্প্রেডিং
spreads	স্প্রেডজ
spreadsheet	স্প্রেডশিট
spreadsheets	স্প্রেডশিটস
spring	স্প্রিং
springer	স্প্রিংআর
springfield	স্প্রিংফিল্ড
springs	স্প্রিংজ
sprint	স্প্রিন্ট
spruce	স্প্রুস
spun	স্পান
spur	স্পার
spurs	স্পার্জ
spy	স্পাই
spying	স্পাইইং
spyware	স্পাইওয়ের
sql	এস্কিউএল
squad	স্কোয়াড
squadron	স্কোয়োড্রন
square	স্কোয়ের
squared	স্কোয়ের্ড
squares	স্কোয়ের্জ
squash	স্কোয়াশ
squeeze	স্কুইজ
squid	স্কুইড
squirrel	স্কোয়ারেল
squirt	স্কোয়ার্ট
squirting	স্কোয়ার্টিং
sr	সিনিয়ার
sri	শ্রি
ss	এসেস
st	স্ট্রিট
sta	স্টা
stab	স্ট্যাব
stability	স্টাবিলিটি
stabilization	স্টেবিলিজেশন
stable	স্টেবল
stacey	স্টেসি
stack	স্ট্যাক
stacked	স্ট্যাক্ট
stacks	স্ট্যাক্স
stacy	স্টেসি
stadium	স্টেডিয়াম
staff	স্ট্যাফ
staffing	স্ট্যাফিং
stafford	স্ট্যাফার্ড
staffordshire	স্ট্যাফারডশার
stag	স্ট্যাগ
stage	স্টেজ
staged	স্টেজড
stages	স্টেজজ
staging	স্টেজিং
stain	স্টেন
stained	স্টেন্ড
staining	স্টেনিং
stainless	স্টেনলেস
stains	স্টেনজ
stair	স্টেয়ার
stairs	স্টের্জ
stake	স্টেক
stakeholder	স্টেকহোল্ডার
stakeholders	স্টেকহোল্ডার্জ
stakes	স্টেক্স
stall	স্টল
stalls	স্টলজ
stamford	স্ট্যামফার্ড
stamp	স্ট্যাম্প
stamped	স্ট্যাম্প্ট
stamping	স্ট্যাম্পিং
stamps	স্ট্যাম্পস
stan	স্ট্যান
stance	স্ট্যানস
stand	স্ট্যান্ড
standalone	স্ট্যান্ডালোন
standard	স্ট্যান্ডার্ড
standardization	স্ট্যান্ডারডিজেশন
standardized	স্ট্যান্ডারডাইজড
standards	স্ট্যান্ডার্ডজ
standby	স্ট্যান্ডবাই
standing	স্ট্যান্ডিং
standings	স্ট্যান্ডিংজ
standpoint	স্ট্যান্ডপয়ন্ট
stands	স্ট্যান্ডজ
stanford	স্ট্যানফার্ড
stanley	স্ট্যানলি
stanton	স্ট্যান্টন
staple	স্টেপল
staples	স্টেপলজ
star	স্টার
starbucks	স্টার্বক্স
starch	স্টার্চ
stare	স্টেয়ার
stared	স্টের্ড
stargate	স্টার্গেট
staring	স্টেরিং
stark	স্টার্ক
starr	স্টার
starring	স্টারিং
stars	স্টার্জ
start	স্টার্ট
started	স্টার্টিড
starter	স্টার্টার
starters	স্টার্টার্জ
starting	স্টার্টিং
starts	স্টার্টস
startup	স্টার্টপ
stat	স্ট্যাট
state	স্টেট
stated	স্টেটিড
statement	স্টেটমন্ট
statements	স্টেটমন্টস
staten	স্ট্যাটেন
states	স্টেটস
statesman	স্টেটস্মন
statewide	স্টেটোয়াইড
static	স্ট্যাটিক
stating	স্টেটিং
station	স্টেশন
stationary	স্টেশনেরি
stationery	স্টেশনেরি
stations	স্টেশনজ
statistic	স্টাটিস্টিক
statistical	স্টাটিস্টিকাল
statistically	স্টাটিস্টিকালি
statistics	স্টাটিস্টিক্স
stats	স্ট্যাটস
statue	স্ট্যাচু
statues	স্ট্যাচুজ
status	স্ট্যাটাস
statute	স্ট্যাচুট
statutes	স্ট্যাচুটস
statutory	স্ট্যাচাটরি
stay	স্টে
stayed	স্টেড
staying	স্টেইং
stays	স্টেজ
steadily	স্টেডিলি
steady	স্টেডি
steak	স্টেক
steaks	স্টেক্স
steal	স্টিল
stealing	স্টিলিং
steals	স্টিলজ
stealth	স্টেলথ
steam	স্টিম
steel	স্টিল
steele	স্টিল
steelers	স্টিলার্জ
steep	স্টিপ
steer	স্টির
steering	স্টিরিং
stefan	স্টেফান
stefani	স্টেফানি
stein	স্টাইন
steiner	স্টাইনার
stella	স্টেলা
stellar	স্টেলার
stem	স্টেম
stems	স্টেমজ
step	স্টেপ
stephan	স্টেফান
stephanie	স্টেফানি
stephen	স্টিভেন
stephens	স্টিভেনজ
stepped	স্টেপ্ট
stepping	স্টেপিং
steps	স্টেপস
stereo	স্টেরিও
sterile	স্টেরিল
sterling	স্টার্লিং
stern	স্টার্ন
steroid	স্টারয়ড
steroids	স্টেরয়ডজ
steve	স্টিভ
steven	স্টিভেন
stevens	স্টিভেনজ
stevenson	স্টিভেনসন
stevie	স্টিভি
stew	স্টু
stewardship	স্টুআরডশিপ
stewart	স্টুআর্ট
stick	স্টিক
sticker	স্টিকার
stickers	স্টিকার্জ
sticking	স্টিকিং
sticks	স্টিক্স
sticky	স্টিকি
stiff	স্টিফ
still	স্টিল
stills	স্টিলজ
stimulate	স্টিমিয়লেট
stimulated	স্টিমিয়লেটিড
stimulating	স্টিমিয়লেটিং
stimulation	স্টিমিয়লেশন
stimuli	স্টিমিয়লাই
stimulus	স্টিমিয়লাস
sting	স্টিং
stir	স্টার
stirling	স্টার্লিং
stirring	স্টারিং
stitch	স্টিচ
stochastic	স্টোক্যাস্টিক
stock	স্টক
stocked	স্টক্ট
stockholders	স্টকহোল্ডার্জ
stockholm	স্টকহোলম
stocking	স্টকিং
stockings	স্টকিংজ
stocks	স্টক্স
stockton	স্টক্টন
stoke	স্টোক
stokes	স্টোক্স
stole	স্টোল
stolen	স্টোলেন
stomach	স্টামাক
stone	স্টোন
stones	স্টোনজ
stony	স্টোনি
stood	স্টুড
stool	স্টুল
stools	স্টুলজ
stop	স্টপ
stopped	স্টপ্ট
stopping	স্টপিং
stops	স্টপস
storage	স্টরাজ
store	স্টর
stored	স্টর্ড
stores	স্টর্জ
storey	স্টরি
stories	স্টরিজ
storing	স্টরিং
storm	স্টর্ম
storms	স্টর্মজ
story	স্টরি
storytelling	স্টরিটেলিং
stout	স্টাউট
stove	স্টোভ
stoves	স্টোভজ
straight	স্ট্রেট
straightforward	স্ট্রেটফরোয়ার্ড
strain	স্ট্রেন
strains	স্ট্রেনজ
strait	স্ট্রেট
strand	স্ট্রান্ড
stranded	স্ট্রান্ডিড
strands	স্ট্রান্ডজ
strange	স্ট্রেন্জ
stranger	স্ট্রেন্জার
strangers	স্ট্রেন্জার্জ
strap	স্ট্রাপ
straps	স্ট্রাপস
strategic	স্ট্রাটিজিক
strategies	স্ট্রাটেজিজ
strategy	স্ট্রাটেজি
stratford	স্ট্রাটফার্ড
strauss	স্ট্রাউস
straw	স্ট্র
strawberry	স্ট্রবেরি
stray	স্ট্রে
streak	স্ট্রিক
stream	স্ট্রিম
streaming	স্ট্রিমিং
streamline	স্ট্রিমলাইন
streams	স্ট্রিমজ
street	স্ট্রিট
streets	স্ট্রিটস
strength	স্ট্রেংকথ
strengthen	স্ট্রেংথেন
strengthened	স্ট্রেংথেন্ড
strengthening	স্ট্রেংথেনিং
strengths	স্ট্রেংকথস
stress	স্ট্রেস
stressed	স্ট্রেস্ট
stresses	স্ট্রেসজ
stretch	স্ট্রেচ
stretched	স্ট্রেচট
stretches	স্ট্রেচজ
stretching	স্ট্রেচিং
strict	স্ট্রিক্ট
strictly	স্ট্রিক্টলি
strike	স্ট্রাইক
strikes	স্ট্রাইক্স
striking	স্ট্রাইকিং
string	স্ট্রিং
stringent	স্ট্রিন্জন্ট
strings	স্ট্রিংজ
strip	স্ট্রিপ
stripe	স্ট্রাইপ
striped	স্ট্রাইপ্ট
stripes	স্ট্রাইপস
stripped	স্ট্রিপ্ট
stripper	স্ট্রিপার
strippers	স্ট্রিপার্জ
stripping	স্ট্রিপিং
strips	স্ট্রিপস
strive	স্ট্রাইভ
striving	স্ট্রাইভিং
stroke	স্ট্রোক
strokes	স্ট্রোক্স
stroll	স্ট্রোল
stroller	স্ট্রোলার
strollers	স্ট্রোলার্জ
strong	স্ট্রং
stronger	স্ট্রংআর
strongest	স্ট্রংগেস্ট
strongly	স্ট্রংলি
struck	স্ট্রাক
structural	স্ট্রাকচারাল
structure	স্ট্রাকচার
structured	স্ট্রাকচার্ড
structures	স্ট্রাকচার্জ
struggle	স্ট্রাগল
struggled	স্ট্রাগল্ড
struggles	স্ট্রাগলজ
struggling	স্ট্রাগলিং
struts	স্ট্রাটস
stu	স্টু
stuart	স্টুআর্ট
stub	স্টাব
stuck	স্টাক
stud	স্টাড
student	স্টুডেন্ট
students	স্টুডেন্টস
studied	স্টাডিড
studies	স্টাডিজ
studio	স্টুডিও
studios	স্টুডিওজ
studs	স্টাডজ
study	স্টাডি
studying	স্টাডিইং
stuff	স্টাফ
stuffed	স্টাফট
stuffing	স্টাফিং
stunning	স্টানিং
stunt	স্টান্ট
stupid	স্টুপিড
sturdy	স্টার্ডি
stuttgart	স্টাটগার্ট
style	স্টাইল
styled	স্টাইল্ড
styles	স্টাইলজ
styling	স্টাইলিং
stylish	স্টাইলিশ
stylus	স্টাইলাস
su	সু
sub	সাব
subaru	সুবারু
subchapter	সাবচ্যাপ্টার
subcommittee	সাবকমিটি
subdivision	সাবডিভিজন
subdivisions	সাবডিভিজনজ
subgroup	সাবগ্রুপ
subject	সাবজেক্ট
subjected	সবজেক্টিড
subjective	সাবজেক্টিভ
subjects	সাবজেক্টস
sublime	সাবলাইম
submarine	সাবমারিন
submission	সাবমিশন
submissions	সাবমিশনজ
submit	সাবমিট
submits	সবমিটস
submitted	সবমিটিড
submitting	সাবমিটিং
subordinate	সাবর্ডিনেট
subroutine	সাব্রুটিন
subs	সাবজ
subscribe	সাবসক্রাইব
subscribed	সাবসক্রাইবড
subscriber	সাবসক্রাইবার
subscribers	সাবসক্রাইবার্জ
subscribing	সাবসক্রাইবিং
subscription	সাবসক্রিপশন
subscriptions	সাবসক্রিপশনজ
subsection	সাবসেকশন
subsequent	সাবসেকোয়ন্ট
subsequently	সাবসেকোয়ন্টলি
subset	সাবসেট
subsidiaries	সবসিডিয়েরিজ
subsidiary	সবসিডিয়েরি
subsidies	সাবসিডিজ
subsidy	সাবসিডি
substance	সাবস্টানস
substances	সাবস্টনসজ
substantial	সাবস্ট্যানশিল
substantially	সাবস্ট্যানশিলি
substantive	সাবস্টান্টিভ
substitute	সাবস্টিটিউট
substituted	সাবস্টটুটিড
substitutes	সাবস্টিটিউটস
substitution	সবস্টিটিউশন
substrate	সাবস্ট্রেট
substrates	সাবস্ট্রেটস
subsystem	সাবসিস্টেম
subtitle	সাবটাইটল
subtitles	সাবটাইটলজ
subtle	সাটল
subunit	সবিউনিট
suburb	সাবার্ব
suburban	সাবার্বান
suburbs	সাবার্বজ
subversion	সাবভার্জন
subway	সাবোয়ে
succeed	সাক্সিড
succeeded	সক্সিডিড
succeeding	সাক্সিডিং
success	সাক্সেস
successes	সক্সেসজ
successful	সাক্সেসফাল
successfully	সাক্সেসফালি
succession	সাক্সেশন
successive	সাক্সেসিভ
successor	সাক্সেসার
such	সাচ
suck	সাক
sucked	সাক্ট
sucking	সাকিং
sucks	সাক্স
suction	সাকশন
sudan	সুড্যান
sudbury	সাডবেরি
sudden	সাডেন
suddenly	সাডেনলি
sue	সু
sued	সুড
suede	সোয়েড
suffer	সাফার
suffered	সাফার্ড
suffering	সাফারিং
suffers	সাফার্জ
sufficiently	সাফিশন্টলি
suffix	সাফিক্স
suffolk	সাফক
sugar	শুগার
suggest	সাজেস্ট
suggested	সজেস্টিড
suggesting	সাজেস্টিং
suggestion	সাজেশ্চন
suggestions	সাজেশ্চনজ
suggests	সাজেস্টস
suicide	সুঅসাইড
suit	সুট
suitability	সুটাবিলিটি
suitable	সুটবল
suite	সুইট
suited	সুটিড
suites	সুইটস
suits	সুটস
sulfate	সালফেট
sulfur	সালফার
sullivan	সালিভান
sulphur	সালফার
sum	সাম
summaries	সামারিজ
summarize	সামারাইজ
summarized	সামারাইজড
summarizes	সামারাইজিজ
summary	সামারি
summer	সামার
summers	সামার্জ
summit	সামিট
sums	সামজ
sun	সান
sundance	সান্ড্যানস
sundays	সান্ডেজ
sunderland	সান্ডারলান্ড
sunflower	সানফ্লাউআর
sung	সাং
sunglasses	সানগ্ল্যাসিজ
sunlight	সানলাইট
sunny	সানি
sunrise	সানরাইজ
suns	সানজ
sunset	সানসেট
sunshine	সানশাইন
suny	সুনি
sup	সাপ
super	সুপার
superb	সাপার্ব
superficial	সুপারফিশিল
superintendent	সুপারিন্টেন্ডেন্ট
superior	সুপিরিআর
superman	সুপারমান
supermarket	সুপারমার্কেট
supermarkets	সুপারমার্কেটস
supernatural	সুপারন্যাচারাল
superstar	সুপারস্টার
superstore	সুপারস্টর
supervise	সুপারভাইজ
supervised	সুপারভাইজড
supervising	সুপারভাইজিং
supervision	সুপারভিজন
supervisor	সুপারভাইজার
supervisors	সুপারভাইজার্জ
supervisory	সুপারভাইজারি
supper	সাপার
supplement	সাপলেমেন্ট
supplemental	সপলেমেন্টাল
supplementary	সপলেমেন্টারি
supplemented	সপলমেন্টিড
supplements	সাপলেমেন্টস
supplied	সাপলাইড
supplier	সপলাইআর
suppliers	সপলাইআর্জ
supplies	সাপলাইজ
supply	সাপলাই
supplying	সাপলাইইং
support	সাপর্ট
supported	সপর্টিড
supporter	সাপর্টার
supporters	সাপর্টার্জ
supporting	সাপর্টিং
supportive	সাপর্টিভ
supports	সাপর্টস
suppose	সাপোজ
supposed	সাপোজড
supposedly	সাপোজেডলি
suppress	সাপ্রেস
suppressed	সাপ্রেস্ট
suppression	সাপ্রেশন
supra	সুপ্রা
supreme	সাপ্রিম
sur	সার
surcharge	সারচার্জ
sure	শুর
surely	শুর্লি
surf	সার্ফ
surface	সার্ফাস
surfaces	সার্ফসজ
surfer	সার্ফার
surfers	সার্ফার্জ
surfing	সার্ফিং
surge	সার্জ
surgeon	সার্জন
surgeons	সার্জনজ
surgery	সার্জারি
surgical	সার্জিকাল
suriname	সারিনাম
surname	সার্নেম
surnames	সার্নেমজ
surplus	সার্প্লাস
surprise	সারপ্রাইজ
surprised	সারপ্রাইজড
surprises	সারপ্রাইজিজ
surprising	সারপ্রাইজিং
surprisingly	সারপ্রাইজিংলি
surrender	সারেন্ডার
surrey	সারি
surround	সারাউন্ড
surrounded	সারাউন্ডিড
surrounding	সারাউন্ডিং
surroundings	সারাউন্ডিংজ
surrounds	সারাউন্ডজ
surveillance	সারভেলানস
survey	সারভে
surveyed	সারভেড
surveying	সারভেইং
surveyor	সারভেআর
surveyors	সারভেআর্জ
surveys	সারভেজ
survival	সারভাইভাল
survive	সারভাইভ
survived	সারভাইভড
surviving	সারভাইভিং
survivor	সারভাইভার
survivors	সারভাইভার্জ
sus	সাস
susan	সুজান
susceptibility	সাসেপ্টিবিলিটি
susceptible	সসেপ্টবল
sushi	সুশি
susie	সুজি
suspect	সাসপেক্ট
suspected	সসপেক্টিড
suspects	সাসপেক্টস
suspend	সাসপেন্ড
suspended	সসপেন্ডিড
suspense	সাসপেনস
suspension	সাসপেনশন
suspicion	সাসপিশন
suspicious	সাসপিশিস
sussex	সাসেক্স
sustain	সাস্টেন
sustainability	সাস্টেনাবিলিটি
sustainable	সস্টেনবল
sustained	সাস্টেন্ড
sustaining	সাস্টেনিং
sutherland	সাদারলান্ড
sutton	সাটন
suv	এসিউভি
suvs	এসিউভিজ
suzanne	সুজ্যান
suzuki	সাজুকি
sven	স্ভেন
svenska	স্ভেনস্কা
swallow	সোয়ালো
swallowing	সোয়ালোইং
swamp	সোয়াম্প
swan	সোয়ান
swap	সোয়াপ
swapping	সোয়াপিং
swarovski	সোয়ারভস্কি
swaziland	সোয়াজিলান্ড
swear	সোয়ের
sweat	সোয়েট
sweater	সোয়েটার
sweaters	সোয়েটার্জ
sweatshirt	সোয়েটশার্ট
sweatshirts	সোয়েটশার্টস
sweden	সুইডেন
swedish	সুইডিশ
sweeney	সুইনি
sweep	সুইপ
sweeping	সুইপিং
sweepstakes	সুইপস্টেক্স
sweet	সুইট
sweetheart	সুইটহার্ট
sweets	সুইটস
swell	সোয়েল
swelling	সোয়েলিং
swept	সোয়েপ্ট
swift	সুইফট
swim	সুইম
swimming	সুইমিং
swimsuit	সুইমসুট
swimwear	সুইমোয়ের
swing	সুইং
swinger	সুইংআর
swingers	সুইংআর্জ
swinging	সুইংইং
swings	সুইংজ
swiss	সুইস
switch	সুইচ
switchboard	সুইচবর্ড
switched	সুইচট
switches	সুইচজ
switching	সুইচিং
switzerland	সুইটসারলান্ড
swivel	সুইভেল
sword	সর্ড
swords	সর্ডজ
sworn	সোয়র্ন
sy	সাই
sybase	সাইবেস
syllabus	সিলাবাস
sylvia	সিলভিয়া
symantec	সিম্যান্টেক
symbol	সিমবল
symbolic	সিমবলিক
symbols	সিমবলজ
symmetric	সিমেট্রিক
symmetry	সিমেট্রি
sympathetic	সিম্পাথেটিক
sympathy	সিম্পাথি
symphony	সিমফনি
symposium	সিম্পোজিয়াম
symptom	সিম্প্টম
symptoms	সিম্প্টমজ
syn	সিন
sync	সিংক
synchronization	সিংক্রনিজেশন
synchronized	সিংক্রনাইজড
synchronous	সিংক্রনস
syndicate	সিন্ডিকাট
syndicated	সিন্ডিকেটিড
syndication	সিন্ডিকেশন
syndrome	সিন্ড্রোম
synergy	সিনারজি
synonym	সিননিম
synonyms	সিননিমস
synopsis	সিনপসিস
syntax	সিন্ট্যাক্স
synthesis	সিনথেসিস
synthetic	সিনথেটিক
syracuse	সিরাকিউজ
syria	সিরিয়া
syrian	সিরিয়ান
syrup	সারাপ
system	সিস্টেম
systematic	সিস্টেম্যাটিক
systematically	সিস্টম্যাটিকলি
systemic	সিস্টেমিক
systems	সিস্টেমজ
t	টি
tab	ট্যাব
tables	টেবলজ
tablespoons	টেবেলস্পুনজ
tablet	ট্যাবলেট
tabletop	টেবেল্টপ
tablets	ট্যাবলেটস
tableware	টেবেলোয়ের
taboo	ট্যাবু
tabs	ট্যাবজ
tac	টিএসি
tack	ট্যাক
tackle	ট্যাকল
tackles	ট্যাকলজ
tackling	ট্যাকলিং
taco	টোকো
tacoma	টাকোমা
tactic	ট্যাক্টিক
tactical	ট্যাক্টিকাল
tactics	ট্যাক্টিক্স
tad	ট্যাড
tag	ট্যাগ
tagged	ট্যাগড
tagging	ট্যাগিং
tags	ট্যাগজ
tahiti	টাহিটি
tahoe	ট্যাহো
tail	টেল
tailed	টেল্ড
tailor	টেলার
tailored	টেলার্ড
tails	টেলজ
taipei	টাইপে
taiwan	টাইওয়ান
taj	টাজ
tajikistan	টাজিকিস্ট্যান
taken	টেকেন
takeover	টেকোভার
takes	টেক্স
taking	টেকিং
tal	টাল
talbot	ট্যালবট
tale	টেল
talent	ট্যালেন্ট
talented	ট্যালন্টিড
talents	ট্যালেন্টস
tales	টেলজ
taliban	ট্যালিব্যান
talk	টক
talkback	টকব্যাক
talked	টক্ট
talking	টকিং
talks	টক্স
tall	টল
tallahassee	ট্যালাহ্যাসি
tally	ট্যালি
tam	ট্যাম
tamil	টামিল
tammy	ট্যামি
tampa	ট্যাম্পা
tan	ট্যান
tandem	ট্যান্ডেম
tang	ট্যাং
tangible	ট্যান্জবল
tango	ট্যাংগো
tank	ট্যাংক
tanks	ট্যাংক্স
tanned	ট্যান্ড
tanner	ট্যানার
tanning	ট্যানিং
tanya	টানিয়া
tanzania	ট্যানজেনিয়া
tap	ট্যাপ
tape	টেপ
tapes	টেপস
tapestry	ট্যাপেস্ট্রি
tapped	ট্যাপ্ট
tapping	ট্যাপিং
taps	ট্যাপস
target	টার্গেট
targeted	টার্গটিড
targeting	টার্গেটিং
targets	টার্গেটস
tariff	টেরিফ
tariffs	টেরিফস
tarot	ট্যারো
task	ট্যাসক
tasks	ট্যাসক্স
tasmania	ট্যাজমেনিয়া
taste	টেস্ট
tastes	টেস্টস
tasting	টেস্টিং
tasty	টেস্টি
tata	টাটা
tattoo	ট্যাটু
tattoos	ট্যাটুজ
taught	টট
taurus	টরাস
tavern	ট্যাভার্ন
tax	ট্যাক্স
taxable	ট্যাক্সবল
taxation	ট্যাক্সেশন
taxes	ট্যাক্সজ
taxi	ট্যাক্সি
taxis	ট্যাক্সিজ
taxonomy	ট্যাক্সনমি
taxpayer	ট্যাক্স্পেআর
taxpayers	ট্যাক্স্পেআর্জ
taylor	টেলার
tb	টিবি
tea	টি
teach	টিচ
teacher	টিচার
teachers	টিচার্জ
teaches	টিচজ
teaching	টিচিং
teachings	টিচিংজ
teak	টিক
teal	টিল
team	টিম
teamed	টিমড
teams	টিমজ
teamwork	টিমোয়ার্ক
tear	টেয়ার
tears	টের্জ
teas	টিজ
tease	টিজ
teaspoon	টিসপুন
tec	টেক
tech	টেক
technical	টেকনিকাল
technically	টেকনিকালি
technician	টেকনিশন
technicians	টেকনিশনজ
technics	টেকনিক্স
technique	টেকনিক
techniques	টেকনিক্স
techno	টেকনো
technological	টেকনলজিকাল
technologies	টেকনলজিজ
technology	টেকনলজি
techs	টেক্স
ted	টেড
teddy	টেডি
tee	টি
teen	টিন
teenage	টিনেজ
teenager	টিনেজার
teenagers	টিনেজার্জ
teens	টিনজ
tees	টিজ
teeth	টিথ
tehran	টেরান
tek	টেক
tel	টেল
tele	টেলি
telecom	টেলেকম
telecommunication	টেলেকমিউনিকেশন
telecommunications	টেলেকমিউনিকেশনজ
telecoms	টেলেকমজ
telegraph	টেলেগ্রাফ
telephone	টেলেফোন
telephones	টেলেফোনজ
telephony	টেলেফোনি
telescope	টেলেস্কোপ
telescopes	টেলেস্কোপস
television	টেলেভিজন
televisions	টেলেভিজনজ
tell	টেল
teller	টেলার
telling	টেলিং
tells	টেলজ
telstra	টেলস্ট্রা
temp	টেম্প
tempe	টেম্পি
temper	টেম্পার
temperature	টেম্প্রচার
temperatures	টেম্প্রচার্জ
template	টেম্প্লাট
templates	টেম্প্লাটস
temple	টেম্পল
temples	টেম্পলজ
tempo	টেম্পো
temporal	টেম্পারাল
temporarily	টেম্পারেরিলি
temporary	টেম্পারেরি
temps	টেম্পস
temptation	টেমটেশন
tempted	টেম্প্টিড
ten	টেন
tenacious	টেনেশিস
tenant	টেনান্ট
tenants	টেনান্টস
tend	টেন্ড
tended	টেন্ডিড
tendency	টেন্ডেনসি
tender	টেন্ডার
tenders	টেন্ডার্জ
tends	টেন্ডজ
tennessee	টেনেসি
tennis	টেনিস
tenor	টেনার
tens	টেনজ
tense	টেনস
tension	টেনশন
tensions	টেন্চনজ
tent	টেন্ট
tentative	টেন্টাটিভ
tenth	টেনথ
tents	টেন্টস
tenure	টেনিয়ার
ter	টার
teresa	টারিসা
term	টার্ম
termed	টার্মড
terminal	টার্মিনাল
terminals	টার্মিনালজ
terminate	টার্মিনেট
terminated	টার্মনেটিড
termination	টারমিনেশন
terminator	টার্মিনেটার
terminology	টার্মিনলজি
terms	টার্মজ
terra	টেরা
terrace	টেরাস
terrain	টারেন
terre	টেরা
terrestrial	টারেস্ট্রিয়াল
terri	টেরি
terrible	টেরবল
terribly	টেরিবলি
terrier	টেরিআর
terrific	টারিফিক
territorial	টেরিটরিয়াল
territories	টেরিটরিজ
territory	টেরিটরি
terror	টেরার
terrorism	টেরারিজম
terrorist	টেরারিস্ট
terrorists	টেরারিস্টস
terry	টেরি
tertiary	টার্শারি
tesco	টেস্কো
test	টেস্ট
testament	টেস্টামেন্ট
tested	টেস্টিড
tester	টেস্টার
testers	টেস্টার্জ
testified	টেস্টিফাইড
testify	টেস্টিফাই
testimonials	টেস্টমোনিয়ালজ
testimony	টেস্টিমোনি
testing	টেস্টিং
testosterone	টেস্টস্টারোন
tests	টেস্টস
tex	টেক্স
texans	টেক্সানজ
texas	টেক্সাস
text	টেক্স্ট
textbook	টেক্স্টবুক
textbooks	টেক্স্টবুক্স
textile	টেক্স্টাইল
textiles	টেক্স্টাইলজ
texts	টেক্স্টস
textual	টেক্স্চুঅল
texture	টেক্স্চার
textured	টেক্স্চার্ড
textures	টেক্স্চার্জ
th	টিএচ
thai	টাই
thailand	টাইল্যান্ড
thames	টেমজ
than	দ্যান
thanked	থ্যাংক্ট
thankful	থ্যাংকফাল
thanksgiving	থ্যাংক্সগিভিং
that	দ্যাট
theater	থিয়াটার
theaters	থিয়াটার্জ
theatre	থিয়াটার
theatres	থিয়াটার্জ
theatrical	থিঅ্যাট্রিকল
thee	দি
theft	থেফট
theirs	দের্জ
them	দেম
thematic	থিম্যাটিক
theme	থিম
themed	থিমড
themes	থিমজ
themselves	দেমসেলভজ
then	দেন
thence	দেনস
theo	থিও
theodore	থিয়াডর
theological	থিয়ালোজিকল
theology	থিয়লজি
theorem	থিরেম
theoretical	থিআরেটিকল
theories	থিরিজ
theory	থিরি
therapeutic	থেরাপিউটিক
therapies	থেরাপিজ
therapist	থেরাপিস্ট
therapists	থেরাপিস্টস
therapy	থেরাপি
thereafter	দেরাফটার
thereby	দের্বাই
therefore	দের্ফর
therein	দেরিন
thereof	দেরাভ
thereon	দেরন
theresa	টারিসা
thereto	দের্টু
thermal	থার্মাল
thermometer	থারমমেটার
thesaurus	থেসরাস
these	দিজ
theses	থিসিজ
thesis	থিসিস
theta	থেটা
they	দে
thick	থিক
thickness	থিকনেস
thief	থিফ
thieves	থিভজ
thigh	থাই
thighs	থাইজ
thin	থিন
thing	থিং
things	থিংজ
think	থিংক
thinking	থিংকিং
thinkpad	থিংকপ্যাড
thinks	থিংক্স
third	থার্ড
thirds	থার্ডজ
thirteen	থার্টিন
thirty	থার্ডি
this	দিস
thistle	থিসল
tho	দো
thomas	টমাস
thompson	টম্পসন
thomson	টমসন
thong	থং
thor	থর
thornton	থর্ন্টন
thorough	থারো
thoroughly	থারোলি
those	দোজ
thou	দাউ
though	দো
thought	থট
thoughtful	থটফাল
thoughts	থটস
thousand	থাউজান্ড
thousands	থাউজান্ডজ
thread	থ্রেড
threaded	থ্রেডিড
threads	থ্রেডজ
threat	থ্রেট
threaten	থ্রেটেন
threatened	থ্রেটেন্ড
threatening	থ্রেটেনিং
threatens	থ্রেটেনজ
threats	থ্রেটস
three	থ্রি
threesome	থ্রিসম
threshold	থ্রেশোল্ড
thresholds	থ্রেশোল্ডজ
threw	থ্রু
thrice	থ্রাইস
thrill	থ্রিল
thrilled	থ্রিল্ড
thriller	থ্রিলার
thrillers	থ্রিলার্জ
thrive	থ্রাইভ
throat	থ্রোট
throne	থ্রোন
throttle	থ্রোটল
through	থ্রু
throughout	থ্রুআউট
throughput	থ্রুপুট
throw	থ্রো
throwing	থ্রোইং
thrown	থ্রোন
throws	থ্রোজ
thru	থ্রু
thrust	থ্রাস্ট
ths	থ্স
thug	থাগ
thumb	থাম
thumbnail	থামনেল
thumbs	থামজ
thunder	থান্ডার
thunderbird	থান্ডারবার্ড
thursdays	থার্জডেজ
thus	দাস
thy	দাই
thyroid	থাইরয়ড
tia	টিয়া
tibet	টিবেট
tibetan	টিবেটান
tic	টিক
tick	টিক
ticker	টিকার
ticket	টিকেট
ticketmaster	টিকেটম্যাস্টার
tickets	টিকেটস
tidal	টাইডাল
tide	টাইড
tides	টাইডজ
tidy	টাইডি
tie	টাই
tied	টাইড
tier	টির
ties	টাইজ
tiff	টিফ
tiffany	টিফানি
tiger	টাইগার
tigers	টাইগার্জ
tight	টাইট
tightly	টাইটলি
tights	টাইটস
tiki	টিকি
til	টিল
tile	টাইল
tiles	টাইলজ
till	টিল
tilt	টিল্ট
tim	টিম
timber	টিমবার
timberland	টিমবারল্যান্ড
time	টাইম
timed	টাইমড
timeless	টাইমলস
timeline	টাইমলাইন
timeliness	টাইমলিনস
timely	টাইমলি
timeout	টাইমাউট
timer	টাইমার
timers	টাইমার্জ
times	টাইমজ
timeshare	টাইমশেয়ার
timetable	টাইমটেবাল
timezone	টাইমজোন
timing	টাইমিং
timor	টিমর
timothy	টিমথি
tina	টিনা
tiny	টাইনি
tip	টিপ
tipping	টিপিং
tips	টিপস
tire	টাইআর
tired	টাইআর্ড
tires	টাইআর্জ
tis	টিজ
tissue	টিসিউ
tissues	টিসিউজ
tit	টিট
titan	টাইটান
titanic	টাইট্যানিক
titanium	টাইটেনিয়াম
titans	টাইটানজ
title	টাইটল
titled	টাইটল্ড
titles	টাইটলজ
tits	টিটস
titus	টাইটাস
tivo	টিভো
tivoli	টিভলি
tlc	টিএলসি
toast	টোস্ট
toaster	টোস্টার
tobacco	টব্যাকো
tobago	টবেগো
toby	টোবি
todays	টডেজ
todd	টড
toddler	টডলার
toddlers	টডলার্জ
todo	টুডু
todos	টুডুজ
toe	টো
toes	টোজ
together	টগেদার
toggle	টোগল
togo	টোগো
toilet	টয়লেট
toilets	টয়লেটস
token	টোকেন
tokens	টোকেনজ
told	টোল্ড
toledo	টলিডো
tolerance	টলারানস
tolerant	টলারান্ট
tolerate	টলারেট
tolerated	টোলারেটিড
tolkien	টলকিয়েন
toll	টোল
tom	টম
tomato	টমেটো
tomatoes	টমেটোজ
tomb	টুম
tomcat	টমক্যাট
tome	টোম
tommy	টমি
ton	টান
tone	টোন
toner	টোনার
tones	টোনজ
tonga	টনগা
tongue	টাং
toni	টোনি
tonnes	টানজ
tons	টানজ
tony	টোনি
too	টু
took	টুক
tool	টুল
toolbar	টুলবোর
toolbox	টুলবক্স
tools	টুলজ
toon	টুন
tooth	টুথ
top	টপ
topaz	টোপ্যাজ
topeka	টপিকা
topic	টপিক
topical	টপিকাল
topics	টপিক্স
topless	টপলেস
topographic	টপগ্রাফিক
topology	টপলজি
topped	টপ্ট
topps	টপস
tops	টপস
tor	টর
torah	টরা
torch	টর্চ
tori	টরি
torino	টরিনো
torn	টর্ন
tornado	টর্নেডো
toronto	টারন্টো
torque	টর্ক
torrent	টরেন্ট
torres	টরেজ
torso	টর্সো
tort	টর্ট
torture	টর্চার
tortured	টর্চার্ড
tory	টরি
toshiba	টোশিবা
toss	টস
tossed	টস্ট
tot	টট
total	টোটাল
totaling	টোটালিং
totally	টোটালি
totals	টোটালজ
tote	টোট
touch	টাচ
touchdown	টাচডাউন
touched	টাচট
touches	টাচজ
touching	টাচিং
tough	টাফ
toulouse	টুলুজ
tour	টুর
touring	টুরিং
tourism	টুরিজম
tourist	টুরিস্ট
tourists	টুরিস্টস
tournament	টুর্নামেন্ট
tournaments	টার্নামেন্টস
tours	টুর্জ
tout	টাউট
tow	টো
toward	টওয়ার্ড
towards	টওয়ার্ডজ
towel	টাউএল
towels	টাউএলজ
tower	টাউআর
towers	টাউআর্জ
towing	টোইং
town	টাউন
townhouse	টাউনহাউস
towns	টাউনজ
townsend	টাউনজেন্ড
township	টাউনশিপ
toxic	টক্সিক
toxicity	টক্সিসিটি
toxicology	টক্সিকলজি
toxins	টক্সিনজ
toy	টয়
toyota	টোইয়োটা
toys	টয়জ
trac	ট্রাক
trace	ট্রেস
traced	ট্রেস্ট
traces	ট্রেসজ
tracey	ট্রেসি
tracing	ট্রেসিং
track	ট্রাক
tracked	ট্রাক্ট
tracker	ট্রাকার
tracking	ট্রাকিং
tracks	ট্রাক্স
tract	ট্রাক্ট
traction	ট্রাকশন
tractor	ট্রাক্টার
tractors	ট্রাক্টার্জ
tracy	ট্রেসি
trade	ট্রেড
traded	ট্রেডিড
trademark	ট্রেডমার্ক
trademarks	ট্রেডমার্ক্স
trader	ট্রেডার
traders	ট্রেডার্জ
trades	ট্রেডজ
trading	ট্রেডিং
tradition	ট্রাডিশন
traditional	ট্রাডিশনাল
traditionally	ট্রাডিশনালি
traditions	ট্রাডিশনজ
traffic	ট্রাফিক
trafficking	ট্রাফিকিং
tragedy	ট্রাজেডি
tragic	ট্রাজিক
trail	ট্রেল
trailer	ট্রেলার
trailers	ট্রেলার্জ
trailing	ট্রেলিং
trails	ট্রেলজ
train	ট্রেন
trained	ট্রেন্ড
trainee	ট্রেনি
trainees	ট্রেনিজ
trainer	ট্রেনার
trainers	ট্রেনার্জ
training	ট্রেনিং
trains	ট্রেনজ
trait	ট্রেট
traits	ট্রেটস
trajectory	ট্রাজেক্টারি
tran	ট্রান
trance	ট্রানস
trans	ট্রানজ
transaction	ট্রানজ্যাকশন
transactions	ট্রানজ্যাকশনজ
transcend	ট্রানসেন্ড
transcribed	ট্রানসক্রাইবড
transcript	ট্রানসক্রিপ্ট
transcription	ট্রানসক্রিপশন
transcripts	ট্রানসক্রিপ্টস
transfer	ট্রানসফার
transferable	ট্রানসফারবল
transferred	ট্রানসফার্ড
transferring	ট্রানসফারিং
transfers	ট্রানসফার্জ
transform	ট্রানসফর্ম
transformation	ট্রানসফারমেশন
transformations	ট্রানসফারমেশনজ
transformed	ট্রানসফর্মড
transformer	ট্রানসফর্মার
transformers	ট্রানসফর্মার্জ
transforming	ট্রানসফর্মিং
transforms	ট্রানসফর্মজ
transgender	ট্রানজজেন্ডার
transient	ট্রানজন্ট
transistor	ট্রানজিস্টার
transit	ট্রানজিট
transition	ট্রানজিশন
transitional	ট্রানসিশনাল
transitions	ট্রানজিশনজ
translate	ট্রানজলেট
translated	ট্রানজলেটিড
translates	ট্রানজলেটস
translating	ট্রানজলেটিং
translation	ট্রানজলেশন
translations	ট্রানজলেশনজ
translator	ট্রানস্লেটার
translators	ট্রানস্লেটার্জ
transmission	ট্রানস্মিশন
transmissions	ট্রানজমিশনজ
transmit	ট্রানজমিট
transmitted	ট্রানস্মিটিড
transmitter	ট্রানস্মিটার
transmitting	ট্রানস্মিটিং
transnational	ট্রানস্ন্যাশনাল
transparency	ট্রানস্পেরেনসি
transparent	ট্রানস্পেরেন্ট
transplant	ট্রানসপ্ল্যান্ট
transplantation	ট্রানজপ্ল্যান্টেশন
transport	ট্রানস্পর্ট
transportation	ট্রানস্পারটেশন
transported	ট্রানস্পর্টিড
transporter	ট্রানস্পর্টার
transporting	ট্রানস্পর্টিং
transsexual	ট্রানসেকশিউঅল
transverse	ট্রানজভার্স
transvestite	ট্রানজভেস্টাইট
transvestites	ট্রানজভেস্টাইটস
trap	ট্রাপ
trapped	ট্রাপ্ট
traps	ট্রাপস
trash	ট্রাশ
trauma	ট্রমা
traumatic	ট্রাম্যাটিক
travel	ট্রাভেল
traveled	ট্রাভেল্ড
traveler	ট্রাভেলার
travelers	ট্রাভেলার্জ
traveling	ট্রাভেলিং
travelled	ট্রাভেল্ড
traveller	ট্রাভেলার
travellers	ট্রাভেলার্জ
travelling	ট্রাভেলিং
travelocity	ট্রাভেলসিটি
travelodge	ট্রাভেলজ
travels	ট্রাভেলজ
traverse	ট্রাভার্স
travis	ট্রাভিস
tray	ট্রে
trays	ট্রেজ
tread	ট্রেড
treadmill	ট্রেডমিল
treasure	ট্রেজার
treasurer	ট্রেজারার
treasures	ট্রেজার্জ
treasury	ট্রেজারি
treat	ট্রিট
treated	ট্রিটিড
treaties	ট্রিটিজ
treating	ট্রিটিং
treatment	ট্রিটমেন্ট
treatments	ট্রিটমেন্টস
treats	ট্রিটস
treaty	ট্রিটি
tree	ট্রি
trees	ট্রিজ
trek	ট্রেক
trekking	ট্রেকিং
tremendous	ট্রেমেন্ডস
trench	ট্রেন্চ
trend	ট্রেন্ড
trends	ট্রেন্ডজ
trendy	ট্রেন্ডি
trent	ট্রেন্ট
trenton	ট্রেন্টন
trevor	ট্রেভার
tri	ট্রাই
trial	ট্রাইঅল
trials	ট্রাইঅলজ
triangle	ট্রাইঅ্যাংগল
tribal	ট্রাইবাল
tribe	ট্রাইব
tribes	ট্রাইবজ
tribunal	ট্রিবিউনাল
tribune	ট্রিবিউন
tribute	ট্রিবিউট
trick	ট্রিক
tricks	ট্রিক্স
tricky	ট্রিকি
tried	ট্রাইড
tries	ট্রাইজ
trigger	ট্রিগার
triggered	ট্রিগার্ড
triggers	ট্রিগার্জ
trillion	ট্রিলিয়ন
trilogy	ট্রিলজি
trim	ট্রিম
trimmed	ট্রিমড
trinidad	ট্রিনিড্যাড
trinity	ট্রিনিটি
trio	ট্রিও
trip	ট্রিপ
triple	ট্রিপল
tripod	ট্রাইপড
trips	ট্রিপস
trish	ট্রিশ
tristan	ট্রিস্ট্যান
triumph	ট্রাইঅমফ
trivia	ট্রিভিয়া
trivial	ট্রিভিয়াল
trojan	ট্রোজন
trojans	ট্রোজনজ
troll	ট্রোল
trolley	ট্রলি
troop	ট্রুপ
troops	ট্রুপস
trophy	ট্রোফি
tropical	ট্রপিকাল
trouble	ট্রাবল
troubled	ট্রাবল্ড
troubles	ট্রাবলজ
troubleshooting	ট্রাবেলশুটিং
trousers	ট্রাউজার্জ
trout	ট্রাউট
troy	ট্রয়
truck	ট্রাক
trucking	ট্রাকিং
trucks	ট্রাক্স
true	ট্রু
truly	ট্রুলি
truman	ট্রুমান
trump	ট্রাম্প
trumpet	ট্রাম্পেট
trunk	ট্রাংক
trust	ট্রাস্ট
trusted	ট্রাস্টিড
trustee	ট্রস্টি
trustees	ট্রস্টিজ
trusts	ট্রাস্টস
truth	ট্রুথ
truths	ট্রুথস
try	ট্রাই
trying	ট্রাইইং
ts	টিএস
tsunami	ট্সুনামি
tu	টিউ
tub	টাব
tube	টিউব
tuberculosis	টাবার্কিয়লোসিস
tubes	টিউবজ
tubing	টিউবিং
tubs	টাবজ
tubular	টিউবিয়লার
tuck	টাক
tucker	টাকার
tucson	টিউসন
tue	টিউ
tuesdays	টিউজডেজ
tuition	টিউইশন
tulip	টিউলিপ
tulsa	টালসা
tumble	টামবল
tummy	টামি
tumor	টিউমার
tumors	টিউমার্জ
tuna	টিউনা
tune	টিউন
tuned	টিউন্ড
tuner	টিউনার
tunes	টিউনজ
tungsten	টাংস্টেন
tuning	টিউনিং
tunisia	টিউনিজা
tunnel	টানেল
tunnels	টানেলজ
turbine	টার্বাইন
turbo	টার্বো
turbulence	টার্বিয়লেনস
turf	টার্ফ
turin	টিউরিন
turismo	টুরিসমো
turkey	টার্কি
turkish	টার্কিশ
turkmenistan	টার্কমেনিস্ট্যান
turks	টার্ক্স
turn	টার্ন
turnaround	টার্নারাউন্ড
turned	টার্ন্ড
turner	টার্নার
turning	টার্নিং
turnout	টার্নাউট
turnover	টার্নোভার
turns	টার্নজ
turquoise	টার্কোয়য়জ
turtle	টার্টল
turtles	টার্টলজ
tuscany	টাস্কানি
tutor	টিউটার
tutorial	টুটরিয়াল
tutorials	টুটরিয়ালজ
tutoring	টিউটারিং
tutors	টিউটার্জ
tuvalu	টিউভালু
tv	টিভি
tvs	টিভিজ
twain	টোয়েন
tweak	টুইক
tweed	টুইড
twelve	টোয়েলভ
twentieth	টোয়েন্টিয়াথ
twenty	টোয়েন্টি
twice	টোয়াইস
twilight	টোয়াইলাইট
twin	টুইন
twink	টুইংক
twins	টুইনজ
twist	টুইস্ট
twisted	টুইস্টিড
two	টু
ty	টাই
tycoon	টাইকুন
tying	টাইইং
tyler	টাইলার
tyne	টাইন
type	টাইপ
typed	টাইপ্ট
types	টাইপস
typical	টিপিকাল
typically	টিপিকলি
typing	টাইপিং
typo	টাইপো
tyranny	টিরানি
tyre	টাইর
tyres	টাইআর্জ
tyson	টাইসন
u	ইউ
uber	ইউবার
ubiquitous	ইউবিকুইটস
ubuntu	উবুটিউ
ufo	ইউএফো
uganda	ইউগ্যান্ডা
ugly	আগলি
uh	আ
ui	ইউআই
uk	ইউকে
ukraine	ইউক্রেন
ukrainian	ইউক্রেনিয়ান
ul	ইউএল
ulster	আলস্টার
ultima	আল্টিমা
ultimate	আল্টিমাট
ultimately	আল্টমটলি
ultra	আল্ট্রা
ultrasonic	অল্ট্রাসনিক
ultrasound	অল্ট্রাসাউন্ড
ultraviolet	অল্ট্রভাইঅলিট
um	আম
uma	ইউমা
umbrella	আমব্রেলা
un	আন
una	উনা
unable	অনেবল
unabridged	অনাব্রিজড
unacceptable	অন্যাক্সেপ্টবল
unanimous	ইউন্যানিমস
unanimously	ইউন্যানিমসলি
unanswered	অন্যানসার্ড
unauthorized	আনথারাইজড
unavailable	অনভেলবল
unaware	অনাওয়ের
unbelievable	অনবলিভবল
unbiased	অনবাইঅস্ট
uncensored	আনসেনসার্ড
uncertain	আনসার্টান
uncertainties	আনসার্টান্টিজ
uncertainty	আনসার্টান্টি
unchanged	আন্চেন্জড
unclassified	আনক্ল্যাসিফাইড
uncle	আংকল
unclear	আনক্লির
uncomfortable	অনকামফারটবল
uncommon	আনকমন
unconscious	অনকনশিস
uncover	আনকাভার
uncovered	আনকাভার্ড
uncut	অনকাট
und	আন্ড
undefined	অন্ডেফাইন্ড
under	আন্ডার
underage	আন্ডারাজ
undercover	অন্ডারকাভার
undergo	অন্ডারগো
undergoing	অন্ডারগোইং
undergraduate	অন্ডারগ্রাজওয়ট
undergraduates	অন্ডারগ্রাজওয়টস
underground	আন্ডারগ্রাউন্ড
underline	আন্ডারলাইন
underlined	আন্ডারলাইন্ড
underlying	অন্ডারলাইইং
undermine	আন্ডারমাইন
underneath	অন্ডারনিথ
understand	অন্ডারস্ট্যান্ড
understandable	অন্ডারস্ট্যান্ডবল
understanding	অন্ডারস্ট্যান্ডিং
understands	অন্ডারস্ট্যান্ডজ
understood	অন্ডারস্টুড
undertake	আন্ডারটেক
undertaken	আন্ডারটেকেন
undertaking	আন্ডারটেকিং
underwater	আন্ডারোয়াটার
underway	অন্ডারোয়ে
underwear	আন্ডারোয়ের
underwood	আন্ডারুড
underworld	আন্ডারোয়ার্ল্ড
underwriting	আন্ডাররাইটিং
undo	আন্ডু
undoubtedly	আন্ডাউটেডলি
unemployed	অনেম্প্লয়ড
unemployment	অনেম্প্লয়মেন্ট
unesco	ইউনেস্কো
unexpected	অনিক্স্পেক্টিড
unfair	আনফেয়ার
unfamiliar	অনফামিলিয়ার
unfinished	আনফিনিশট
unforgettable	অনফারগেটবল
unfortunate	আনফর্চনাট
unfortunately	অনফর্চনটলি
unhappy	আনহ্যাপি
uni	ইউনি
unicef	ইউনিসেফ
unidentified	অনাইডেন্টিফাইড
unified	ইউনিফাইড
uniform	ইউনিফর্ম
uniformly	ইউনিফর্মলি
uniforms	ইউনিফর্মজ
uninstall	অনিনস্টল
uninsured	অনিনশুর্ড
union	ইউনিয়ন
unions	ইউনিয়নজ
unique	ইউনিক
uniquely	ইউনিকলি
unisex	ইউনিসেক্স
unit	ইউনিট
unite	ইউনাইট
united	ইউনাইটিড
units	ইউনিটস
unity	ইউনিটি
universal	ইউনিভার্সাল
universe	ইউনিভার্স
universities	ইউনিভার্সিটিজ
unix	ইউনিক্স
unknown	আননোন
unlawful	আনলফাল
unleashed	আনলিশট
unless	আনলেস
unlike	আনলাইক
unlikely	অনলাইকলি
unlimited	অনলিমটিড
unlock	আনলক
unlocked	আনলক্ট
unlocking	আনলকিং
unnamed	আননেমড
unnecessary	আননেসেসেরি
uno	আনো
unofficial	অনফিশিল
unpaid	আনপেড
unpleasant	আনপ্লেজান্ট
unprecedented	অনপ্রেসিডেন্টিড
unpredictable	অনপ্রিডিক্টবল
unpublished	আনপাবলিশট
unrated	অনরেটিড
unread	আনরেড
unreal	আনরিল
unreasonable	আনরিজনবাল
unregistered	আনরেজিস্টার্ড
unrelated	অনরিলেটিড
unresolved	আনরেজলভড
unrestricted	অনরিস্ট্রিক্টিড
unsafe	আনসেফ
unsecured	অনসেকিউর্ড
unseen	আনসিন
unsigned	আনসাইন্ড
unsolicited	অনসলিসিটিড
unspecified	আনস্পেসিফাইড
unstable	অনস্টেবল
unsubscribe	আনসাবসক্রাইব
unsuccessful	অনসাক্সেসফাল
unsupported	অনসপর্টিড
unsure	আনশুর
until	আন্টিল
unto	আন্টু
unused	আনিউজড
unusual	অনিউজুঅল
unusually	অনিউজুঅলি
unveiled	আনভেল্ড
unveils	আনভেলজ
unwanted	অনোয়ন্টিড
unwilling	আনুইলিং
unwrap	আনরাপ
up	আপ
upcoming	আপকমিং
update	আপডেট
updated	অপডেটিড
updates	আপডেটস
updating	আপডেটিং
upgrade	আপগ্রেড
upgraded	অপগ্রেডিড
upgrades	আপগ্রেডজ
upgrading	আপগ্রেডিং
upholstery	আপোলস্টারি
upload	আপলোড
uploaded	আপলোডিড
uploading	আপলোডিং
uploads	আপলোডজ
upon	আপন
upper	আপার
upright	আপ্রাইট
ups	আপস
upscale	আপস্কেল
upset	আপসেট
upside	আপসাইড
upstairs	আপস্টের্জ
upstream	আপস্ট্রিম
uptake	আপ্টেক
uptown	আপ্টাউন
upward	আপোয়ার্ড
upwards	আপোয়ার্ডজ
ur	আর
uranium	ইয়ারেনিয়াম
urban	আর্বান
urbana	আরব্যানা
urge	আর্জ
urged	আর্জড
urgency	আর্জনসি
urgent	আর্জন্ট
urges	আর্জজ
urging	আর্জিং
uri	ইয়ারি
urinary	ইয়ারিনেরি
urine	ইয়ারিন
url	ইউঅরেল
urls	ইউঅরেলজ
urn	আর্ন
urology	ইয়ারলজি
uruguay	ইয়ারাগোয়ে
us	আস
usa	ইউএসে
usable	ইউজবল
usage	ইউসাজ
usaid	ইউএসেড
usb	ইউএসবি
usda	ইউএসডিএ
use	ইউস
used	ইউজড
useful	ইউসফল
usefulness	ইউসফলনস
useless	ইউসলস
usenet	ইউজনেট
user	ইউজার
username	ইউজারনেম
users	ইউজার্জ
uses	ইউসজ
usher	আশার
using	ইউজিং
uss	ইউএসেস
ussr	ইউএসেসোর
usual	ইউজওয়ল
usually	ইউজওয়লি
utah	ইউট
utensils	ইউটেনসিলজ
utilities	ইউটিলিটিজ
utility	ইউটিলিটি
utilization	ইউটিলিজেশন
utilize	ইউটিলাইজ
utilized	ইউটিলাইজড
utilizes	ইউটলাইজিজ
utilizing	ইউটিলাইজিং
utmost	আটমোস্ট
utopia	ইউটোপিয়া
utter	আটার
utterly	আটারলি
uv	ইউভি
uzbekistan	উজবেকিস্ট্যান
v	ভি
vacancies	ভেকানসিজ
vacancy	ভেকানসি
vacant	ভেকান্ট
vacation	ভেকেশন
vacations	ভেকেশনজ
vaccination	ভ্যাক্সিনেশন
vaccine	ভ্যাক্সিন
vaccines	ভ্যাক্সিনজ
vacuum	ভ্যাকিউম
vagina	ভাজাইনা
vaginal	ভাজাইনাল
vague	ভেগ
vail	ভেল
vain	ভেন
val	ভ্যাল
vale	ভেল
valencia	ভলেনসিয়া
valentine	ভ্যালেন্টাইন
valentines	ভ্যালেন্টাইনজ
valentino	ভ্যালেন্টিনো
valerie	ভ্যালারি
valet	ভ্যালে
valid	ভ্যালিড
validate	ভ্যালিডেট
validated	ভ্যালডেটিড
validation	ভ্যালিডেশন
validity	ভালিডিটি
valium	ভেলিয়াম
vallarta	ভ্যালার্টা
valley	ভ্যালি
valleys	ভ্যালিজ
valuable	ভ্যালিয়বল
valuation	ভ্যালিউএশন
value	ভ্যালিউ
valued	ভ্যালিউড
values	ভ্যালিউজ
valve	ভ্যালভ
valves	ভ্যালভজ
vampire	ভ্যাম্পাইর
vampires	ভ্যাম্পাইর্জ
van	ভ্যান
vance	ভ্যানস
vancouver	ভ্যানকুভার
vanderbilt	ভ্যান্ডারবিল্ট
vanessa	ভানেসা
vanguard	ভ্যানগার্ড
vanilla	ভানিলা
vanity	ভ্যানিটি
vans	ভ্যানজ
vantage	ভ্যান্টাজ
vanuatu	ভ্যানুআটু
vapor	ভেপার
variability	ভেরিয়াবিলিটি
variable	ভেরিয়াবল
variables	ভেরিয়াবলজ
variance	ভেরিয়ানস
variant	ভেরিয়ান্ট
variants	ভেরিয়ান্টস
variation	ভেরিয়েশন
variations	ভেরিয়েশনজ
varied	ভেরিড
varies	ভেরিজ
varieties	ভারাইঅটিজ
variety	ভারাইঅটি
various	ভেরিয়াস
varsity	ভার্সিটি
vary	ভেরি
varying	ভেরিইং
vascular	ভ্যাস্কিয়লার
vase	ভেস
vases	ভেসজ
vast	ভ্যাস্ট
vat	ভ্যাট
vatican	ভ্যাটিকান
vaughan	ভন
vaughn	ভন
vault	ভল্ট
vaults	ভল্টস
vauxhall	ভাক্সহল
ve	ভি
vector	ভেক্টার
vectors	ভেক্টার্জ
vega	ভেগা
vegan	ভেগান
vegas	ভেগাস
vegetable	ভেজটেবাল
vegetables	ভেজটেবালজ
vegetarian	ভেজটেরিয়ান
vegetation	ভেজেটেশন
vehicle	ভিহিকল
vehicles	ভিহিকলজ
veil	ভেল
vein	ভেন
veins	ভেনজ
velcro	ভেলক্রো
velocity	ভেলসিটি
velvet	ভেলভেট
vending	ভেন্ডিং
vendor	ভেন্ডার
vendors	ভেন্ডার্জ
venetian	ভেনিশন
venezuela	ভেনেজোয়েলা
vengeance	ভেন্জনস
venice	ভেনিস
venom	ভেনম
vent	ভেন্ট
ventilation	ভেন্টিলেশন
ventricular	ভেন্ট্রিকিউলার
ventura	ভেন্চারা
venture	ভেন্চার
ventures	ভেন্চার্জ
venue	ভেনিউ
venues	ভেনিউজ
venus	ভিনাস
ver	ভার
vera	ভেরা
verb	ভার্ব
verbal	ভার্বাল
verbatim	ভারবেটিম
verbs	ভার্বজ
verde	ভার্ডি
verdict	ভার্ডিক্ট
verification	ভেরিফিকেশন
verified	ভেরিফাইড
verify	ভেরিফাই
verifying	ভেরিফাইইং
verizon	ভেরাইজন
verlag	ভার্ল্যাগ
vermont	ভারমন্ট
vernon	ভার্নন
verona	ভারোনা
veronica	ভারনিকা
versa	ভার্সা
versace	ভারসাচে
versatile	ভার্সাটিল
verse	ভার্স
verses	ভার্সজ
version	ভার্জন
versions	ভার্জনজ
versus	ভার্সাস
vertex	ভার্টেক্স
vertical	ভার্টিকাল
vertically	ভার্টিকলি
vertices	ভার্টিসিজ
very	ভেরি
vessel	ভেসেল
vessels	ভেসেলজ
vest	ভেস্ট
vested	ভেস্টিড
vests	ভেস্টস
vet	ভেট
veteran	ভেটারান
veterans	ভেটারানজ
veterinary	ভেট্রনেরি
veto	ভিটো
vets	ভেটস
vi	ভাই
via	ভাইআ
viability	ভাইঅবিলটি
viable	ভাইঅবল
viagra	ভিঅ্যাগ্রা
vibe	ভাইব
vibrant	ভাইব্রান্ট
vibrating	ভাইব্রেটিং
vibration	ভাইব্রেশন
vibrator	ভাইব্রেটার
vibrators	ভাইব্রেটার্জ
vic	ভিক
vice	ভাইস
vicinity	ভিসিনিটি
vicious	ভিশিস
vicki	ভিকি
victim	ভিক্টিম
victims	ভিক্টিমজ
victor	ভিক্টার
victorian	ভিক্টরিয়ান
victories	ভিক্টারিজ
victory	ভিক্টারি
vida	ভাইডা
videos	ভিডিওজ
videotape	ভিডিওটেপ
vie	ভাই
vienna	ভিয়েনা
viet	ভিয়েট
vietnam	ভিয়েটনাম
vietnamese	ভিয়েটনামিস
view	ভিউ
viewed	ভিউড
viewer	ভিউআর
viewers	ভিউআর্জ
viewing	ভিউইং
viewpoint	ভিউপয়ন্ট
viewpoints	ভিউপয়ন্টস
views	ভিউজ
vigorous	ভিগারস
viking	ভাইকিং
vikings	ভাইকিংজ
villa	ভিলা
village	ভিলাজ
villagers	ভিলাজার্জ
villages	ভিলজজ
villas	ভিলাজ
ville	ভিল
vin	ভিন
vince	ভিনস
vincent	ভিনসেন্ট
vinci	ভিনসি
vine	ভাইন
vinegar	ভিনেগার
vines	ভাইনজ
vineyard	ভিনিয়ার্ড
vineyards	ভিনিয়ার্ডজ
vintage	ভিন্টাজ
vinyl	ভাইনিল
viola	ভাইওলা
violate	ভাইঅলেট
violated	ভাইঅলেটিড
violates	ভাইঅলেটস
violating	ভাইঅলেটিং
violation	ভাইঅলেশন
violations	ভাইঅলেশনজ
violence	ভাইঅলনস
violent	ভাইঅলন্ট
violet	ভাইঅলিট
violin	ভাইঅলিন
vip	ভিআইপি
viper	ভাইপার
viral	ভাইরাল
virgin	ভার্জিন
virginia	ভারজিনিয়া
virgins	ভার্জনজ
virtual	ভার্চুঅল
virtually	ভার্চুঅলি
virtue	ভার্চু
virtues	ভার্চুজ
virus	ভাইরাস
viruses	ভাইরসজ
vis	ভিস
visa	ভিজা
visas	ভিজাজ
visibility	ভিজিবিলিটি
visible	ভিজবল
vision	ভিজন
visionary	ভিজনেরি
visions	ভিজনজ
visit	ভিজিট
visitation	ভিজিটেশন
visited	ভিজিটিড
visiting	ভিজিটিং
visitor	ভিজিটার
visitors	ভিজিটার্জ
visits	ভিজিটস
visor	ভাইজার
vista	ভিস্টা
visual	ভিজওয়ল
visualization	ভিজোয়লিজেশন
visually	ভিজোয়লি
vita	ভাইটা
vitae	ভাইটা
vital	ভাইটাল
vitality	ভাইট্যালিটি
vitamin	ভাইটামিন
vitamins	ভাইটামিনজ
vitro	ভিট্রো
viva	ভিভা
vivian	ভিভিয়ান
vivid	ভিভিড
vivo	ভিভো
vladimir	ভ্ল্যাডিমির
vo	ভো
vocabulary	ভোক্যাবিয়লেরি
vocal	ভোকাল
vocals	ভোকালজ
vocational	ভোকেশনাল
vodafone	ভোডাফোন
vodka	ভডকা
vogue	ভোগ
voice	ভয়স
voicemail	ভয়সমেল
voices	ভয়সজ
void	ভয়ড
volatile	ভলাটিল
volatility	ভলাটিলিটি
volcanic	ভলক্যানিক
volcano	ভলকেনো
volkswagen	ভোলক্সোয়্যাগেন
volleyball	ভলিবল
volt	ভোল্ট
voltage	ভোল্টাজ
volts	ভোল্টস
volume	ভলিউম
volumes	ভলিউমজ
voluntarily	ভলান্টেরিলি
voluntary	ভলান্টারি
volunteer	ভলান্টির
volunteering	ভলান্টিরিং
volunteers	ভলান্টির্জ
volvo	ভোলভো
vomiting	ভমিটিং
von	ভন
voodoo	ভুডু
vortex	ভর্টেক্স
vos	ভস
vote	ভোট
voted	ভোটিড
voter	ভোটার
voters	ভোটার্জ
votes	ভোটস
voting	ভোটিং
voucher	ভাউচার
vouchers	ভাউচার্জ
vous	ভু
vows	ভাউজ
vox	ভক্স
voyage	ভয়আজ
voyager	ভয়আজার
voyer	ভয়আর
voyeur	ভয়ইউর
vp	ভিপি
vs	ভিএস
vu	ভু
vuitton	ভুটন
vulnerabilities	ভলনারাবিলিটিজ
vulnerability	ভলনারাবিলিটি
vulnerable	ভালনারবল
w	ডাবলিউ
wa	ওয়া
wacky	ওয়্যাকি
waco	ওয়েকো
wade	ওয়েড
wage	ওয়েজ
wagering	ওয়েজারিং
wages	ওয়েজজ
wagner	ওয়্যাগনার
wagon	ওয়্যাগন
wai	ওয়াই
waist	ওয়েস্ট
waited	ওয়েটিড
waiting	ওয়েটিং
waits	ওয়েটস
waive	ওয়েভ
waived	ওয়েভড
waiver	ওয়েভার
wake	ওয়েক
wakefield	ওয়েকফিল্ড
waking	ওয়েকিং
wal	ওয়াল
walden	ওয়াল্ডেন
wales	ওয়েলজ
walk	ওয়াক
walked	ওয়াক্ট
walker	ওয়াকার
walking	ওয়াকিং
walkman	ওয়াকম্যান
walks	ওয়াক্স
wall	ওয়াল
wallace	ওয়ালাস
wallet	ওয়ালেট
wallets	ওয়ালেটস
wallis	ওয়ালিস
wallpaper	ওয়ালপেপার
wallpapers	ওয়ালপেপার্জ
walls	ওয়ালজ
walmart	ওয়ালমার্ট
walnut	ওয়ালনট
walsh	ওয়ালশ
walt	ওয়াল্ট
walter	ওয়াল্টার
walters	ওয়াল্টার্জ
waltham	ওয়ালথাম
walton	ওয়াল্টন
waltz	ওয়াল্টস
wan	ওয়ান
wand	ওয়ান্ড
wander	ওয়ান্ডার
wandering	ওয়ান্ডারিং
wang	ওয়্যাং
wanna	ওয়ানা
want	ওয়ান্ট
wanted	ওন্টিড
wanting	ওয়ান্টিং
wants	ওয়ান্টস
war	ওয়ার
warcraft	ওয়ার্ক্রাফট
ward	ওয়ার্ড
wardrobe	ওয়ার্ড্রোব
wards	ওয়ার্ডজ
ware	ওয়ের
warehouse	ওয়ের্হাউস
warehouses	ওয়ের্হাউজজ
warehousing	ওয়ের্হাউজিং
warez	ওয়ের্জ
warfare	ওয়ার্ফেয়ার
warm	ওয়ার্ম
warmer	ওয়ার্মার
warming	ওয়ার্মিং
warmth	ওয়ার্মথ
warn	ওয়ার্ন
warned	ওয়ার্ন্ড
warner	ওয়ার্নার
warning	ওয়ার্নিং
warnings	ওয়ার্নিংজ
warns	ওয়ার্নজ
warp	ওয়ার্প
warrant	ওয়ারান্ট
warranted	ওরন্টিড
warranties	ওয়ারান্টিজ
warrants	ওয়ারান্টস
warranty	ওয়ারান্টি
warren	ওয়ারেন
warrior	ওরিআর
warriors	ওরিআর্জ
wars	ওয়ার্জ
warsaw	ওয়ার্স
warwick	ওয়ারুইক
was	ওয়াজ
wash	ওয়াশ
washable	ওয়াশবল
washed	ওয়াশট
washer	ওয়াশার
washers	ওয়াশার্জ
washing	ওয়াশিং
washington	ওয়াশিংটন
waste	ওয়েস্ট
wasted	ওয়েস্টিড
wastes	ওয়েস্টস
wastewater	ওয়েস্টোয়টার
wasting	ওয়েস্টিং
wat	ওয়াট
watch	ওয়াচ
watchdog	ওয়াচডগ
watched	ওয়াচট
watchers	ওয়াচার্জ
watches	ওয়াচজ
watching	ওয়াচিং
watercolor	ওয়াটারকলার
waterfall	ওয়াটারফল
waterford	ওয়াটারফার্ড
waterfront	ওয়াটারফ্রন্ট
watering	ওয়াটারিং
waterloo	ওয়াটারলু
waterproof	ওয়াটারপ্রুফ
waters	ওয়াটার্জ
watershed	ওটারশেড
watertown	ওয়াটারটাউন
waterways	ওয়াটারোয়েজ
watkins	ওয়াটকিনজ
watson	ওয়াটসন
watt	ওয়াট
watts	ওয়াটস
wave	ওয়েভ
waveform	ওয়েভফর্ম
wavelength	ওয়েভলেংথ
waves	ওয়েভজ
wax	ওয়্যাক্স
way	ওয়ে
wayne	ওয়েন
ways	ওয়েজ
we	উই
weak	উইক
weaker	উইকার
weakness	উইকনেস
weaknesses	উইকনসজ
wealth	ওয়েলথ
wealthy	ওয়েলথি
weapon	ওয়েপন
weapons	ওয়েপনজ
wear	ওয়ের
wearing	ওয়েরিং
wears	ওয়ের্জ
weary	উইরি
weather	ওয়েদার
weave	উইভ
weaver	উইভার
weaving	উইভিং
web	ওয়েব
webb	ওয়েব
weber	ওয়েবার
webinar	ওয়েবিনার
webmaster	ওয়েবম্যাস্টার
webmasters	ওয়েবম্যাস্টার্জ
webpage	ওয়েবপাজ
webs	ওয়েবজ
websites	ওয়েবসাইটস
webster	ওয়েবস্টার
wed	ওয়েড
wedding	ওয়েডিং
weddings	ওয়েডিংজ
wedge	ওয়েজ
wednesdays	ওয়েনজডেজ
wee	উই
weed	উইড
weeds	উইডজ
weekday	উইকডে
weekends	উইকেন্ডজ
weekly	উইকলি
weeks	উইক্স
wei	ওয়ে
weigh	ওয়ে
weighed	ওয়েড
weighing	ওয়েইং
weighs	ওয়েজ
weight	ওয়েট
weighted	ওয়েটিড
weighting	ওয়েটিং
weights	ওয়েটস
weir	উইর
weird	উইর্ড
weiss	ওয়াইস
welch	ওয়েলচ
welcome	ওয়েলকম
welcomed	ওয়েলকমড
welcomes	ওয়েলকমজ
welcoming	ওয়েলকমিং
weld	ওয়েল্ড
welding	ওয়েল্ডিং
welfare	ওয়েলফেয়ার
well	ওয়েল
wellington	ওয়েলিংটন
wellness	ওয়েলনেস
wells	ওয়েলজ
welsh	ওয়েলচ
wen	ওয়েন
wendy	ওয়েন্ডি
went	ওয়েন্ট
were	ওয়ার
werner	ওয়ার্নার
wes	ওয়েস
wesley	ওয়েসলি
wesleyan	ওয়েজলিয়ান
west	ওয়েস্ট
westchester	ওয়েস্টচেস্টার
western	ওয়েস্টার্ন
westerns	ওয়েস্টার্নজ
westfield	ওয়েস্টফিল্ড
westin	ওয়েস্টিন
westlife	ওয়েস্টলাইফ
westminster	ওয়েস্টমিনস্টার
weston	ওয়েস্টন
westport	ওয়েস্টপর্ট
westwood	ওয়েস্টুড
wet	ওয়েট
wetland	ওয়েটল্যান্ড
wetlands	ওয়েটল্যান্ডজ
weymouth	ওয়েমথ
whale	ওয়েল
whales	ওয়েলজ
wharf	ওয়ার্ফ
whatever	ওয়টেভার
whats	ওয়টস
whatsoever	ওয়টসোএভার
wheat	উইট
wheaton	উইটন
wheel	উইল
wheelchair	উইলচেয়ার
wheeled	উইল্ড
wheeler	উইলার
wheels	উইলজ
whenever	ওয়েনেভার
whereas	ওয়েরাজ
whereby	ওয়ের্বাই
wherein	ওয়েরিন
wherever	ওয়েরেভার
whether	ওয়েদার
whichever	উইচেভার
while	ওয়াইল
whilst	ওয়াইলস্ট
whip	উইপ
whipped	উইপ্ট
whipping	উইপিং
whirlpool	ওয়ার্লপুল
whiskey	উইস্কি
whisky	উইস্কি
whisper	উইসপার
whispered	উইসপার্ড
whistle	উইসল
whistler	উইসলার
white	ওয়াইট
whites	ওয়াইটস
whitewater	ওয়াইটোয়টার
whitman	উইটমান
whitney	উইটনি
who	হু
whoever	হুএভার
whole	হোল
wholesale	হোলসেল
wholesaler	হোলসেলার
wholesalers	হোলসেলার্জ
wholly	হোলি
whom	হুম
whore	হর
whores	হর্জ
whose	হুজ
why	ওয়াই
wichita	উইচিট
wicked	উইকড
wicker	উইকার
wide	ওয়াইড
widely	ওয়াইডলি
widening	ওয়াইডেনিং
wider	ওয়াইডার
widespread	ওয়াইডসপ্রেড
widest	ওয়াইডেস্ট
widget	উইজেট
widgets	উইজেটস
widow	উইডো
width	উইডথ
wien	উইন
wife	ওয়াইফ
wifi	ওয়াইফাই
wig	উইগ
wight	ওয়াইট
wigs	উইগজ
wiki	উইকি
wikipedia	উইকিপিডিয়া
wil	উইল
wilcox	উইলকক্স
wild	ওয়াইল্ড
wildcats	ওয়াইল্ডক্যাটস
wilde	ওয়াইল্ড
wilder	ওয়াইল্ডার
wilderness	উইল্ডারনেস
wildlife	ওয়াইল্ডলাইফ
wiley	ওয়াইলি
wilhelm	উইলহেলম
wilkes	উইলক্স
wilkins	উইলকিনজ
wilkinson	উইলকিনসন
will	উইল
willard	উইলার্ড
willi	উইলি
william	উইলিয়ম
williams	উইলিয়মজ
williamsburg	উইলিয়মজবার্গ
willie	উইলি
willing	উইলিং
willingness	উইলিংনেস
willis	উইলিস
willow	উইলো
wills	উইলজ
willy	উইলি
wilmington	উইলমিংটন
wilson	উইলসন
wilton	উইল্টন
wiltshire	উইলচাইর
wimbledon	উইমবেল্ডন
win	উইন
winchester	উইন্চেস্টার
wind	ওয়াইন্ড
winding	ওয়াইন্ডিং
window	উইন্ডো
windows	উইন্ডোজ
winds	উইন্ডজ
windshield	উইন্ডশিল্ড
windsor	উইনজার
windy	উইন্ডি
wine	ওয়াইন
winery	ওয়াইনারি
wines	ওয়াইনজ
wing	উইং
winged	উইংড
wings	উইংজ
wink	উইংক
winner	উইনার
winners	উইনার্জ
winnie	উইনি
winning	উইনিং
winnipeg	উইনিপেগ
wins	উইনজ
winston	উইনস্টন
winter	উইন্টার
winters	উইন্টার্জ
wipe	ওয়াইপ
wire	ওয়াইআর
wired	ওয়াইআর্ড
wireless	ওয়াইর্লিস
wires	ওয়াইআর্জ
wiring	ওয়াইরিং
wisconsin	উইস্কনসিন
wisdom	উইজডম
wise	ওয়াইজ
wisely	ওয়াইজলি
wish	উইশ
wished	উইশট
wishes	উইশিজ
wishing	উইশিং
wishlist	উইশলিস্ট
wit	উইট
witch	উইচ
witches	উইচজ
withdraw	উইদড্র
withdrawal	উইদড্রআল
withdrawn	উইথড্রন
withheld	উইথহেল্ড
withholding	উইথহোল্ডিং
within	উইদিন
without	উইথাউট
withstand	উইথস্ট্যান্ড
witness	উইটনেস
witnessed	উইটনেস্ট
witnesses	উইটনসজ
witty	উইটি
wives	ওয়াইভজ
wizard	উইজার্ড
wizards	উইজার্ডজ
wm	উইলিয়ম
wo	ও
woes	ওজ
woke	ওক
wolf	উলফ
wolfe	উলফ
wolfgang	উলফগ্যাং
wolves	উলভজ
woman	উমান
women	উইমেন
won	ওয়ান
wonder	ওয়ান্ডার
wondered	ওয়ান্ডার্ড
wonderful	ওয়ান্ডারফাল
wonderfully	ওয়ান্ডারফালি
wondering	ওয়ান্ডারিং
wonderland	ওয়ান্ডারল্যান্ড
wonders	ওয়ান্ডার্জ
wong	ওং
wont	ওন্ট
woo	উ
wood	উড
wooden	উডেন
woodland	উডল্যান্ড
woodlands	উডল্যান্ডজ
woods	উডজ
woodstock	উডস্টক
woodward	উডোয়ার্ড
woodworking	উডোয়ার্কিং
woody	উডি
wool	উল
worcester	উস্টার
worcestershire	উস্টারশার
word	ওয়ার্ড
wording	ওয়ার্ডিং
wordpress	ওয়ার্ডপ্রেস
words	ওয়ার্ডজ
wore	ওর
workaround	ওয়ার্কারাউন্ড
workbook	ওয়ার্কবুক
worked	ওয়ার্ক্ট
worker	ওয়ার্কার
workers	ওয়ার্কার্জ
workflow	ওয়ার্কফ্লো
workforce	ওয়ার্কফর্স
workgroup	ওয়ার্কগ্রুপ
working	ওয়ার্কিং
workload	ওয়ার্ক্লোড
workout	ওয়ার্কাউট
workplace	ওয়ার্কপ্লেস
works	ওয়ার্ক্স
worksheet	ওয়ার্কশিট
worksheets	ওয়ার্কশিটস
workshop	ওয়ার্কশপ
workshops	ওয়ার্কশপস
workspace	ওয়ার্ক্স্পেস
workstation	ওয়ার্ক্স্টেশন
workstations	ওয়ার্ক্স্টেশনজ
world	ওয়ার্ল্ড
worlds	ওয়ার্ল্ডজ
worldwide	ওয়ার্ল্ডোয়াইড
worm	ওয়ার্ম
worms	ওয়ার্মজ
worn	ওর্ন
worried	ওয়ারিড
worries	ওয়ারিজ
worry	ওয়ারি
worrying	ওয়ারিইং
worse	ওয়ার্স
worship	ওয়ার্শিপ
worst	ওয়ার্স্ট
worth	ওয়ার্থ
worthwhile	ওয়ার্থোয়াইল
worthy	ওয়ার্দি
would	উড
wound	ওয়াউন্ড
wounded	উন্ডিড
wounds	উন্ডজ
woven	ওভেন
wow	ওয়াউ
wrap	রাপ
wrapped	রাপ্ট
wrapper	রাপার
wrapping	রাপিং
wraps	রাপস
wrath	রাথ
wreck	রেক
wrench	রেন্চ
wrestling	রেসলিং
wretch	রেচ
wright	রাইট
wrist	রিস্ট
writ	রিট
write	রাইট
writer	রাইটার
writers	রাইটার্জ
writes	রাইটস
writing	রাইটিং
writings	রাইটিংজ
written	রিটেন
wrong	রং
wrongful	রংফাল
wrote	রোট
wrought	রট
ws	ডাবলিউএস
wu	উ
wy	ওয়ে
wyatt	ওয়াইআট
wyndham	উইন্ডাম
wyoming	ওয়াইওমিং
x	এক্স
xanax	জ্যান্যাক্স
xavier	জেভিয়ার
xbox	এক্সবোক্স
xerox	জিরক্স
xi	শি
xml	এক্সেমেল
xu	জু
y	ওয়াই
ya	ইয়া
yacht	ইয়াট
yachts	ইয়াটস
yahoo	ইয়োহু
yakima	ইয়্যাকিমা
yale	ইয়েল
yamaha	ইয়ামাহা
yan	ইয়্যান
yang	ইয়্যাং
yankee	ইয়্যাংকি
yankees	ইয়্যাংকিজ
yard	ইয়ার্ড
yards	ইয়ার্ডজ
yarn	ইয়ার্ন
yates	ইয়েটস
yay	ইয়ে
ye	ইয়ি
yea	ইয়ে
yeah	ইয়্যা
year	ইয়ির
yearbook	ইয়ির্বুক
yearly	ইয়ির্লি
years	ইয়ির্জ
yeast	ইয়িস্ট
yell	ইয়েল
yellow	ইয়েলো
yellowstone	ইয়েলোস্টোন
yemen	ইয়েমেন
yen	ইয়েন
yep	ইয়েপ
yer	ইয়ার
yes	ইয়েস
yesterday	ইয়েস্টারডে
yet	ইয়েট
yi	ইয়ি
yield	ইয়িল্ড
yielded	ইয়িল্ডিড
yielding	ইয়িল্ডিং
yields	ইয়িল্ডজ
yin	ইয়িন
yo	ইয়ো
yoga	ইয়োগা
yogurt	ইয়োগার্ট
york	ইয়র্ক
yorker	ইয়র্কার
yorkshire	ইয়র্কশার
yosemite	ইয়োসেমিটি
you	ইউ
young	ইয়াং
younger	ইয়াংগার
youngest	ইয়াংগেস্ট
yours	ইউর্জ
yourself	ইয়ার্সেলফ
yourselves	ইউর্সেলভজ
youth	ইউথ
youths	ইউদজ
yu	ইউ
yuan	ইউআন
yugoslav	ইউগোসলোভ
yugoslavia	ইউগোসলোভিয়া
yukon	ইউকন
yum	ইয়াম
yummy	ইয়ামি
yup	ইয়াপ
yves	ইভ
z	জি
zach	জ্যাক
zaire	জাইইর
zambia	জ্যামবিয়া
zealand	জিলান্ড
zebra	জিব্রা
zelda	জেল্ডা
zen	জেন
zenith	জিনিথ
zeppelin	জেপেলিন
zero	জিরো
zeta	জেটা
zhang	জ্যাং
ziff	জিফ
zimbabwe	জিমবাবোয়ে
zinc	জিংক
zine	জাইন
zion	জাইঅন
zip	জিপ
zipper	জিপার
zodiac	জোডিঅ্যাক
zoe	জোই
zoloft	জলফট
zombie	জমবি
zone	জোন
zones	জোনজ
zoning	জোনিং
zoo	জু
zoology	জোঅলজি
zoom	জুম
zurich	জুরিক
